country,state,city,is_popular,is_nearby
India,Andaman and Nicobar Islands,Bamboo Flat,1,1
India,Andaman and Nicobar Islands,Nicobar,0,0
India,Andaman and Nicobar Islands,Port Blair,1,0
India,Andaman and Nicobar Islands,South Andaman,0,1
India,Andhra Pradesh,Addanki,0,0
India,Andhra Pradesh,Adoni,0,0
India,Andhra Pradesh,Akasahebpet,0,0
India,Andhra Pradesh,Akividu,0,0
India,Andhra Pradesh,Akkarampalle,0,0
India,Andhra Pradesh,Amalapuram,0,0
India,Andhra Pradesh,Amudalavalasa,0,0
India,Andhra Pradesh,Anakapalle,0,0
India,Andhra Pradesh,Anantapur,0,0
India,Andhra Pradesh,Atmakur,0,0
India,Andhra Pradesh,Attili,0,0
India,Andhra Pradesh,Avanigadda,0,0
India,Andhra Pradesh,Badvel,0,0
India,Andhra Pradesh,Banganapalle,0,0
India,Andhra Pradesh,Bapatla,0,0
India,Andhra Pradesh,Betamcherla,0,0
India,Andhra Pradesh,Bhattiprolu,0,0
India,Andhra Pradesh,Bhimavaram,0,0
India,Andhra Pradesh,Bhimunipatnam,0,0
India,Andhra Pradesh,Bobbili,0,0
India,Andhra Pradesh,Challapalle,0,0
India,Andhra Pradesh,Chemmumiahpet,0,0
India,Andhra Pradesh,Chilakalurupet,0,0
India,Andhra Pradesh,Chinnachowk,0,0
India,Andhra Pradesh,Chipurupalle,0,0
India,Andhra Pradesh,Chirala,0,0
India,Andhra Pradesh,Chittoor,0,0
India,Andhra Pradesh,Chodavaram,0,0
India,Andhra Pradesh,Cuddapah,0,0
India,Andhra Pradesh,Cumbum,0,0
India,Andhra Pradesh,Darsi,0,0
India,Andhra Pradesh,Dharmavaram,0,0
India,Andhra Pradesh,Dhone,0,0
India,Andhra Pradesh,Diguvametta,0,0
India,Andhra Pradesh,East Godavari,0,0
India,Andhra Pradesh,Elamanchili,0,0
India,Andhra Pradesh,Ellore,0,0
India,Andhra Pradesh,Emmiganur,0,0
India,Andhra Pradesh,Erraguntla,0,0
India,Andhra Pradesh,Etikoppaka,0,0
India,Andhra Pradesh,Gajuwaka,0,0
India,Andhra Pradesh,Ganguvada,0,0
India,Andhra Pradesh,Gannavaram,0,0
India,Andhra Pradesh,Giddalur,0,0
India,Andhra Pradesh,Gokavaram,0,0
India,Andhra Pradesh,Gorantla,0,0
India,Andhra Pradesh,GovindapuramChilakaluripetGuntur,0,0
India,Andhra Pradesh,Gudivada,0,0
India,Andhra Pradesh,Gudlavalleru,0,0
India,Andhra Pradesh,Gudur,0,0
India,Andhra Pradesh,Guntakal Junction,0,0
India,Andhra Pradesh,Guntur,0,0
India,Andhra Pradesh,Hindupur,0,0
India,Andhra Pradesh,Ichchapuram,0,0
India,Andhra Pradesh,Jaggayyapeta,0,0
India,Andhra Pradesh,Jammalamadugu,0,0
India,Andhra Pradesh,Kadiri,0,0
India,Andhra Pradesh,Kaikalur,0,0
India,Andhra Pradesh,Kakinada,0,0
India,Andhra Pradesh,Kalyandurg,0,0
India,Andhra Pradesh,Kamalapuram,0,0
India,Andhra Pradesh,Kandukur,0,0
India,Andhra Pradesh,Kanigiri,0,0
India,Andhra Pradesh,Kankipadu,0,0
India,Andhra Pradesh,Kanuru,0,0
India,Andhra Pradesh,Kavali,0,0
India,Andhra Pradesh,Kolanukonda,0,0
India,Andhra Pradesh,Kondapalle,0,0
India,Andhra Pradesh,Korukollu,0,0
India,Andhra Pradesh,Kosigi,0,0
India,Andhra Pradesh,Kovvur,0,0
India,Andhra Pradesh,Krishna,0,0
India,Andhra Pradesh,Kuppam,0,0
India,Andhra Pradesh,Kurnool,0,0
India,Andhra Pradesh,Macherla,0,0
India,Andhra Pradesh,Machilipatnam,0,0
India,Andhra Pradesh,Madanapalle,0,0
India,Andhra Pradesh,Madugula,0,0
India,Andhra Pradesh,Mandapeta,0,0
India,Andhra Pradesh,Mandasa,0,0
India,Andhra Pradesh,Mangalagiri,0,0
India,Andhra Pradesh,Markapur,0,0
India,Andhra Pradesh,Nagari,0,0
India,Andhra Pradesh,Nagireddipalli,0,0
India,Andhra Pradesh,Nandigama,0,0
India,Andhra Pradesh,Nandikotkur,0,0
India,Andhra Pradesh,Nandyal,0,0
India,Andhra Pradesh,Narasannapeta,0,0
India,Andhra Pradesh,Narasapur,0,0
India,Andhra Pradesh,Narasaraopet,0,0
India,Andhra Pradesh,Narasingapuram,0,0
India,Andhra Pradesh,Narayanavanam,0,0
India,Andhra Pradesh,Narsipatnam,0,0
India,Andhra Pradesh,Nayudupet,0,0
India,Andhra Pradesh,Nellore,0,0
India,Andhra Pradesh,Nidadavole,0,0
India,Andhra Pradesh,Nuzvid,0,0
India,Andhra Pradesh,Ongole,0,0
India,Andhra Pradesh,Pakala,0,0
India,Andhra Pradesh,Palakollu,0,0
India,Andhra Pradesh,Palasa,0,0
India,Andhra Pradesh,Palkonda,0,0
India,Andhra Pradesh,Pallevada,0,0
India,Andhra Pradesh,Palmaner,0,0
India,Andhra Pradesh,Parlakimidi,0,0
India,Andhra Pradesh,Parvatipuram,0,0
India,Andhra Pradesh,Pavuluru,0,0
India,Andhra Pradesh,Pedana,0,0
India,Andhra Pradesh,pedda nakkalapalem,0,0
India,Andhra Pradesh,Peddapuram,0,0
India,Andhra Pradesh,Penugonda,0,0
India,Andhra Pradesh,Penukonda,0,0
India,Andhra Pradesh,Phirangipuram,0,0
India,Andhra Pradesh,Pippara,0,0
India,Andhra Pradesh,Pithapuram,0,0
India,Andhra Pradesh,Polavaram,0,0
India,Andhra Pradesh,Ponnur,0,0
India,Andhra Pradesh,Ponnuru,0,0
India,Andhra Pradesh,Prakasam,0,0
India,Andhra Pradesh,Proddatur,0,0
India,Andhra Pradesh,Pulivendla,0,0
India,Andhra Pradesh,Punganuru,0,0
India,Andhra Pradesh,Puttaparthi,0,0
India,Andhra Pradesh,Puttur,0,0
India,Andhra Pradesh,Rajahmundry,0,0
India,Andhra Pradesh,Ramachandrapuram,0,0
India,Andhra Pradesh,Ramanayyapeta,0,0
India,Andhra Pradesh,Ramapuram,0,0
India,Andhra Pradesh,Rampachodavaram,0,0
India,Andhra Pradesh,Rayachoti,0,0
India,Andhra Pradesh,Rayadrug,0,0
India,Andhra Pradesh,Razam,0,0
India,Andhra Pradesh,Razampeta,0,0
India,Andhra Pradesh,Razole,0,0
India,Andhra Pradesh,Renigunta,0,0
India,Andhra Pradesh,Repalle,0,0
India,Andhra Pradesh,Salur,0,0
India,Andhra Pradesh,Samalkot,0,0
India,Andhra Pradesh,Sattenapalle,0,0
India,Andhra Pradesh,Singarayakonda,0,0
India,Andhra Pradesh,Sompeta,0,0
India,Andhra Pradesh,Srikakulam,0,0
India,Andhra Pradesh,Srisailain,0,0
India,Andhra Pradesh,Suluru,0,0
India,Andhra Pradesh,Tadepalle,0,0
India,Andhra Pradesh,Tadepallegudem,0,0
India,Andhra Pradesh,Tadpatri,0,0
India,Andhra Pradesh,Tanuku,0,0
India,Andhra Pradesh,Tekkali,0,0
India,Andhra Pradesh,Tirumala,0,0
India,Andhra Pradesh,Tirupati,0,0
India,Andhra Pradesh,Tuni,0,0
India,Andhra Pradesh,Uravakonda,0,0
India,Andhra Pradesh,vadlamuru,0,0
India,Andhra Pradesh,Vadlapudi,0,0
India,Andhra Pradesh,Venkatagiri,0,0
India,Andhra Pradesh,Vepagunta,0,0
India,Andhra Pradesh,Vetapalem,0,0
India,Andhra Pradesh,Vijayawada,1,0
India,Andhra Pradesh,Vinukonda,0,0
India,Andhra Pradesh,Visakhapatnam,0,1
India,Andhra Pradesh,Vizianagaram,0,0
India,Andhra Pradesh,Vizianagaram District,0,0
India,Andhra Pradesh,Vuyyuru,0,0
India,Andhra Pradesh,West Godavari,0,0
India,Andhra Pradesh,Yanam,0,0
India,Andhra Pradesh,Yanamalakuduru,0,0
India,Andhra Pradesh,Yarada,0,0
India,Arunachal Pradesh,Along,0,0
India,Arunachal Pradesh,Anjaw,0,0
India,Arunachal Pradesh,Basar,0,0
India,Arunachal Pradesh,Bomdila,0,0
India,Arunachal Pradesh,Changlang,0,0
India,Arunachal Pradesh,Dibang Valley,0,0
India,Arunachal Pradesh,East Kameng,0,0
India,Arunachal Pradesh,East Siang,0,0
India,Arunachal Pradesh,Hayuliang,0,0
India,Arunachal Pradesh,Itanagar,1,0
India,Arunachal Pradesh,Khonsa,0,0
India,Arunachal Pradesh,Kurung Kumey,0,0
India,Arunachal Pradesh,Lohit District,0,0
India,Arunachal Pradesh,Lower Dibang Valley,0,0
India,Arunachal Pradesh,Lower Subansiri,0,0
India,Arunachal Pradesh,Margherita,0,0
India,Arunachal Pradesh,Naharlagun,0,0
India,Arunachal Pradesh,Pasighat,0,0
India,Arunachal Pradesh,Tawang,0,1
India,Arunachal Pradesh,Tezu,0,0
India,Arunachal Pradesh,Tirap,0,0
India,Arunachal Pradesh,Upper Siang,0,0
India,Arunachal Pradesh,Upper Subansiri,0,0
India,Arunachal Pradesh,West Kameng,0,0
India,Arunachal Pradesh,West Siang,0,0
India,Arunachal Pradesh,Ziro,0,0
India,Assam,Abhayapuri,0,0
India,Assam,Amguri,0,0
India,Assam,Badarpur,0,0
India,Assam,Baksa,0,0
India,Assam,Barpathar,0,0
India,Assam,Barpeta,0,0
India,Assam,Barpeta Road,0,0
India,Assam,Basugaon,0,0
India,Assam,Bihpuriagaon,0,0
India,Assam,Bijni,0,0
India,Assam,Bilasipara,0,0
India,Assam,Bokajan,0,0
India,Assam,Bokakhat,0,0
India,Assam,Bongaigaon,0,0
India,Assam,Cachar,0,0
India,Assam,Chabua,0,0
India,Assam,Chapar,0,0
India,Assam,Chirang,0,0
India,Assam,Darrang,0,0
India,Assam,Dergaon,0,0
India,Assam,Dhekiajuli,0,0
India,Assam,Dhemaji,0,0
India,Assam,Dhing,0,0
India,Assam,Dhubri,0,0
India,Assam,Dibrugarh,0,0
India,Assam,Digboi,0,0
India,Assam,Dima Hasao District,0,0
India,Assam,Diphu,0,0
India,Assam,Dispur,0,0
India,Assam,Duliagaon,0,0
India,Assam,Dum Duma,0,0
India,Assam,Gauripur,0,0
India,Assam,Goalpara,0,0
India,Assam,Gohpur,0,0
India,Assam,Golaghat,0,0
India,Assam,Golakganj,0,0
India,Assam,Goshaingaon,0,0
India,Assam,Guwahati,0,0
India,Assam,Haflong,0,0
India,Assam,Hailakandi,0,0
India,Assam,Hajo,0,0
India,Assam,Hojai,0,0
India,Assam,Howli,0,0
India,Assam,Jogighopa,0,0
India,Assam,Jorhat,0,0
India,Assam,Kamrup,0,0
India,Assam,Kamrup Metropolitan,0,0
India,Assam,Karbi Anglong,0,0
India,Assam,Karimganj,0,0
India,Assam,Kharupatia,0,0
India,Assam,Kokrajhar,0,0
India,Assam,Lakhimpur,0,0
India,Assam,Lakhipur,0,0
India,Assam,Lala,0,0
India,Assam,Lumding Railway Colony,0,0
India,Assam,Mahur,0,0
India,Assam,Maibong,0,0
India,Assam,Makum,0,0
India,Assam,Mangaldai,0,0
India,Assam,Mariani,0,0
India,Assam,Moranha,0,0
India,Assam,Morigaon,0,0
India,Assam,Nagaon,0,0
India,Assam,Nahorkatiya,0,0
India,Assam,Nalbari,0,0
India,Assam,Namrup,0,0
India,Assam,Nazira,0,0
India,Assam,North Guwahati,0,0
India,Assam,North Lakhimpur,0,0
India,Assam,Numaligarh,0,0
India,Assam,Palasbari,0,0
India,Assam,Raha,0,0
India,Assam,Rangapara,0,0
India,Assam,Rangia,0,0
India,Assam,Sapatgram,0,0
India,Assam,Sarupathar,0,0
India,Assam,Sibsagar,0,0
India,Assam,Silapathar,0,0
India,Assam,Silchar,0,0
India,Assam,Soalkuchi,0,0
India,Assam,Sonari,0,0
India,Assam,Sonitpur,0,0
India,Assam,Sorbhog,0,0
India,Assam,Tezpur,0,0
India,Assam,Tinsukia,0,0
India,Assam,Titabar,0,0
India,Assam,Udalguri,0,0
India,Bihar,Amarpur,0,0
India,Bihar,Araria,0,0
India,Bihar,Arrah,0,0
India,Bihar,Arwal,0,0
India,Bihar,Asarganj,0,0
India,Bihar,Aurangabad,0,0
India,Bihar,Bagaha,0,0
India,Bihar,Bahadurganj,0,0
India,Bihar,Bairagnia,0,0
India,Bihar,Baisi,0,0
India,Bihar,Bakhtiyarpur,0,0
India,Bihar,Bangaon,0,0
India,Bihar,Banka,0,0
India,Bihar,Banmankhi,1,0
India,Bihar,Bar Bigha,0,0
India,Bihar,Barauli,0,0
India,Bihar,Barh,0,0
India,Bihar,Barhiya,0,0
India,Bihar,Bariarpur,0,0
India,Bihar,Baruni,0,0
India,Bihar,Begusarai,0,0
India,Bihar,Belsand,0,0
India,Bihar,Bettiah,0,0
India,Bihar,Bhabhua,0,0
India,Bihar,Bhagalpur,0,0
India,Bihar,Bhagirathpur,0,0
India,Bihar,Bhawanipur,0,0
India,Bihar,Bhojpur,0,0
India,Bihar,Bihar Sharif,0,0
India,Bihar,Bihariganj,0,0
India,Bihar,Bikramganj,0,0
India,Bihar,Birpur,0,0
India,Bihar,Buddh Gaya,0,0
India,Bihar,Buxar,0,0
India,Bihar,Chakia,0,0
India,Bihar,Chapra,0,0
India,Bihar,Chhatapur,0,0
India,Bihar,Colgong,0,0
India,Bihar,Dalsingh Sarai,0,0
India,Bihar,Darbhanga,0,0
India,Bihar,Daudnagar,0,0
India,Bihar,Dehri,0,0
India,Bihar,Dhaka,0,0
India,Bihar,Dighwara,0,0
India,Bihar,Dinapore,0,0
India,Bihar,Dumra,0,0
India,Bihar,Dumraon,0,0
India,Bihar,Fatwa,0,0
India,Bihar,Forbesganj,0,0
India,Bihar,Gaya,0,0
India,Bihar,Ghoga,0,0
India,Bihar,Gopalganj,0,0
India,Bihar,Hajipur,0,0
India,Bihar,Hilsa,0,0
India,Bihar,Hisua,0,0
India,Bihar,Islampur,0,0
India,Bihar,Jagdispur,0,0
India,Bihar,Jahanabad,0,0
India,Bihar,Jamalpur,0,0
India,Bihar,Jamui,0,0
India,Bihar,Jaynagar,0,0
India,Bihar,Jehanabad,0,0
India,Bihar,Jha-Jha,0,0
India,Bihar,Jhanjharpur,0,0
India,Bihar,Jogbani,0,0
India,Bihar,Kaimur District,0,0
India,Bihar,Kasba,0,0
India,Bihar,Katihar,0,0
India,Bihar,Khagaria,0,0
India,Bihar,Khagaul,0,0
India,Bihar,Kharagpur,0,0
India,Bihar,Khusropur,0,0
India,Bihar,Kishanganj,0,0
India,Bihar,Koath,0,0
India,Bihar,Koelwar,0,0
India,Bihar,Lakhisarai,0,0
India,Bihar,Lalganj,0,0
India,Bihar,Luckeesarai,0,0
India,Bihar,Madhepura,0,0
India,Bihar,Madhubani,0,1
India,Bihar,Maharajgani,0,0
India,Bihar,Mairwa,0,0
India,Bihar,Maner,0,0
India,Bihar,Manihari,0,0
India,Bihar,Marhaura,0,0
India,Bihar,Masaurhi Buzurg,0,0
India,Bihar,Mohiuddi nagar,0,0
India,Bihar,Mokameh,0,0
India,Bihar,Monghyr,0,0
India,Bihar,Mothihari,0,0
India,Bihar,Munger,0,0
India,Bihar,Murliganj,0,0
India,Bihar,Muzaffarpur,0,0
India,Bihar,Nabinagar,0,0
India,Bihar,Nalanda,0,0
India,Bihar,Nasriganj,0,0
India,Bihar,Naugachhia,0,0
India,Bihar,Nawada,0,0
India,Bihar,Nirmali,0,0
India,Bihar,Pashchim Champaran,0,0
India,Bihar,Patna,1,0
India,Bihar,Piro,0,0
India,Bihar,Pupri,0,0
India,Bihar,Purba Champaran,0,1
India,Bihar,Purnia,0,0
India,Bihar,Rafiganj,0,0
India,Bihar,Raghunathpur,0,0
India,Bihar,Rajgir,0,0
India,Bihar,Ramnagar,0,0
India,Bihar,Raxaul,0,0
India,Bihar,Revelganj,0,0
India,Bihar,Rohtas,0,0
India,Bihar,Rusera,0,0
India,Bihar,Sagauli,0,0
India,Bihar,Saharsa,0,0
India,Bihar,Samastipur,0,0
India,Bihar,Saran,0,0
India,Bihar,Shahbazpur,0,0
India,Bihar,Shahpur,0,0
India,Bihar,Sheikhpura,0,0
India,Bihar,Sheohar,0,0
India,Bihar,Sherghati,0,0
India,Bihar,Silao,0,0
India,Bihar,Sitamarhi,0,0
India,Bihar,Siwan,0,0
India,Bihar,Supaul,0,0
India,Bihar,Teghra,0,0
India,Bihar,Tekari,0,0
India,Bihar,Thakurganj,0,0
India,Bihar,Vaishali,0,0
India,Bihar,Waris Aliganj,0,0
India,Chandigarh,Chandigarh,1,0
India,Chhattisgarh,Akaltara,0,0
India,Chhattisgarh,Ambagarh Chauki,0,0
India,Chhattisgarh,Ambikapur,0,0
India,Chhattisgarh,Arang,0,0
India,Chhattisgarh,Baikunthpur,0,0
India,Chhattisgarh,Balod,0,0
India,Chhattisgarh,Baloda,0,0
India,Chhattisgarh,Baloda Bazar,0,0
India,Chhattisgarh,Basna,0,0
India,Chhattisgarh,Bastar,0,0
India,Chhattisgarh,Bemetara,0,0
India,Chhattisgarh,Bhanpuri,0,0
India,Chhattisgarh,Bhatapara,0,0
India,Chhattisgarh,Bhatgaon,0,0
India,Chhattisgarh,Bhilai,0,0
India,Chhattisgarh,Bijapur,0,0
India,Chhattisgarh,Bilaspur,0,0
India,Chhattisgarh,Champa,0,0
India,Chhattisgarh,Chhuikhadan,0,0
India,Chhattisgarh,Dantewada,0,0
India,Chhattisgarh,Deori,0,0
India,Chhattisgarh,Dhamtari,0,0
India,Chhattisgarh,Dongargaon,0,0
India,Chhattisgarh,Dongargarh,0,0
India,Chhattisgarh,Durg,0,0
India,Chhattisgarh,Gandai,0,0
India,Chhattisgarh,Gariaband,0,0
India,Chhattisgarh,Gaurela,0,0
India,Chhattisgarh,Gharghoda,0,0
India,Chhattisgarh,Gidam,0,0
India,Chhattisgarh,Jagdalpur,0,0
India,Chhattisgarh,Janjgir,0,0
India,Chhattisgarh,Janjgir-Champa,0,0
India,Chhattisgarh,Jashpur,0,0
India,Chhattisgarh,Jashpurnagar,0,0
India,Chhattisgarh,Junagarh,0,0
India,Chhattisgarh,Kabeerdham,0,0
India,Chhattisgarh,Kanker,0,0
India,Chhattisgarh,Katghora,0,0
India,Chhattisgarh,Kawardha,0,0
India,Chhattisgarh,Khairagarh,0,0
India,Chhattisgarh,Khamharia,0,0
India,Chhattisgarh,Kharod,0,0
India,Chhattisgarh,Kharsia,0,0
India,Chhattisgarh,Kirandul,0,0
India,Chhattisgarh,Kondagaon,0,0
India,Chhattisgarh,Korba,0,0
India,Chhattisgarh,Koria,0,0
India,Chhattisgarh,Kota,0,0
India,Chhattisgarh,Kotaparh,0,0
India,Chhattisgarh,Kumhari,0,0
India,Chhattisgarh,Kurud,0,0
India,Chhattisgarh,Lormi,0,0
India,Chhattisgarh,Mahasamund,0,0
India,Chhattisgarh,Mungeli,0,0
India,Chhattisgarh,Narayanpur,0,0
India,Chhattisgarh,Narharpur,0,0
India,Chhattisgarh,Pandaria,0,0
India,Chhattisgarh,Pandatarai,0,0
India,Chhattisgarh,Pasan,0,0
India,Chhattisgarh,Patan,0,0
India,Chhattisgarh,Pathalgaon,0,0
India,Chhattisgarh,Pendra,0,0
India,Chhattisgarh,Pithora,0,0
India,Chhattisgarh,Raigarh,0,0
India,Chhattisgarh,Raipur,0,0
India,Chhattisgarh,Raj Nandgaon,0,0
India,Chhattisgarh,Ramanuj Ganj,0,0
India,Chhattisgarh,Ratanpur,0,0
India,Chhattisgarh,Sakti,0,0
India,Chhattisgarh,Saraipali,0,0
India,Chhattisgarh,Sarangarh,0,0
India,Chhattisgarh,Seorinarayan,0,0
India,Chhattisgarh,Simga,0,0
India,Chhattisgarh,Surguja,0,0
India,Chhattisgarh,Takhatpur,0,0
India,Chhattisgarh,Umarkot,0,0
India,Chhattisgarh,Uttar Bastar Kanker,0,0
India,Dadra and Nagar Haveli and Daman and Diu,Amli,0,0
India,Dadra and Nagar Haveli and Daman and Diu,Dadra,0,0
India,Dadra and Nagar Haveli and Daman and Diu,Dadra & Nagar Haveli,0,0
India,Dadra and Nagar Haveli and Daman and Diu,Daman,0,0
India,Dadra and Nagar Haveli and Daman and Diu,Diu,0,0
India,Dadra and Nagar Haveli and Daman and Diu,Silvassa,0,0
India,Delhi,Alipur,0,0
India,Delhi,Bawana,0,0
India,Delhi,Central Delhi,0,1
India,Delhi,Delhi,1,0
India,Delhi,Deoli,0,0
India,Delhi,East Delhi,0,0
India,Delhi,Karol Bagh,0,0
India,Delhi,Najafgarh,0,0
India,Delhi,Nangloi Jat,0,0
India,Delhi,Narela,0,0
India,Delhi,New Delhi,0,0
India,Delhi,North Delhi,0,0
India,Delhi,North East Delhi,0,0
India,Delhi,North West Delhi,0,0
India,Delhi,Pitampura,0,0
India,Delhi,Rohini,0,0
India,Delhi,South Delhi,0,0
India,Delhi,South West Delhi,0,0
India,Delhi,West Delhi,0,0
India,Goa,Aldona,0,0
India,Goa,Arambol,0,0
India,Goa,Baga,0,0
India,Goa,Bambolim,0,0
India,Goa,Bandora,0,0
India,Goa,Benaulim,0,0
India,Goa,Calangute,0,0
India,Goa,Candolim,0,0
India,Goa,Carapur,0,0
India,Goa,Cavelossim,0,0
India,Goa,Chicalim,0,0
India,Goa,Chinchinim,0,0
India,Goa,Colovale,0,0
India,Goa,Colva,0,0
India,Goa,Cortalim,0,0
India,Goa,Cuncolim,0,0
India,Goa,Curchorem,0,0
India,Goa,Curti,0,0
India,Goa,Davorlim,0,0
India,Goa,Dicholi,0,0
India,Goa,Goa Velha,0,0
India,Goa,Guirim,1,0
India,Goa,Jua,0,0
India,Goa,Kankon,0,0
India,Goa,Madgaon,0,0
India,Goa,Mapuca,0,0
India,Goa,Morjim,0,0
India,Goa,Mormugao,0,0
India,Goa,Navelim,0,0
India,Goa,North Goa,0,0
India,Goa,Palle,0,0
India,Goa,Panaji,0,0
India,Goa,Pernem,0,0
India,Goa,Ponda,0,0
India,Goa,Quepem,0,0
India,Goa,Queula,0,0
India,Goa,Raia,0,0
India,Goa,Saligao,0,0
India,Goa,Sancoale,0,0
India,Goa,Sanguem,0,0
India,Goa,Sanquelim,0,0
India,Goa,Sanvordem,0,0
India,Goa,Serula,0,0
India,Goa,Solim,0,0
India,Goa,South Goa,0,0
India,Goa,Taleigao,0,0
India,Goa,Vagator,0,0
India,Goa,Valpoy,0,0
India,Goa,Varca,0,0
India,Goa,Vasco da Gama,0,0
India,Gujarat,Abrama,0,0
India,Gujarat,Adalaj,0,0
India,Gujarat,Agol,0,0
India,Gujarat,Ahmedabad,1,0
India,Gujarat,Ahwa,0,0
India,Gujarat,Akrund,0,0
India,Gujarat,Amod,0,0
India,Gujarat,Amreli,0,0
India,Gujarat,Amroli,0,0
India,Gujarat,Anand,0,0
India,Gujarat,Anjar,0,0
India,Gujarat,Ankleshwar,0,0
India,Gujarat,Babra,0,0
India,Gujarat,Bagasara,0,0
India,Gujarat,Bagasra,0,0
India,Gujarat,Bakharla,0,0
India,Gujarat,Balagam,0,0
India,Gujarat,Balasinor,0,0
India,Gujarat,Balisana,0,0
India,Gujarat,Bamanbore,0,0
India,Gujarat,Banas Kantha,0,0
India,Gujarat,Bandia,0,0
India,Gujarat,Bantva,0,0
India,Gujarat,Bardoli,0,0
India,Gujarat,Bedi,0,0
India,Gujarat,Bhachau,0,0
India,Gujarat,Bhadran,0,0
India,Gujarat,Bhandu,0,0
India,Gujarat,Bhanvad,0,0
India,Gujarat,Bharuch,0,0
India,Gujarat,Bhatha,0,0
India,Gujarat,Bhavnagar,0,0
India,Gujarat,Bhayavadar,0,0
India,Gujarat,Bhildi,0,0
India,Gujarat,Bhojpur Dharampur,0,0
India,Gujarat,Bhuj,0,0
India,Gujarat,Bilimora,0,0
India,Gujarat,Bilkha,0,0
India,Gujarat,Borsad,0,0
India,Gujarat,Botad,0,0
India,Gujarat,Chaklasi,0,0
India,Gujarat,Chalala,0,0
India,Gujarat,Chaloda,0,0
India,Gujarat,Champaner,0,0
India,Gujarat,Chanasma,0,0
India,Gujarat,Chhala,0,0
India,Gujarat,Chhota Udepur,0,0
India,Gujarat,Chikhli,0,0
India,Gujarat,Chotila,0,0
India,Gujarat,Chuda,0,0
India,Gujarat,Dabhoda,0,0
India,Gujarat,Dabhoi,0,0
India,Gujarat,Dahegam,0,0
India,Gujarat,Dahod,0,0
India,Gujarat,Dakor,0,0
India,Gujarat,Damnagar,0,0
India,Gujarat,Dandi,0,0
India,Gujarat,Dangs (India),0,0
India,Gujarat,Danta,0,0
India,Gujarat,Dayapar,0,0
India,Gujarat,Delvada,0,0
India,Gujarat,Delwada,0,0
India,Gujarat,Detroj,0,0
India,Gujarat,Devbhumi Dwarka,0,0
India,Gujarat,Devgadh Bariya,0,0
India,Gujarat,Dhandhuka,0,0
India,Gujarat,Dhanera,0,0
India,Gujarat,Dhansura,0,0
India,Gujarat,Dharampur,0,0
India,Gujarat,Dharasana,0,0
India,Gujarat,Dhari,0,0
India,Gujarat,Dhasa,0,0
India,Gujarat,Dhola,0,0
India,Gujarat,Dholera,0,0
India,Gujarat,Dholka,0,0
India,Gujarat,Dhoraji,0,0
India,Gujarat,Dhrangadhra,0,0
India,Gujarat,Dhrol,0,0
India,Gujarat,Dhuwaran,0,0
India,Gujarat,Disa,0,0
India,Gujarat,Dohad,0,0
India,Gujarat,Dumkhal,0,0
India,Gujarat,Dungarpur,0,0
India,Gujarat,Dwarka,0,0
India,Gujarat,Gadhada,0,0
India,Gujarat,Gandevi,0,0
India,Gujarat,Gandhidham,0,0
India,Gujarat,Gandhinagar,0,1
India,Gujarat,Gariadhar,0,0
India,Gujarat,Ghodasar,0,0
India,Gujarat,Ghogha,0,0
India,Gujarat,Gir Somnath,0,0
India,Gujarat,Godhra,0,0
India,Gujarat,Gondal,0,0
India,Gujarat,Gorwa,0,0
India,Gujarat,Halenda,0,0
India,Gujarat,Halol,0,0
India,Gujarat,Halvad,0,0
India,Gujarat,Hansot,0,0
India,Gujarat,Harij,0,0
India,Gujarat,Harsol,0,0
India,Gujarat,Hathuran,0,0
India,Gujarat,Himatnagar,0,0
India,Gujarat,Idar,0,0
India,Gujarat,Jakhau,0,0
India,Gujarat,Jalalpore,0,0
India,Gujarat,Jalalpur,0,0
India,Gujarat,Jalia,0,0
India,Gujarat,Jambuda,0,0
India,Gujarat,Jambusar,0,0
India,Gujarat,Jamnagar,0,0
India,Gujarat,Jarod,0,0
India,Gujarat,Jasdan,0,0
India,Gujarat,Jetalpur,0,0
India,Gujarat,Jetalsar,0,0
India,Gujarat,Jetpur,0,0
India,Gujarat,Jetpur (Navagadh),0,0
India,Gujarat,Jhalod,0,0
India,Gujarat,Jhulasan,0,0
India,Gujarat,Jodhpur,0,0
India,Gujarat,Jodhpur (Ahmedabad),0,0
India,Gujarat,Jodia,0,0
India,Gujarat,Jodiya Bandar,0,0
India,Gujarat,Junagadh,0,0
India,Gujarat,Kachchh,0,0
India,Gujarat,Kachholi,0,0
India,Gujarat,Kadi,0,0
India,Gujarat,Kadod,0,0
India,Gujarat,Kalavad,0,0
India,Gujarat,Kalol,0,0
India,Gujarat,Kandla,0,0
India,Gujarat,Kandla port,0,0
India,Gujarat,Kanodar,0,0
India,Gujarat,Kapadvanj,0,0
India,Gujarat,Karamsad,0,0
India,Gujarat,Kariana,0,0
India,Gujarat,Karjan,0,0
India,Gujarat,Kathor,0,0
India,Gujarat,Katpur,0,0
India,Gujarat,Kawant,0,0
India,Gujarat,Kayavarohan,0,0
India,Gujarat,Kerwada,0,0
India,Gujarat,Keshod,0,0
India,Gujarat,Khambhalia,0,0
India,Gujarat,Khambhat,0,0
India,Gujarat,Khavda,0,0
India,Gujarat,Kheda,0,0
India,Gujarat,Khedbrahma,0,0
India,Gujarat,Khedoi,0,0
India,Gujarat,Kherali,0,0
India,Gujarat,Kheralu,0,0
India,Gujarat,Kodinar,0,0
India,Gujarat,Kosamba,0,0
India,Gujarat,Kothara,0,0
India,Gujarat,Kotharia,0,0
India,Gujarat,Kukarmunda,0,0
India,Gujarat,Kukma,0,0
India,Gujarat,Kundla,0,0
India,Gujarat,Kutch district,0,0
India,Gujarat,Kutiyana,0,0
India,Gujarat,Ladol,0,0
India,Gujarat,Lakhpat,0,0
India,Gujarat,Lakhtar,0,0
India,Gujarat,Lalpur,0,0
India,Gujarat,Langhnaj,0,0
India,Gujarat,Lathi,0,0
India,Gujarat,Limbdi,0,0
India,Gujarat,Limkheda,0,0
India,Gujarat,Lunavada,0,0
India,Gujarat,Madhavpur Ghed,0,0
India,Gujarat,Madhi,0,0
India,Gujarat,Mahemdavad,0,0
India,Gujarat,Mahesana,0,0
India,Gujarat,Mahisa,0,0
India,Gujarat,Mahudha,0,0
India,Gujarat,Mahuva,0,0
India,Gujarat,Mahuva (Surat),0,0
India,Gujarat,Malpur,0,0
India,Gujarat,Manavadar,0,0
India,Gujarat,Mandal,0,0
India,Gujarat,Mandvi,0,0
India,Gujarat,Mandvi (Surat),0,0
India,Gujarat,Mangrol,0,0
India,Gujarat,Mangrol (Junagadh),0,0
India,Gujarat,Mansa,0,0
India,Gujarat,Meghraj,0,0
India,Gujarat,Mehsana,0,0
India,Gujarat,Mendarda,0,0
India,Gujarat,Mithapur,0,0
India,Gujarat,Modasa,0,0
India,Gujarat,Morbi,0,0
India,Gujarat,Morva (Hadaf),0,0
India,Gujarat,Morwa,0,0
India,Gujarat,Mundra,0,0
India,Gujarat,Nadiad,0,0
India,Gujarat,Nagwa,0,0
India,Gujarat,Naldhara,0,0
India,Gujarat,Naliya,0,0
India,Gujarat,Nargol,0,0
India,Gujarat,Narmada,0,0
India,Gujarat,Naroda,0,0
India,Gujarat,Navsari,0,0
India,Gujarat,Nikora,0,0
India,Gujarat,Nizar,0,0
India,Gujarat,Odadar,0,0
India,Gujarat,Okha,0,0
India,Gujarat,Olpad,0,0
India,Gujarat,Paddhari,0,0
India,Gujarat,Padra,0,0
India,Gujarat,Palanpur,0,0
India,Gujarat,Palanswa,0,0
India,Gujarat,Palitana,0,0
India,Gujarat,Paliyad,0,0
India,Gujarat,Palsana,0,0
India,Gujarat,Panch Mahals,0,0
India,Gujarat,Panchmahal district,0,0
India,Gujarat,Pardi,0,0
India,Gujarat,Parnera,0,0
India,Gujarat,Patan,0,0
India,Gujarat,Pavi Jetpur,0,0
India,Gujarat,Petlad,0,0
India,Gujarat,Pipavav,0,0
India,Gujarat,Piplod,0,0
India,Gujarat,Porbandar,0,0
India,Gujarat,Prabhas Patan,0,0
India,Gujarat,Prantij,0,0
India,Gujarat,Radhanpur,0,0
India,Gujarat,Rajkot,0,0
India,Gujarat,Rajpipla,0,0
India,Gujarat,Rajula,0,0
India,Gujarat,Ranavav,0,0
India,Gujarat,Ranpur,0,0
India,Gujarat,Rapar,0,0
India,Gujarat,Reha,0,0
India,Gujarat,Roha,0,0
India,Gujarat,Sabar Kantha,0,0
India,Gujarat,Sachin,0,0
India,Gujarat,Salaya,0,0
India,Gujarat,Samakhiali,0,0
India,Gujarat,Sanand,0,0
India,Gujarat,Sankheda,0,0
India,Gujarat,Sarbhon,0,0
India,Gujarat,Sardoi,0,0
India,Gujarat,Sarkhej,0,0
India,Gujarat,Sathamba,0,0
India,Gujarat,Savarkundla,0,0
India,Gujarat,Savli,0,0
India,Gujarat,Sayla,0,0
India,Gujarat,Shahpur,0,0
India,Gujarat,Shivrajpur,0,0
India,Gujarat,Siddhpur,0,0
India,Gujarat,Sihor,0,0
India,Gujarat,Sikka,0,0
India,Gujarat,Sinor,0,0
India,Gujarat,Sojitra,0,0
India,Gujarat,Songadh,0,0
India,Gujarat,Supedi,0,0
India,Gujarat,Surat,0,0
India,Gujarat,Surendranagar,0,0
India,Gujarat,Sutrapada,0,0
India,Gujarat,Talaja,0,0
India,Gujarat,Tankara,0,0
India,Gujarat,Tapi,0,0
India,Gujarat,Than,0,0
India,Gujarat,Thangadh,0,0
India,Gujarat,Tharad,0,0
India,Gujarat,Thasra,0,0
India,Gujarat,The Dangs,0,0
India,Gujarat,Umarpada,0,0
India,Gujarat,Umrala,0,0
India,Gujarat,Umreth,0,0
India,Gujarat,Un,0,0
India,Gujarat,Una,0,0
India,Gujarat,Unjha,0,0
India,Gujarat,Upleta,0,0
India,Gujarat,Utran,0,0
India,Gujarat,Vadgam,0,0
India,Gujarat,Vadnagar,0,0
India,Gujarat,Vadodara,0,0
India,Gujarat,Vaghodia,0,0
India,Gujarat,Vaghodia INA,0,0
India,Gujarat,Vallabh Vidyanagar,0,0
India,Gujarat,Vallabhipur,0,0
India,Gujarat,Valsad,0,0
India,Gujarat,Vanala,0,0
India,Gujarat,Vansda,0,0
India,Gujarat,Vanthli,0,0
India,Gujarat,Vapi,0,0
India,Gujarat,Vartej,0,0
India,Gujarat,Vasa,0,0
India,Gujarat,Vasavad,0,0
India,Gujarat,Vaso,0,0
India,Gujarat,Vataman,0,0
India,Gujarat,Vejalpur,0,0
India,Gujarat,Veraval,0,0
India,Gujarat,Vijapur,0,0
India,Gujarat,Vinchhiya,0,0
India,Gujarat,Viramgam,0,0
India,Gujarat,Virpur,0,0
India,Gujarat,Visavadar,0,0
India,Gujarat,Visnagar,0,0
India,Gujarat,Vyara,0,0
India,Gujarat,Wadhai,0,0
India,Gujarat,Wadhwan,0,0
India,Gujarat,Waghai,0,0
India,Gujarat,Wankaner,0,0
India,Haryana,Ambala,0,0
India,Haryana,Asandh,0,0
India,Haryana,Ateli Mandi,0,0
India,Haryana,Bahadurgarh,0,0
India,Haryana,Bara Uchana,0,0
India,Haryana,Barwala,0,0
India,Haryana,Bawal,0,0
India,Haryana,Beri Khas,0,0
India,Haryana,Bhiwani,0,0
India,Haryana,Bilaspur,0,0
India,Haryana,Buriya,0,0
India,Haryana,Charkhi Dadri,0,0
India,Haryana,Chhachhrauli,0,0
India,Haryana,Dabwali,0,0
India,Haryana,Dharuhera,0,0
India,Haryana,Ellenabad,0,0
India,Haryana,Faridabad,0,0
India,Haryana,Farrukhnagar,0,0
India,Haryana,Fatehabad,0,0
India,Haryana,Firozpur Jhirka,0,0
India,Haryana,Gharaunda,0,0
India,Haryana,Gohana,0,0
India,Haryana,Gorakhpur,0,0
India,Haryana,Gurgaon,0,0
India,Haryana,Hansi,0,0
India,Haryana,Hasanpur,0,0
India,Haryana,Hisar,0,0
India,Haryana,Hodal,0,0
India,Haryana,Inda Chhoi,0,0
India,Haryana,Indri,0,0
India,Haryana,Jagadhri,0,0
India,Haryana,Jakhal,0,0
India,Haryana,Jhajjar,0,0
India,Haryana,Jind,0,0
India,Haryana,Kaithal,0,0
India,Haryana,Kalanaur,0,0
India,Haryana,Kalanwali,0,0
India,Haryana,Kanina Khas,0,0
India,Haryana,Karnal,0,0
India,Haryana,Kharkhauda,0,0
India,Haryana,Kheri Sampla,0,0
India,Haryana,Kurukshetra,0,0
India,Haryana,Ladwa,0,0
India,Haryana,Loharu,0,0
India,Haryana,Maham,0,0
India,Haryana,Mahendragarh,0,0
India,Haryana,Mandholi Kalan,0,0
India,Haryana,Mustafabad,0,0
India,Haryana,Narayangarh,0,0
India,Haryana,Narnaul,0,0
India,Haryana,Narnaund,0,0
India,Haryana,Narwana,0,0
India,Haryana,Nilokheri,0,0
India,Haryana,Nuh,0,0
India,Haryana,Palwal,0,0
India,Haryana,Panchkula,0,0
India,Haryana,Panipat,0,0
India,Haryana,Pataudi,0,0
India,Haryana,Pehowa,0,0
India,Haryana,Pinjaur,0,0
India,Haryana,Punahana,0,0
India,Haryana,Pundri,0,0
India,Haryana,Radaur,0,0
India,Haryana,Rania,0,0
India,Haryana,Ratia,0,0
India,Haryana,Rewari,0,0
India,Haryana,Rohtak,0,0
India,Haryana,Safidon,0,0
India,Haryana,Samalkha,0,0
India,Haryana,Shadipur Julana,0,0
India,Haryana,Shahabad,0,0
India,Haryana,Sirsa,0,0
India,Haryana,Sohna,0,0
India,Haryana,Sonipat,0,0
India,Haryana,Taoru,0,0
India,Haryana,Thanesar,0,0
India,Haryana,Tohana,0,0
India,Haryana,Tosham,0,0
India,Haryana,Uklana,0,0
India,Haryana,Yamunanagar,0,0
India,Himachal Pradesh,Arki,0,0
India,Himachal Pradesh,Baddi,0,0
India,Himachal Pradesh,Banjar,0,0
India,Himachal Pradesh,Bilaspur,0,0
India,Himachal Pradesh,Chamba,0,0
India,Himachal Pradesh,Chaupal,0,0
India,Himachal Pradesh,Chowari,0,0
India,Himachal Pradesh,Chuari Khas,0,0
India,Himachal Pradesh,Dagshai,0,0
India,Himachal Pradesh,Dalhousie,0,0
India,Himachal Pradesh,Daulatpur,0,0
India,Himachal Pradesh,Dera Gopipur,0,0
India,Himachal Pradesh,Dharamsala,0,0
India,Himachal Pradesh,Gagret,0,0
India,Himachal Pradesh,Ghumarwin,0,0
India,Himachal Pradesh,Hamirpur,0,0
India,Himachal Pradesh,Jawala Mukhi,0,0
India,Himachal Pradesh,Jogindarnagar,0,0
India,Himachal Pradesh,Jubbal,0,0
India,Himachal Pradesh,Jutogh,0,0
India,Himachal Pradesh,Kalka,0,0
India,Himachal Pradesh,Kangar,0,0
India,Himachal Pradesh,Kangra,0,0
India,Himachal Pradesh,Kasauli,0,0
India,Himachal Pradesh,Kinnaur,0,0
India,Himachal Pradesh,Kotkhai,0,0
India,Himachal Pradesh,Kotla,0,0
India,Himachal Pradesh,Kulu,0,0
India,Himachal Pradesh,Kyelang,0,0
India,Himachal Pradesh,Lahul and Spiti,0,0
India,Himachal Pradesh,Manali,0,0
India,Himachal Pradesh,Mandi,0,0
India,Himachal Pradesh,Nadaun,0,0
India,Himachal Pradesh,Nagar,0,0
India,Himachal Pradesh,Nagrota,0,0
India,Himachal Pradesh,Nahan,0,0
India,Himachal Pradesh,Nalagarh,0,0
India,Himachal Pradesh,Palampur,0,0
India,Himachal Pradesh,Pandoh,0,0
India,Himachal Pradesh,Paonta Sahib,0,0
India,Himachal Pradesh,Parwanoo,0,0
India,Himachal Pradesh,Rajgarh,0,0
India,Himachal Pradesh,Rampur,0,0
India,Himachal Pradesh,Rohru,0,0
India,Himachal Pradesh,Sabathu,0,0
India,Himachal Pradesh,Santokhgarh,0,0
India,Himachal Pradesh,Sarahan,0,0
India,Himachal Pradesh,Sarka Ghat,0,0
India,Himachal Pradesh,Seoni,0,0
India,Himachal Pradesh,Shimla,0,0
India,Himachal Pradesh,Sirmaur,0,0
India,Himachal Pradesh,Solan,0,0
India,Himachal Pradesh,Sundarnagar,0,0
India,Himachal Pradesh,Theog,0,0
India,Himachal Pradesh,Tira Sujanpur,0,0
India,Himachal Pradesh,Una,0,0
India,Himachal Pradesh,Yol,0,0
India,Jammu and Kashmir,Akhnur,0,0
India,Jammu and Kashmir,Anantnag,0,0
India,Jammu and Kashmir,Awantipur,0,0
India,Jammu and Kashmir,Badgam,0,0
India,Jammu and Kashmir,Bandipore,0,0
India,Jammu and Kashmir,Banihal,0,0
India,Jammu and Kashmir,Baramula,0,0
India,Jammu and Kashmir,Batoti,0,0
India,Jammu and Kashmir,Bhadarwah,0,0
India,Jammu and Kashmir,Bijbehara,0,0
India,Jammu and Kashmir,Bishnah,0,0
India,Jammu and Kashmir,Doda,0,0
India,Jammu and Kashmir,Ganderbal,0,0
India,Jammu and Kashmir,Gho Brahmanan de,0,0
India,Jammu and Kashmir,Hajan,0,0
India,Jammu and Kashmir,Hiranagar,0,0
India,Jammu and Kashmir,Jammu,0,0
India,Jammu and Kashmir,Jaurian,0,0
India,Jammu and Kashmir,Kathua,0,0
India,Jammu and Kashmir,Katra,0,0
India,Jammu and Kashmir,Khaur,0,0
India,Jammu and Kashmir,Kishtwar,0,0
India,Jammu and Kashmir,Kud,0,0
India,Jammu and Kashmir,Kulgam,0,0
India,Jammu and Kashmir,Kupwara,0,0
India,Jammu and Kashmir,Ladakh,0,0
India,Jammu and Kashmir,Magam,0,0
India,Jammu and Kashmir,Nawanshahr,0,0
India,Jammu and Kashmir,Noria,0,0
India,Jammu and Kashmir,Padam,0,0
India,Jammu and Kashmir,Pahlgam,0,0
India,Jammu and Kashmir,Parol,0,0
India,Jammu and Kashmir,Pattan,0,0
India,Jammu and Kashmir,Pulwama,0,0
India,Jammu and Kashmir,Punch,0,0
India,Jammu and Kashmir,Qazigund,0,0
India,Jammu and Kashmir,Rajaori,0,0
India,Jammu and Kashmir,Rajauri,0,0
India,Jammu and Kashmir,Ramban,0,0
India,Jammu and Kashmir,Ramgarh,0,0
India,Jammu and Kashmir,Ramnagar,0,0
India,Jammu and Kashmir,Riasi,0,0
India,Jammu and Kashmir,Samba,0,0
India,Jammu and Kashmir,Shupiyan,0,0
India,Jammu and Kashmir,Sopur,0,0
India,Jammu and Kashmir,Soyibug,0,0
India,Jammu and Kashmir,Srinagar,0,0
India,Jammu and Kashmir,Sumbal,0,0
India,Jammu and Kashmir,Thang,0,0
India,Jammu and Kashmir,Thanna Mandi,0,0
India,Jammu and Kashmir,Tral,0,0
India,Jammu and Kashmir,Tsrar Sharif,0,0
India,Jammu and Kashmir,Udhampur,0,0
India,Jammu and Kashmir,Uri,0,0
India,Jharkhand,Bagra,0,0
India,Jharkhand,Barka Kana,0,0
India,Jharkhand,Barki Saria,0,0
India,Jharkhand,Barwadih,0,0
India,Jharkhand,Bhojudih,0,0
India,Jharkhand,Bokaro,0,0
India,Jharkhand,Bundu,0,0
India,Jharkhand,Chaibasa,0,0
India,Jharkhand,Chakradharpur,0,0
India,Jharkhand,Chakulia,0,0
India,Jharkhand,Chandil,0,0
India,Jharkhand,Chas,0,0
India,Jharkhand,Chatra,0,0
India,Jharkhand,Chiria,0,0
India,Jharkhand,Daltonganj,0,0
India,Jharkhand,Deogarh,0,0
India,Jharkhand,Dhanbad,0,0
India,Jharkhand,Dhanwar,0,0
India,Jharkhand,Dugda,0,0
India,Jharkhand,Dumka,0,0
India,Jharkhand,Garhwa,0,0
India,Jharkhand,Ghatsila,0,0
India,Jharkhand,Giridih,0,0
India,Jharkhand,Gobindpur,0,0
India,Jharkhand,Godda,0,0
India,Jharkhand,Gomoh,0,0
India,Jharkhand,Gopinathpur,0,0
India,Jharkhand,Gua,0,0
India,Jharkhand,Gumia,0,0
India,Jharkhand,Gumla,0,0
India,Jharkhand,Hazaribag,0,0
India,Jharkhand,Hazaribagh,0,0
India,Jharkhand,Hesla,0,0
India,Jharkhand,Husainabad,0,0
India,Jharkhand,Jagannathpur,0,0
India,Jharkhand,Jamadoba,0,0
India,Jharkhand,Jamshedpur,0,0
India,Jharkhand,Jamtara,0,0
India,Jharkhand,Jasidih,0,0
India,Jharkhand,Jharia,0,0
India,Jharkhand,Jugsalai,0,0
India,Jharkhand,Jumri Tilaiya,0,0
India,Jharkhand,Kalikapur,0,0
India,Jharkhand,Kandra,0,0
India,Jharkhand,Kanke,0,0
India,Jharkhand,Katras,0,0
India,Jharkhand,Kenduadih,0,0
India,Jharkhand,Kharsawan,0,0
India,Jharkhand,Khunti,0,0
India,Jharkhand,Kodarma,0,0
India,Jharkhand,Kuju,0,0
India,Jharkhand,Latehar,0,0
India,Jharkhand,Lohardaga,0,0
India,Jharkhand,Madhupur,0,0
India,Jharkhand,Malkera,0,0
India,Jharkhand,Manoharpur,0,0
India,Jharkhand,Mugma,0,0
India,Jharkhand,Mushabani,0,0
India,Jharkhand,Neturhat,0,0
India,Jharkhand,Nirsa,0,0
India,Jharkhand,Noamundi,0,0
India,Jharkhand,Pakur,0,0
India,Jharkhand,Palamu,0,0
India,Jharkhand,Pashchim Singhbhum,0,0
India,Jharkhand,patamda,0,0
India,Jharkhand,Pathardih,0,0
India,Jharkhand,Purba Singhbhum,0,0
India,Jharkhand,Ramgarh,0,0
India,Jharkhand,Ranchi,0,0
India,Jharkhand,Ray,0,0
India,Jharkhand,Sahibganj,0,0
India,Jharkhand,Saraikela,0,0
India,Jharkhand,Sarubera,0,0
India,Jharkhand,Sijua,0,0
India,Jharkhand,Simdega,0,0
India,Jharkhand,Sini,0,0
India,Jharkhand,Topchanchi,0,0
India,Karnataka,Afzalpur,0,0
India,Karnataka,Ajjampur,0,0
India,Karnataka,Aland,0,0
India,Karnataka,Alnavar,0,0
India,Karnataka,Alur,0,0
India,Karnataka,Anekal,0,0
India,Karnataka,Ankola,0,0
India,Karnataka,Annigeri,0,0
India,Karnataka,Arkalgud,0,0
India,Karnataka,Arsikere,0,0
India,Karnataka,Athni,0,0
India,Karnataka,Aurad,0,0
India,Karnataka,Badami,0,0
India,Karnataka,Bagalkot,0,0
India,Karnataka,Bagepalli,0,0
India,Karnataka,Bail-Hongal,0,0
India,Karnataka,Ballari,0,0
India,Karnataka,Banavar,0,0
India,Karnataka,Bangalore Rural,0,0
India,Karnataka,Bangalore Urban,0,0
India,Karnataka,Bangarapet,0,0
India,Karnataka,Bannur,0,0
India,Karnataka,Bantval,0,0
India,Karnataka,Basavakalyan,0,0
India,Karnataka,Basavana Bagevadi,0,0
India,Karnataka,Belagavi,0,0
India,Karnataka,Belluru,0,0
India,Karnataka,Beltangadi,0,0
India,Karnataka,Belur,0,0
India,Karnataka,Bengaluru,0,0
India,Karnataka,Bhadravati,0,0
India,Karnataka,Bhalki,0,0
India,Karnataka,Bhatkal,0,0
India,Karnataka,Bidar,0,0
India,Karnataka,Bilgi,0,0
India,Karnataka,Birur,0,0
India,Karnataka,Byadgi,0,0
India,Karnataka,Byndoor,0,0
India,Karnataka,Canacona,0,0
India,Karnataka,Challakere,0,0
India,Karnataka,Chamrajnagar,0,0
India,Karnataka,Channagiri,0,0
India,Karnataka,Channapatna,0,0
India,Karnataka,Channarayapatna,0,0
India,Karnataka,Chik Ballapur,0,0
India,Karnataka,Chikkaballapur,0,0
India,Karnataka,Chikkamagaluru,0,0
India,Karnataka,Chiknayakanhalli,0,0
India,Karnataka,Chikodi,0,0
India,Karnataka,Chincholi,0,0
India,Karnataka,Chintamani,0,0
India,Karnataka,Chitapur,0,0
India,Karnataka,Chitradurga,0,0
India,Karnataka,Closepet,0,0
India,Karnataka,Coondapoor,0,0
India,Karnataka,Dakshina Kannada,0,0
India,Karnataka,Dandeli,0,0
India,Karnataka,Davanagere,0,0
India,Karnataka,Devanhalli,0,0
India,Karnataka,Dharwad,0,0
India,Karnataka,Dod Ballapur,0,0
India,Karnataka,French Rocks,0,0
India,Karnataka,Gadag,0,0
India,Karnataka,Gadag-Betageri,0,0
India,Karnataka,Gajendragarh,0,0
India,Karnataka,Gangawati,0,0
India,Karnataka,Gangolli,0,0
India,Karnataka,Gokak,0,0
India,Karnataka,Gokarna,0,0
India,Karnataka,Goribidnur,0,0
India,Karnataka,Gorur,0,0
India,Karnataka,Gubbi,0,0
India,Karnataka,Gudibanda,0,0
India,Karnataka,Guledagudda,0,0
India,Karnataka,Gundlupet,0,0
India,Karnataka,Gurmatkal,0,0
India,Karnataka,Hadagalli,0,0
India,Karnataka,Haliyal,0,0
India,Karnataka,Hampi,0,0
India,Karnataka,Hangal,0,0
India,Karnataka,Harihar,0,0
India,Karnataka,Harpanahalli,0,0
India,Karnataka,Hassan,0,0
India,Karnataka,Haveri,0,0
India,Karnataka,Heggadadevankote,0,0
India,Karnataka,Hirekerur,0,0
India,Karnataka,Hiriyur,0,0
India,Karnataka,Holalkere,0,0
India,Karnataka,Hole Narsipur,0,0
India,Karnataka,Homnabad,0,0
India,Karnataka,Honavar,0,0
India,Karnataka,Honnali,0,0
India,Karnataka,Hosanagara,0,0
India,Karnataka,Hosangadi,0,0
India,Karnataka,Hosdurga,0,0
India,Karnataka,Hoskote,0,0
India,Karnataka,Hospet,0,0
India,Karnataka,Hubballi,0,0
India,Karnataka,Hukeri,0,0
India,Karnataka,Hungund,0,0
India,Karnataka,Hunsur,0,0
India,Karnataka,Ilkal,0,0
India,Karnataka,Indi,0,0
India,Karnataka,Jagalur,0,0
India,Karnataka,Jamkhandi,0,0
India,Karnataka,Jevargi,0,0
India,Karnataka,Kadur,0,0
India,Karnataka,Kalaburgi,0,0
India,Karnataka,Kalghatgi,0,0
India,Karnataka,Kampli,0,0
India,Karnataka,Kankanhalli,0,0
India,Karnataka,Karkala,0,0
India,Karnataka,Karwar,0,0
India,Karnataka,Kavalur,0,0
India,Karnataka,Kerur,0,0
India,Karnataka,Khanapur,0,0
India,Karnataka,Kodagu,0,0
India,Karnataka,Kodigenahalli,0,0
India,Karnataka,Kodlipet,0,0
India,Karnataka,Kolar,0,0
India,Karnataka,Kollegal,0,0
India,Karnataka,Konanur,0,0
India,Karnataka,Konnur,0,0
India,Karnataka,Koppa,0,0
India,Karnataka,Koppal,0,0
India,Karnataka,Koratagere,0,0
India,Karnataka,Kotturu,0,0
India,Karnataka,Krishnarajpet,0,0
India,Karnataka,Kudachi,0,0
India,Karnataka,Kudligi,0,0
India,Karnataka,Kumsi,0,0
India,Karnataka,Kumta,0,0
India,Karnataka,Kundgol,0,0
India,Karnataka,Kunigal,0,0
India,Karnataka,Kurgunta,0,0
India,Karnataka,Kushalnagar,0,0
India,Karnataka,Kushtagi,0,0
India,Karnataka,Lakshmeshwar,0,0
India,Karnataka,Lingsugur,0,0
India,Karnataka,Londa,0,0
India,Karnataka,Maddagiri,0,0
India,Karnataka,Maddur,0,0
India,Karnataka,Madikeri,0,0
India,Karnataka,Magadi,0,0
India,Karnataka,Mahalingpur,0,0
India,Karnataka,Malavalli,0,0
India,Karnataka,Malpe,0,0
India,Karnataka,Malur,0,0
India,Karnataka,Mandya,0,0
India,Karnataka,Mangaluru,0,0
India,Karnataka,Manipal,0,0
India,Karnataka,Manvi,0,0
India,Karnataka,Mayakonda,0,0
India,Karnataka,Melukote,0,0
India,Karnataka,Mudbidri,0,0
India,Karnataka,Muddebihal,0,0
India,Karnataka,Mudgal,0,0
India,Karnataka,Mudgere,0,0
India,Karnataka,Mudhol,0,0
India,Karnataka,Mulbagal,0,0
India,Karnataka,Mulgund,0,0
India,Karnataka,Mulki,0,0
India,Karnataka,Mundargi,0,0
India,Karnataka,Mundgod,0,0
India,Karnataka,Munirabad,0,0
India,Karnataka,Murudeshwara,0,0
India,Karnataka,Mysuru,0,0
India,Karnataka,Nagamangala,0,0
India,Karnataka,Nanjangud,0,0
India,Karnataka,Narasimharajapura,0,0
India,Karnataka,Naregal,0,0
India,Karnataka,Nargund,0,0
India,Karnataka,Navalgund,0,0
India,Karnataka,Nelamangala,0,0
India,Karnataka,Nyamti,0,0
India,Karnataka,Pangala,0,0
India,Karnataka,Pavugada,0,0
India,Karnataka,Piriyapatna,0,0
India,Karnataka,Ponnampet,0,0
India,Karnataka,Puttur,0,0
India,Karnataka,Rabkavi,0,0
India,Karnataka,Raichur,0,0
India,Karnataka,Ramanagara,0,0
India,Karnataka,Ranibennur,0,0
India,Karnataka,Raybag,0,0
India,Karnataka,Robertsonpet,0,0
India,Karnataka,Ron,0,0
India,Karnataka,Sadalgi,0,0
India,Karnataka,Sagar,0,0
India,Karnataka,Sakleshpur,0,0
India,Karnataka,Sandur,0,0
India,Karnataka,Sanivarsante,0,0
India,Karnataka,Sankeshwar,0,0
India,Karnataka,Sargur,0,0
India,Karnataka,Saundatti,0,0
India,Karnataka,Savanur,0,0
India,Karnataka,Seram,0,0
India,Karnataka,Shahabad,0,0
India,Karnataka,Shahpur,0,0
India,Karnataka,Shiggaon,0,0
India,Karnataka,Shikarpur,0,0
India,Karnataka,Shimoga,0,0
India,Karnataka,Shirhatti,0,0
India,Karnataka,Shorapur,0,0
India,Karnataka,Shrirangapattana,0,0
India,Karnataka,Siddapur,0,0
India,Karnataka,Sidlaghatta,0,0
India,Karnataka,Sindgi,0,0
India,Karnataka,Sindhnur,0,0
India,Karnataka,Sira,0,0
India,Karnataka,Sirsi,0,0
India,Karnataka,Siruguppa,0,0
India,Karnataka,Someshwar,0,0
India,Karnataka,Somvarpet,0,0
India,Karnataka,Sorab,0,0
India,Karnataka,Sravana Belgola,0,0
India,Karnataka,Sringeri,0,0
India,Karnataka,Srinivaspur,0,0
India,Karnataka,Sulya,0,0
India,Karnataka,Suntikoppa,0,0
India,Karnataka,Talikota,0,0
India,Karnataka,Tarikere,0,0
India,Karnataka,Tekkalakote,0,0
India,Karnataka,Terdal,0,0
India,Karnataka,Tiptur,0,0
India,Karnataka,Tirthahalli,0,0
India,Karnataka,Tirumakudal Narsipur,0,0
India,Karnataka,Tumakuru,0,0
India,Karnataka,Turuvekere,0,0
India,Karnataka,Udupi,0,0
India,Karnataka,Ullal,0,0
India,Karnataka,Uttar Kannada,0,0
India,Karnataka,Vadigenhalli,0,0
India,Karnataka,Vijayapura,0,0
India,Karnataka,Virarajendrapet,0,0
India,Karnataka,Wadi,0,0
India,Karnataka,Yadgir,0,0
India,Karnataka,Yelahanka,0,0
India,Karnataka,Yelandur,0,0
India,Karnataka,Yelbarga,0,0
India,Karnataka,Yellapur,0,0
India,Kerala,Adur,0,0
India,Kerala,Alappuzha,0,0
India,Kerala,Aluva,0,0
India,Kerala,Alwaye,0,0
India,Kerala,Angamali,0,0
India,Kerala,Aroor,0,0
India,Kerala,Arukutti,0,0
India,Kerala,Attingal,0,0
India,Kerala,Avanoor,0,0
India,Kerala,Azhikkal,0,0
India,Kerala,Badagara,0,0
India,Kerala,Beypore,0,0
India,Kerala,Changanacheri,0,0
India,Kerala,Chelakara,0,0
India,Kerala,Chengannur,0,0
India,Kerala,Cherpulassery,0,0
India,Kerala,Cherthala,0,0
India,Kerala,Chetwayi,0,0
India,Kerala,Chittur,0,0
India,Kerala,Cochin,0,0
India,Kerala,Dharmadam,0,0
India,Kerala,Edakkulam,0,0
India,Kerala,Elur,0,0
India,Kerala,Erattupetta,0,0
India,Kerala,Ernakulam,0,0
India,Kerala,Ferokh,0,0
India,Kerala,Guruvayur,0,0
India,Kerala,Idukki,0,0
India,Kerala,Iringal,0,0
India,Kerala,Irinjalakuda,0,0
India,Kerala,Kadakkavoor,0,0
India,Kerala,Kalamassery,0,0
India,Kerala,Kalavoor,0,0
India,Kerala,Kalpatta,0,0
India,Kerala,Kannangad,0,0
India,Kerala,Kannavam,0,0
India,Kerala,Kannur,0,0
India,Kerala,Kasaragod,0,0
India,Kerala,Kasaragod District,0,0
India,Kerala,Kattanam,0,0
India,Kerala,Kayankulam,0,0
India,Kerala,Kizhake Chalakudi,0,0
India,Kerala,Kodungallur,0,0
India,Kerala,Kollam,0,0
India,Kerala,Kotamangalam,0,0
India,Kerala,Kottayam,0,0
India,Kerala,Kovalam,0,0
India,Kerala,Kozhikode,0,0
India,Kerala,Kumbalam,0,0
India,Kerala,Kunnamangalam,0,0
India,Kerala,Kunnamkulam,0,0
India,Kerala,Kunnumma,0,0
India,Kerala,Kutiatodu,0,0
India,Kerala,Kuttampuzha,0,0
India,Kerala,Lalam,0,0
India,Kerala,Mahe,0,0
India,Kerala,Malappuram,0,0
India,Kerala,Manjeri,0,0
India,Kerala,Manjeshvar,0,0
India,Kerala,Mannarakkat,0,0
India,Kerala,Marayur,0,0
India,Kerala,Mattanur,0,0
India,Kerala,Mavelikara,0,0
India,Kerala,Mavoor,0,0
India,Kerala,Muluppilagadu,0,0
India,Kerala,Munnar,0,0
India,Kerala,Muvattupula,0,0
India,Kerala,Muvattupuzha,0,0
India,Kerala,Nadapuram,0,0
India,Kerala,Naduvannur,0,0
India,Kerala,Nedumangad,0,0
India,Kerala,Neyyattinkara,0,0
India,Kerala,Nileshwar,0,0
India,Kerala,Ottappalam,0,0
India,Kerala,Palackattumala,0,0
India,Kerala,Palakkad district,0,0
India,Kerala,Palghat,0,0
India,Kerala,Panamaram,0,0
India,Kerala,Pappinissheri,0,0
India,Kerala,Paravur Tekkumbhagam,0,0
India,Kerala,Pariyapuram,0,0
India,Kerala,Pathanamthitta,0,0
India,Kerala,Pattanamtitta,0,0
India,Kerala,Payyannur,0,0
India,Kerala,Perumbavoor,0,0
India,Kerala,Perumpavur,0,0
India,Kerala,Perya,0,0
India,Kerala,Piravam,0,0
India,Kerala,Ponmana,0,0
India,Kerala,Ponnani,0,0
India,Kerala,Punalur,0,0
India,Kerala,Ramamangalam,0,0
India,Kerala,Sharanur,0,0
India,Kerala,Shertallai,0,0
India,Kerala,Talipparamba,0,0
India,Kerala,Tellicherry,0,0
India,Kerala,Thanniyam,0,0
India,Kerala,Thiruvananthapuram,0,0
India,Kerala,Thrissur,0,0
India,Kerala,Tirur,0,0
India,Kerala,Tiruvalla,0,0
India,Kerala,Vaikam,0,0
India,Kerala,Varkala,0,0
India,Kerala,Vayalar,0,0
India,Kerala,Vettur,0,0
India,Kerala,Wayanad,0,0
India,Ladakh,Kargil,0,0
India,Ladakh,Leh,0,0
India,Lakshadweep,Kavaratti,0,0
India,Lakshadweep,Lakshadweep,0,0
India,Madhya Pradesh,Agar,0,0
India,Madhya Pradesh,Ajaigarh,0,0
India,Madhya Pradesh,Akodia,0,0
India,Madhya Pradesh,Alampur,0,0
India,Madhya Pradesh,Alirajpur,0,0
India,Madhya Pradesh,Alot,0,0
India,Madhya Pradesh,Amanganj,0,0
India,Madhya Pradesh,Amarkantak,0,0
India,Madhya Pradesh,Amarpatan,0,0
India,Madhya Pradesh,Amarwara,0,0
India,Madhya Pradesh,Ambah,0,0
India,Madhya Pradesh,Amla,0,0
India,Madhya Pradesh,Anjad,0,0
India,Madhya Pradesh,Antri,0,0
India,Madhya Pradesh,Anuppur,0,0
India,Madhya Pradesh,Aron,0,0
India,Madhya Pradesh,Ashoknagar,0,0
India,Madhya Pradesh,Ashta,0,0
India,Madhya Pradesh,Babai,0,0
India,Madhya Pradesh,Badarwas,0,0
India,Madhya Pradesh,Badnawar,0,0
India,Madhya Pradesh,Bagh,0,0
India,Madhya Pradesh,Bagli,0,0
India,Madhya Pradesh,Baihar,0,0
India,Madhya Pradesh,Baikunthpur,0,0
India,Madhya Pradesh,Bakshwaha,0,0
India,Madhya Pradesh,Balaghat,0,0
India,Madhya Pradesh,Baldeogarh,0,0
India,Madhya Pradesh,Bamna,0,0
India,Madhya Pradesh,Bamor Kalan,0,0
India,Madhya Pradesh,Bamora,0,0
India,Madhya Pradesh,Banda,0,0
India,Madhya Pradesh,Barela,0,0
India,Madhya Pradesh,Barghat,0,0
India,Madhya Pradesh,Bargi,0,0
India,Madhya Pradesh,Barhi,0,0
India,Madhya Pradesh,Barwani,0,0
India,Madhya Pradesh,Basoda,0,0
India,Madhya Pradesh,Begamganj,0,0
India,Madhya Pradesh,Beohari,0,0
India,Madhya Pradesh,Berasia,0,0
India,Madhya Pradesh,Betma,0,0
India,Madhya Pradesh,Betul,0,0
India,Madhya Pradesh,Betul Bazar,0,0
India,Madhya Pradesh,Bhabhra,0,0
India,Madhya Pradesh,Bhainsdehi,0,0
India,Madhya Pradesh,Bhander,0,0
India,Madhya Pradesh,Bhanpura,0,0
India,Madhya Pradesh,Bhawaniganj,0,0
India,Madhya Pradesh,Bhikangaon,0,0
India,Madhya Pradesh,Bhind,0,0
India,Madhya Pradesh,Bhitarwar,0,0
India,Madhya Pradesh,Bhopal,0,0
India,Madhya Pradesh,Biaora,0,0
India,Madhya Pradesh,Bijawar,0,0
India,Madhya Pradesh,Bijrauni,0,0
India,Madhya Pradesh,Bodri,0,0
India,Madhya Pradesh,Burhanpur,0,0
India,Madhya Pradesh,Burhar,0,0
India,Madhya Pradesh,Chanderi,0,0
India,Madhya Pradesh,Chandia,0,0
India,Madhya Pradesh,Chandla,0,0
India,Madhya Pradesh,Chhatarpur,0,0
India,Madhya Pradesh,Chhindwara,0,0
India,Madhya Pradesh,Chichli,0,0
India,Madhya Pradesh,Chorhat,0,0
India,Madhya Pradesh,Daboh,0,0
India,Madhya Pradesh,Dabra,0,0
India,Madhya Pradesh,Damoh,0,0
India,Madhya Pradesh,Datia,0,0
India,Madhya Pradesh,Deori Khas,0,0
India,Madhya Pradesh,Depalpur,0,0
India,Madhya Pradesh,Dewas,0,0
India,Madhya Pradesh,Dhamnod,0,0
India,Madhya Pradesh,Dhana,0,0
India,Madhya Pradesh,Dhar,0,0
India,Madhya Pradesh,Dharampuri,0,0
India,Madhya Pradesh,Dindori,0,0
India,Madhya Pradesh,Etawa,0,0
India,Madhya Pradesh,Gadarwara,0,0
India,Madhya Pradesh,Garha Brahman,0,0
India,Madhya Pradesh,Garhakota,0,0
India,Madhya Pradesh,Gautampura,0,0
India,Madhya Pradesh,Ghansor,0,0
India,Madhya Pradesh,Gogapur,0,0
India,Madhya Pradesh,Gohadi,0,0
India,Madhya Pradesh,Govindgarh,0,0
India,Madhya Pradesh,Guna,0,0
India,Madhya Pradesh,Gurh,0,0
India,Madhya Pradesh,Gwalior,0,0
India,Madhya Pradesh,Harda,0,0
India,Madhya Pradesh,Harda Khas,0,0
India,Madhya Pradesh,Harpalpur,0,0
India,Madhya Pradesh,Harrai,0,0
India,Madhya Pradesh,Harsud,0,0
India,Madhya Pradesh,Hatod,0,0
India,Madhya Pradesh,Hatta,0,0
India,Madhya Pradesh,Hindoria,0,0
India,Madhya Pradesh,Hoshangabad,0,0
India,Madhya Pradesh,Iawar,0,0
India,Madhya Pradesh,Ichhawar,0,0
India,Madhya Pradesh,Iklehra,0,0
India,Madhya Pradesh,Indore,0,0
India,Madhya Pradesh,Isagarh,0,0
India,Madhya Pradesh,Itarsi,0,0
India,Madhya Pradesh,Jabalpur,0,0
India,Madhya Pradesh,Jaisinghnagar,0,0
India,Madhya Pradesh,Jaithari,0,0
India,Madhya Pradesh,Jamai,0,0
India,Madhya Pradesh,Jaora,0,0
India,Madhya Pradesh,Jatara,0,0
India,Madhya Pradesh,Jawad,0,0
India,Madhya Pradesh,Jhabua,0,0
India,Madhya Pradesh,Jiran,0,0
India,Madhya Pradesh,Jobat,0,0
India,Madhya Pradesh,Kailaras,0,0
India,Madhya Pradesh,Kaimori,0,0
India,Madhya Pradesh,Kannod,0,0
India,Madhya Pradesh,Kareli,0,0
India,Madhya Pradesh,Karera,0,0
India,Madhya Pradesh,Karrapur,0,0
India,Madhya Pradesh,Kasrawad,0,0
India,Madhya Pradesh,Katangi,0,0
India,Madhya Pradesh,Katni,0,0
India,Madhya Pradesh,Khachrod,0,0
India,Madhya Pradesh,Khailar,0,0
India,Madhya Pradesh,Khajuraho Group of Monuments,0,0
India,Madhya Pradesh,Khamaria,0,0
India,Madhya Pradesh,Khandwa,0,0
India,Madhya Pradesh,Khargapur,0,0
India,Madhya Pradesh,Khargone,0,0
India,Madhya Pradesh,Khategaon,0,0
India,Madhya Pradesh,Khilchipur,0,0
India,Madhya Pradesh,Khirkiyan,0,0
India,Madhya Pradesh,Khujner,0,0
India,Madhya Pradesh,Khurai,0,0
India,Madhya Pradesh,Kolaras,0,0
India,Madhya Pradesh,Korwai,0,0
India,Madhya Pradesh,Kotar,0,0
India,Madhya Pradesh,Kothi,0,0
India,Madhya Pradesh,Kotma,0,0
India,Madhya Pradesh,Kotwa,0,0
India,Madhya Pradesh,Kukshi,0,0
India,Madhya Pradesh,Kumbhraj,0,0
India,Madhya Pradesh,Lahar,0,0
India,Madhya Pradesh,Lakhnadon,0,0
India,Madhya Pradesh,Leteri,0,0
India,Madhya Pradesh,Lodhikheda,0,0
India,Madhya Pradesh,Machalpur,0,0
India,Madhya Pradesh,Madhogarh,0,0
India,Madhya Pradesh,Maheshwar,0,0
India,Madhya Pradesh,Mahgawan,0,0
India,Madhya Pradesh,Maihar,0,0
India,Madhya Pradesh,Majholi,0,0
India,Madhya Pradesh,Maksi,0,0
India,Madhya Pradesh,Malhargarh,0,0
India,Madhya Pradesh,Manasa,0,0
India,Madhya Pradesh,Manawar,0,0
India,Madhya Pradesh,Mandideep,0,0
India,Madhya Pradesh,Mandla,0,0
India,Madhya Pradesh,Mandleshwar,0,0
India,Madhya Pradesh,Mandsaur,0,0
India,Madhya Pradesh,Mangawan,0,0
India,Madhya Pradesh,Manpur,0,0
India,Madhya Pradesh,Mau,0,0
India,Madhya Pradesh,Mauganj,0,0
India,Madhya Pradesh,Mihona,0,0
India,Madhya Pradesh,Mohgaon,0,0
India,Madhya Pradesh,Morar,0,0
India,Madhya Pradesh,Morena,0,0
India,Madhya Pradesh,Multai,0,0
India,Madhya Pradesh,Mundi,0,0
India,Madhya Pradesh,Mungaoli,0,0
India,Madhya Pradesh,Murwara,0,0
India,Madhya Pradesh,Nagda,0,0
India,Madhya Pradesh,Nagod,0,0
India,Madhya Pradesh,Naigarhi,0,0
India,Madhya Pradesh,Nainpur,0,0
India,Madhya Pradesh,Namli,0,0
India,Madhya Pradesh,Naraini,0,0
India,Madhya Pradesh,Narayangarh,0,0
India,Madhya Pradesh,Narsimhapur,0,0
India,Madhya Pradesh,Narsinghgarh,0,0
India,Madhya Pradesh,Narwar,0,0
India,Madhya Pradesh,Nasrullahganj,0,0
India,Madhya Pradesh,Neemuch,0,0
India,Madhya Pradesh,Nepanagar,0,0
India,Madhya Pradesh,Orchha,0,0
India,Madhya Pradesh,Pachmarhi,0,0
India,Madhya Pradesh,Palera,0,0
India,Madhya Pradesh,Pali,0,0
India,Madhya Pradesh,Panagar,0,0
India,Madhya Pradesh,Panara,0,0
India,Madhya Pradesh,Pandhana,0,0
India,Madhya Pradesh,Pandhurna,0,0
India,Madhya Pradesh,Panna,0,0
India,Madhya Pradesh,Pansemal,0,0
India,Madhya Pradesh,Parasia,0,0
India,Madhya Pradesh,Patan,0,0
India,Madhya Pradesh,Patharia,0,0
India,Madhya Pradesh,Pawai,0,0
India,Madhya Pradesh,Petlawad,0,0
India,Madhya Pradesh,Piploda,0,0
India,Madhya Pradesh,Pithampur,0,0
India,Madhya Pradesh,Porsa,0,0
India,Madhya Pradesh,Punasa,0,0
India,Madhya Pradesh,Raghogarh,0,0
India,Madhya Pradesh,Rahatgarh,0,0
India,Madhya Pradesh,Raisen,0,0
India,Madhya Pradesh,Rajgarh,0,0
India,Madhya Pradesh,Rajnagar,0,0
India,Madhya Pradesh,Rajpur,0,0
India,Madhya Pradesh,Rampura,0,0
India,Madhya Pradesh,Ranapur,0,0
India,Madhya Pradesh,Ratangarh,0,0
India,Madhya Pradesh,Ratlam,0,0
India,Madhya Pradesh,Rehli,0,0
India,Madhya Pradesh,Rehti,0,0
India,Madhya Pradesh,Rewa,0,0
India,Madhya Pradesh,Sabalgarh,0,0
India,Madhya Pradesh,Sagar,0,0
India,Madhya Pradesh,Sailana,0,0
India,Madhya Pradesh,Sanawad,0,0
India,Madhya Pradesh,Sanchi,0,0
India,Madhya Pradesh,Sanwer,0,0
India,Madhya Pradesh,Sarangpur,0,0
India,Madhya Pradesh,Satna,0,0
India,Madhya Pradesh,Satwas,0,0
India,Madhya Pradesh,Saugor,0,0
India,Madhya Pradesh,Sausar,0,0
India,Madhya Pradesh,Sehore,0,0
India,Madhya Pradesh,Sendhwa,0,0
India,Madhya Pradesh,Seondha,0,0
India,Madhya Pradesh,Seoni,0,0
India,Madhya Pradesh,Seoni Malwa,0,0
India,Madhya Pradesh,Shahdol,0,0
India,Madhya Pradesh,Shahgarh,0,0
India,Madhya Pradesh,Shahpur,0,0
India,Madhya Pradesh,Shahpura,0,0
India,Madhya Pradesh,Shajapur,0,0
India,Madhya Pradesh,Shamgarh,0,0
India,Madhya Pradesh,Sheopur,0,0
India,Madhya Pradesh,Shivpuri,0,0
India,Madhya Pradesh,Shujalpur,0,0
India,Madhya Pradesh,Sidhi,0,0
India,Madhya Pradesh,Sihora,0,0
India,Madhya Pradesh,Simaria,0,0
India,Madhya Pradesh,Singoli,0,0
India,Madhya Pradesh,Singrauli,0,0
India,Madhya Pradesh,Sirmaur,0,0
India,Madhya Pradesh,Sironj,0,0
India,Madhya Pradesh,Sitamau,0,0
India,Madhya Pradesh,Sohagi,0,0
India,Madhya Pradesh,Sohagpur,0,0
India,Madhya Pradesh,Sultanpur,0,0
India,Madhya Pradesh,Susner,0,0
India,Madhya Pradesh,Tal,0,0
India,Madhya Pradesh,Talen,0,0
India,Madhya Pradesh,Tarana,0,0
India,Madhya Pradesh,Tekanpur,0,0
India,Madhya Pradesh,Tendukheda,0,0
India,Madhya Pradesh,Teonthar,0,0
India,Madhya Pradesh,Thandla,0,0
India,Madhya Pradesh,Tikamgarh,0,0
India,Madhya Pradesh,Tirodi,0,0
India,Madhya Pradesh,Udaipura,0,0
India,Madhya Pradesh,Ujjain,0,0
India,Madhya Pradesh,Ukwa,0,0
India,Madhya Pradesh,Umaria,0,0
India,Madhya Pradesh,Umri,0,0
India,Madhya Pradesh,Unhel,0,0
India,Madhya Pradesh,Vidisha,0,0
India,Madhya Pradesh,Waraseoni,0,0
India,Maharashtra,Achalpur,0,0
India,Maharashtra,Adawad,0,0
India,Maharashtra,Agar Panchaitan,0,0
India,Maharashtra,Aheri,0,0
India,Maharashtra,Ahmadpur,0,0
India,Maharashtra,Ahmednagar,0,0
India,Maharashtra,Airoli,0,0
India,Maharashtra,Ajara,0,0
India,Maharashtra,Akalkot,0,0
India,Maharashtra,Akluj,0,0
India,Maharashtra,Akola,0,0
India,Maharashtra,Akolner,0,0
India,Maharashtra,Akot,0,0
India,Maharashtra,Akrani,0,0
India,Maharashtra,Alandi,0,0
India,Maharashtra,Ale,0,0
India,Maharashtra,Alibag,0,0
India,Maharashtra,Alkuti,0,0
India,Maharashtra,Allapalli,0,0
India,Maharashtra,Amalner,0,0
India,Maharashtra,Amarnath,0,0
India,Maharashtra,Ambad,0,0
India,Maharashtra,Ambajogai,0,0
India,Maharashtra,Ambegaon,0,0
India,Maharashtra,Ambernath,0,0
India,Maharashtra,Amgaon,0,0
India,Maharashtra,Amravati,0,0
India,Maharashtra,Andheri,0,0
India,Maharashtra,Andura,0,0
India,Maharashtra,Anjangaon,0,0
India,Maharashtra,Anjarle,0,0
India,Maharashtra,Anshing,0,0
India,Maharashtra,Arag,0,0
India,Maharashtra,Arangaon,0,0
India,Maharashtra,Ardhapur,0,0
India,Maharashtra,Argaon,0,0
India,Maharashtra,Artist Village,0,0
India,Maharashtra,Arvi,0,0
India,Maharashtra,Ashta,0,0
India,Maharashtra,Ashti,0,0
India,Maharashtra,Asoda,0,0
India,Maharashtra,Assaye,0,0
India,Maharashtra,Astagaon,0,0
India,Maharashtra,Aundh Satara,0,0
India,Maharashtra,Aurangabad,0,0
India,Maharashtra,Ausa,0,0
India,Maharashtra,Badlapur,0,0
India,Maharashtra,Badnapur,0,0
India,Maharashtra,Badnera,0,0
India,Maharashtra,Bagewadi,0,0
India,Maharashtra,Balapur,0,0
India,Maharashtra,Balapur Akola district,0,0
India,Maharashtra,Ballalpur,0,0
India,Maharashtra,Ballard Estate,0,0
India,Maharashtra,Ballarpur,0,0
India,Maharashtra,Banda Maharashtra,0,0
India,Maharashtra,Bandra,0,0
India,Maharashtra,Baner,0,0
India,Maharashtra,Bankot,0,0
India,Maharashtra,Baramati,0,0
India,Maharashtra,Barsi,0,0
India,Maharashtra,Basmat,0,0
India,Maharashtra,Bavdhan,0,0
India,Maharashtra,Bawanbir,0,0
India,Maharashtra,Beed,0,0
India,Maharashtra,Bhadgaon Maharashtra,0,0
India,Maharashtra,Bhandara,0,0
India,Maharashtra,Bhandardara,0,0
India,Maharashtra,Bhandup,0,0
India,Maharashtra,Bhayandar,0,0
India,Maharashtra,Bhigvan,0,0
India,Maharashtra,Bhiwandi,0,0
India,Maharashtra,Bhiwapur,0,0
India,Maharashtra,Bhokar,0,0
India,Maharashtra,Bhokardan,0,0
India,Maharashtra,Bhoom,0,0
India,Maharashtra,Bhor,0,0
India,Maharashtra,Bhudgaon,0,0
India,Maharashtra,Bhugaon,0,0
India,Maharashtra,Bhusaval,0,0
India,Maharashtra,Bijur,0,0
India,Maharashtra,Bilashi,0,0
India,Maharashtra,Biloli,0,0
India,Maharashtra,Boisar,0,0
India,Maharashtra,Borgaon Manju,0,0
India,Maharashtra,Borivali,0,0
India,Maharashtra,Brahmapuri,0,0
India,Maharashtra,Breach Candy,0,0
India,Maharashtra,Buldana,0,0
India,Maharashtra,Byculla,0,0
India,Maharashtra,Chakan,0,0
India,Maharashtra,Chakur,0,0
India,Maharashtra,Chalisgaon,0,0
India,Maharashtra,Chanda,0,0
India,Maharashtra,Chandgad,0,0
India,Maharashtra,Chandor,0,0
India,Maharashtra,Chandrapur,0,0
India,Maharashtra,Chandur,0,0
India,Maharashtra,Chandur Bazar,0,0
India,Maharashtra,Chausala,0,0
India,Maharashtra,Chembur,0,0
India,Maharashtra,Chicholi,0,0
India,Maharashtra,Chichondi Patil,0,0
India,Maharashtra,Chikhli (Buldhana),0,0
India,Maharashtra,Chikhli (Jalna),0,0
India,Maharashtra,Chimur,0,0
India,Maharashtra,Chinchani,0,0
India,Maharashtra,Chinchpokli,0,0
India,Maharashtra,Chiplun,0,0
India,Maharashtra,Chopda,0,0
India,Maharashtra,Colaba,0,0
India,Maharashtra,Dabhol,0,0
India,Maharashtra,Daddi,0,0
India,Maharashtra,Dahanu,0,0
India,Maharashtra,Dahivel,0,0
India,Maharashtra,Dapoli,0,0
India,Maharashtra,Darwha,0,0
India,Maharashtra,Daryapur,0,0
India,Maharashtra,Dattapur,0,0
India,Maharashtra,Daulatabad,0,0
India,Maharashtra,Daund,0,0
India,Maharashtra,Deccan Gymkhana,0,0
India,Maharashtra,Deglur,0,0
India,Maharashtra,Dehu,0,0
India,Maharashtra,Deolali,0,0
India,Maharashtra,Deolapar,0,0
India,Maharashtra,Deoli,0,0
India,Maharashtra,Deoni,0,0
India,Maharashtra,Deulgaon Raja,0,0
India,Maharashtra,Devrukh,0,0
India,Maharashtra,Dharangaon,0,0
India,Maharashtra,Dharavi,0,0
India,Maharashtra,Dharmabad,0,0
India,Maharashtra,Dharur,0,0
India,Maharashtra,Dhawalpuri,0,0
India,Maharashtra,Dhule,0,0
India,Maharashtra,Dhulia,0,0
India,Maharashtra,Dighori,0,0
India,Maharashtra,Diglur,0,0
India,Maharashtra,Digras,0,0
India,Maharashtra,Dindori Maharashtra,0,0
India,Maharashtra,Diveagar,0,0
India,Maharashtra,Dombivli,0,0
India,Maharashtra,Dondaicha,0,0
India,Maharashtra,Dongri,0,0
India,Maharashtra,Dudhani,0,0
India,Maharashtra,Durgapur,0,0
India,Maharashtra,Durgapur Chandrapur,0,0
India,Maharashtra,Erandol,0,0
India,Maharashtra,Faizpur,0,0
India,Maharashtra,Fort,0,0
India,Maharashtra,Gadchiroli,0,0
India,Maharashtra,Gadhinglaj,0,0
India,Maharashtra,Gangakher,0,0
India,Maharashtra,Gangapur,0,0
India,Maharashtra,Ganpatipule,0,0
India,Maharashtra,Gevrai,0,0
India,Maharashtra,Ghargaon,0,0
India,Maharashtra,Ghatanji,0,0
India,Maharashtra,Ghatkopar,0,0
India,Maharashtra,Ghoti Budrukh,0,0
India,Maharashtra,Ghugus,0,0
India,Maharashtra,Girgaon,0,0
India,Maharashtra,Gondia,0,0
India,Maharashtra,Gorai,0,0
India,Maharashtra,Goregaon,0,0
India,Maharashtra,Guhagar,0,0
India,Maharashtra,Hadapsar Pune,0,0
India,Maharashtra,Hadgaon,0,0
India,Maharashtra,Halkarni,0,0
India,Maharashtra,Harangul,0,0
India,Maharashtra,Harnai,0,0
India,Maharashtra,Helwak,0,0
India,Maharashtra,Hinganghat,0,0
India,Maharashtra,Hingoli,0,0
India,Maharashtra,Hirapur,0,0
India,Maharashtra,Hirapur Hamesha,0,0
India,Maharashtra,Hotgi,0,0
India,Maharashtra,Ichalkaranji,0,0
India,Maharashtra,Igatpuri,0,0
India,Maharashtra,Indapur,0,0
India,Maharashtra,Jaisingpur,0,0
India,Maharashtra,Jaitapur,0,0
India,Maharashtra,Jakhangaon,0,0
India,Maharashtra,Jalgaon,0,0
India,Maharashtra,Jalgaon Jamod,0,0
India,Maharashtra,Jalkot,0,0
India,Maharashtra,Jalna,0,0
India,Maharashtra,Jamkhed,0,0
India,Maharashtra,Jamod,0,0
India,Maharashtra,Janephal,0,0
India,Maharashtra,Jaoli,0,0
India,Maharashtra,Jat Sangli,0,0
India,Maharashtra,Jategaon,0,0
India,Maharashtra,Jawhar,0,0
India,Maharashtra,Jaysingpur,0,0
India,Maharashtra,Jejuri,0,0
India,Maharashtra,Jintur,0,0
India,Maharashtra,Jogeshwari,0,0
India,Maharashtra,Juhu,0,0
India,Maharashtra,Junnar,0,0
India,Maharashtra,Kachurwahi,0,0
India,Maharashtra,Kadegaon,0,0
India,Maharashtra,Kadus,0,0
India,Maharashtra,Kagal,0,0
India,Maharashtra,Kaij,0,0
India,Maharashtra,Kalamb,0,0
India,Maharashtra,Kalamb Osmanabad,0,0
India,Maharashtra,Kalamboli,0,0
India,Maharashtra,Kalamnuri,0,0
India,Maharashtra,Kalas,0,0
India,Maharashtra,Kali(DK),0,0
India,Maharashtra,Kalmeshwar,0,0
India,Maharashtra,Kalundri,0,0
India,Maharashtra,Kalyan,0,0
India,Maharashtra,Kalyani Nagar,0,0
India,Maharashtra,Kamargaon,0,0
India,Maharashtra,Kamatgi,0,0
India,Maharashtra,Kamptee,0,0
India,Maharashtra,Kandri,0,0
India,Maharashtra,Kankauli,0,0
India,Maharashtra,Kankavli,0,0
India,Maharashtra,Kannad,0,0
India,Maharashtra,Karad,0,0
India,Maharashtra,Karajagi,0,0
India,Maharashtra,Karanja,0,0
India,Maharashtra,Karanja Lad,0,0
India,Maharashtra,Karjat,0,0
India,Maharashtra,Karkamb,0,0
India,Maharashtra,Karmala,0,0
India,Maharashtra,Kasara,0,0
India,Maharashtra,Kasoda,0,0
India,Maharashtra,Kati,0,0
India,Maharashtra,Katol,0,0
India,Maharashtra,Katral,0,0
India,Maharashtra,Khadki,0,0
India,Maharashtra,Khalapur,0,0
India,Maharashtra,Khallar,0,0
India,Maharashtra,Khamgaon,0,0
India,Maharashtra,Khanapur,0,0
India,Maharashtra,Khandala,0,0
India,Maharashtra,Khangaon,0,0
India,Maharashtra,Khapa,0,0
India,Maharashtra,Kharakvasla,0,0
India,Maharashtra,Kharda,0,0
India,Maharashtra,Kharghar,0,0
India,Maharashtra,Kharsundi,0,0
India,Maharashtra,Khed,0,0
India,Maharashtra,Khetia,0,0
India,Maharashtra,Khoni,0,0
India,Maharashtra,Khopoli,0,0
India,Maharashtra,Khuldabad,0,0
India,Maharashtra,Kinwat,0,0
India,Maharashtra,Kodoli,0,0
India,Maharashtra,Kolhapur,0,0
India,Maharashtra,Kondalwadi,0,0
India,Maharashtra,Kondhali,0,0
India,Maharashtra,Kopar Khairane,0,0
India,Maharashtra,Kopargaon,0,0
India,Maharashtra,Kopela,0,0
India,Maharashtra,Koradi,0,0
India,Maharashtra,Koregaon,0,0
India,Maharashtra,Koynanagar,0,0
India,Maharashtra,Kudal,0,0
India,Maharashtra,Kuhi,0,0
India,Maharashtra,Kurandvad,0,0
India,Maharashtra,Kurankhed,0,0
India,Maharashtra,Kurduvadi,0,0
India,Maharashtra,Kusumba,0,0
India,Maharashtra,Lakhandur,0,0
India,Maharashtra,Lanja,0,0
India,Maharashtra,Lasalgaon,0,0
India,Maharashtra,Latur,0,0
India,Maharashtra,Lavasa,0,0
India,Maharashtra,Lohogaon,0,0
India,Maharashtra,Lonar,0,0
India,Maharashtra,Lonavla,0,0
India,Maharashtra,Mahabaleshwar,0,0
India,Maharashtra,Mahad,0,0
India,Maharashtra,Mahape,0,0
India,Maharashtra,Mahim,0,0
India,Maharashtra,Maindargi,0,0
India,Maharashtra,Majalgaon,0,0
India,Maharashtra,Makhjan,0,0
India,Maharashtra,Malabar Hill,0,0
India,Maharashtra,Malad,0,0
India,Maharashtra,Malegaon,0,0
India,Maharashtra,Malkapur,0,0
India,Maharashtra,Malvan,0,0
India,Maharashtra,Manchar,0,0
India,Maharashtra,Mandangad,0,0
India,Maharashtra,Mandhal,0,0
India,Maharashtra,Mandwa,0,0
India,Maharashtra,Mangaon,0,0
India,Maharashtra,Mangrul Pir,0,0
India,Maharashtra,Manjlegaon,0,0
India,Maharashtra,Mankeshwar,0,0
India,Maharashtra,Mankhurd,0,0
India,Maharashtra,Manmad,0,0
India,Maharashtra,Manor,0,0
India,Maharashtra,Mansar,0,0
India,Maharashtra,Manwat,0,0
India,Maharashtra,Maregaon,0,0
India,Maharashtra,Mastiholi,0,0
India,Maharashtra,Masur India,0,0
India,Maharashtra,Matheran,0,0
India,Maharashtra,Matunga,0,0
India,Maharashtra,Mazagaon,0,0
India,Maharashtra,Mehekar,0,0
India,Maharashtra,Mehergaon,0,0
India,Maharashtra,Mehkar,0,0
India,Maharashtra,Mhasla,0,0
India,Maharashtra,Mhasvad,0,0
India,Maharashtra,Miraj,0,0
India,Maharashtra,Mohadi,0,0
India,Maharashtra,Mohol,0,0
India,Maharashtra,Mohpa,0,0
India,Maharashtra,Mokhada taluka,0,0
India,Maharashtra,Mora Maharashtra,0,0
India,Maharashtra,Moram,0,0
India,Maharashtra,Morsi,0,0
India,Maharashtra,Mowad,0,0
India,Maharashtra,Mudkhed,0,0
India,Maharashtra,Mukher,0,0
India,Maharashtra,Mul,0,0
India,Maharashtra,Mulher,0,0
India,Maharashtra,Mulund,0,0
India,Maharashtra,Mumbai,0,0
India,Maharashtra,Mumbai Suburban,0,0
India,Maharashtra,Murbad,0,0
India,Maharashtra,Murgud,0,0
India,Maharashtra,Murtajapur,0,0
India,Maharashtra,Murud (Raigad),0,0
India,Maharashtra,Murud (Ratnagiri),0,0
India,Maharashtra,Murum,0,0
India,Maharashtra,Nadgaon,0,0
India,Maharashtra,Nagapur,0,0
India,Maharashtra,Nagothana,0,0
India,Maharashtra,Nagpur,0,0
India,Maharashtra,Nagpur Division,0,0
India,Maharashtra,Nala Sopara,0,0
India,Maharashtra,Naldurg,0,0
India,Maharashtra,Nalegaon,0,0
India,Maharashtra,Nampur,0,0
India,Maharashtra,Nanded,0,0
India,Maharashtra,Nandgaon,0,0
India,Maharashtra,Nandnee,0,0
India,Maharashtra,Nandura,0,0
India,Maharashtra,Nandura Buzurg,0,0
India,Maharashtra,Nandurbar,0,0
India,Maharashtra,Narayangaon,0,0
India,Maharashtra,Nardana,0,0
India,Maharashtra,Nariman Point,0,0
India,Maharashtra,Narkhed,0,0
India,Maharashtra,Nashik,0,0
India,Maharashtra,Nashik Division,0,0
India,Maharashtra,Navapur,0,0
India,Maharashtra,Navi Mumbai,0,0
India,Maharashtra,Neral,0,0
India,Maharashtra,Nerur,0,0
India,Maharashtra,Nevasa,0,0
India,Maharashtra,Nighoj,0,0
India,Maharashtra,Nilanga,0,0
India,Maharashtra,Nipani,0,0
India,Maharashtra,Niphad,0,0
India,Maharashtra,Nira Narsingpur,0,0
India,Maharashtra,Osmanabad,0,0
India,Maharashtra,Ozar,0,0
India,Maharashtra,Pabal,0,0
India,Maharashtra,Pachora,0,0
India,Maharashtra,Pahur Maharashtra,0,0
India,Maharashtra,Paithan,0,0
India,Maharashtra,Palghar,0,0
India,Maharashtra,Pali Raigad,0,0
India,Maharashtra,Palso,0,0
India,Maharashtra,Panchgani,0,0
India,Maharashtra,Pandharpur,0,0
India,Maharashtra,Pandhurli,0,0
India,Maharashtra,Panhala,0,0
India,Maharashtra,Panvel,0,0
India,Maharashtra,Parbhani,0,0
India,Maharashtra,Parel,0,0
India,Maharashtra,Parli Vaijnath,0,0
India,Maharashtra,Parner,0,0
India,Maharashtra,Parola,0,0
India,Maharashtra,Parseoni,0,0
India,Maharashtra,Partur,0,0
India,Maharashtra,Patan,0,0
India,Maharashtra,Pathardi,0,0
India,Maharashtra,Pathri,0,0
India,Maharashtra,Patur,0,0
India,Maharashtra,Paturda,0,0
India,Maharashtra,Paud,0,0
India,Maharashtra,Pauni,0,0
India,Maharashtra,Pawni,0,0
India,Maharashtra,Pedgaon,0,0
India,Maharashtra,Peint,0,0
India,Maharashtra,Pen,0,0
India,Maharashtra,Phaltan,0,0
India,Maharashtra,Phulambri,0,0
India,Maharashtra,Piliv,0,0
India,Maharashtra,Pimpalgaon Baswant,0,0
India,Maharashtra,Pimpalgaon Raja,0,0
India,Maharashtra,Pimpri,0,0
India,Maharashtra,Pimpri-Chinchwad,0,0
India,Maharashtra,Pipri,0,0
India,Maharashtra,Powai,0,0
India,Maharashtra,Prabhadevi,0,0
India,Maharashtra,Prakasha,0,0
India,Maharashtra,Pulgaon,0,0
India,Maharashtra,Pune,0,0
India,Maharashtra,Pune Division,0,0
India,Maharashtra,Puntamba,0,0
India,Maharashtra,Pural,0,0
India,Maharashtra,Purna,0,0
India,Maharashtra,Pusad,0,0
India,Maharashtra,Radhanagari,0,0
India,Maharashtra,Rahata,0,0
India,Maharashtra,Rahimatpur,0,0
India,Maharashtra,Rahuri,0,0
India,Maharashtra,Raigarh,0,0
India,Maharashtra,Raireshwar,0,0
India,Maharashtra,Rajapur,0,0
India,Maharashtra,Rajgurunagar,0,0
India,Maharashtra,Rajur,0,0
India,Maharashtra,Rajura,0,0
India,Maharashtra,Ralegaon,0,0
India,Maharashtra,Ramewadi,0,0
India,Maharashtra,Ramtek,0,0
India,Maharashtra,Ratnagiri,0,0
India,Maharashtra,Raver,0,0
India,Maharashtra,Renapur,0,0
India,Maharashtra,Renavi,0,0
India,Maharashtra,Revadanda,0,0
India,Maharashtra,Revdanda,0,0
India,Maharashtra,Risod,0,0
India,Maharashtra,Roha,0,0
India,Maharashtra,Sailu,0,0
India,Maharashtra,Sakol,0,0
India,Maharashtra,Sakoli,0,0
India,Maharashtra,Sakri,0,0
India,Maharashtra,Samudrapur,0,0
India,Maharashtra,Sangameshwar,0,0
India,Maharashtra,Sangamner,0,0
India,Maharashtra,Sangli,0,0
India,Maharashtra,Sangola,0,0
India,Maharashtra,Sangrampur Maharashtra,0,0
India,Maharashtra,Saoli,0,0
India,Maharashtra,Saoner,0,0
India,Maharashtra,Sarangkheda,0,0
India,Maharashtra,Saswad,0,0
India,Maharashtra,Satana,0,0
India,Maharashtra,Satara,0,0
India,Maharashtra,Satara Division,0,0
India,Maharashtra,Satpati,0,0
India,Maharashtra,Savantvadi,0,0
India,Maharashtra,Savda,0,0
India,Maharashtra,Savlaj,0,0
India,Maharashtra,Sawantvadi,0,0
India,Maharashtra,Selu,0,0
India,Maharashtra,Sevagram,0,0
India,Maharashtra,Sewri,0,0
India,Maharashtra,Shahada,0,0
India,Maharashtra,Shahapur,0,0
India,Maharashtra,Shedbal,0,0
India,Maharashtra,Shegaon,0,0
India,Maharashtra,Shevgaon,0,0
India,Maharashtra,Shikrapur,0,0
India,Maharashtra,Shiraguppi,0,0
India,Maharashtra,Shirala,0,0
India,Maharashtra,Shirdi,0,0
India,Maharashtra,Shirgaon,0,0
India,Maharashtra,Shirol,0,0
India,Maharashtra,Shirpur,0,0
India,Maharashtra,Shirud,0,0
India,Maharashtra,Shirwal,0,0
India,Maharashtra,Shivaji Nagar,0,0
India,Maharashtra,Shrigonda,0,0
India,Maharashtra,Sillod,0,0
India,Maharashtra,Sindewahi,0,0
India,Maharashtra,Sindhudurg,0,0
India,Maharashtra,Sindi,0,0
India,Maharashtra,Sindkheda,0,0
India,Maharashtra,Sinnar,0,0
India,Maharashtra,Sion Mumbai,0,0
India,Maharashtra,Sironcha,0,0
India,Maharashtra,Sirur,0,0
India,Maharashtra,Sivala East Godavari district,0,0
India,Maharashtra,Solapur,0,0
India,Maharashtra,Sonala,0,0
India,Maharashtra,Sonegaon,0,0
India,Maharashtra,Songir,0,0
India,Maharashtra,Sonvad,0,0
India,Maharashtra,Soygaon,0,0
India,Maharashtra,Srivardhan,0,0
India,Maharashtra,Surgana,0,0
India,Maharashtra,Taklibhan,0,0
India,Maharashtra,Talbid,0,0
India,Maharashtra,Talegaon Dabhade,0,0
India,Maharashtra,Talegaon Dhamdhere,0,0
India,Maharashtra,Taloda,0,0
India,Maharashtra,Talode,0,0
India,Maharashtra,Tarapur,0,0
India,Maharashtra,Tardeo,0,0
India,Maharashtra,Tasgaon,0,0
India,Maharashtra,Telhara,0,0
India,Maharashtra,Thalner,0,0
India,Maharashtra,Thane,0,0
India,Maharashtra,Trimbak,0,0
India,Maharashtra,Trombay,0,0
India,Maharashtra,Tuljapur,0,0
India,Maharashtra,Tumsar,0,0
India,Maharashtra,Udgir,0,0
India,Maharashtra,Ulhasnagar,0,0
India,Maharashtra,Umarga,0,0
India,Maharashtra,Umarkhed,0,0
India,Maharashtra,Umred,0,0
India,Maharashtra,Uran,0,0
India,Maharashtra,Uruli Kanchan,0,0
India,Maharashtra,Vada,0,0
India,Maharashtra,Vadgaon,0,0
India,Maharashtra,Vadner,0,0
India,Maharashtra,Vaijapur,0,0
India,Maharashtra,Vairag,0,0
India,Maharashtra,Valsang,0,0
India,Maharashtra,Vangaon,0,0
India,Maharashtra,Varangaon,0,0
India,Maharashtra,Vashi,0,0
India,Maharashtra,Vasind,0,0
India,Maharashtra,Vatul,0,0
India,Maharashtra,Velas Maharashtra,0,0
India,Maharashtra,Velneshwar,0,0
India,Maharashtra,Vengurla,0,0
India,Maharashtra,Vijaydurg,0,0
India,Maharashtra,Vikhroli,0,0
India,Maharashtra,Vile Parle,0,0
India,Maharashtra,Vinchur,0,0
India,Maharashtra,Virar,0,0
India,Maharashtra,Vita Maharashtra,0,0
India,Maharashtra,Vite,0,0
India,Maharashtra,Wadala,0,0
India,Maharashtra,Wadgaon,0,0
India,Maharashtra,Wadner,0,0
India,Maharashtra,Wadwani,0,0
India,Maharashtra,Wagholi,0,0
India,Maharashtra,Wai,0,0
India,Maharashtra,Wakad,0,0
India,Maharashtra,Walgaon,0,0
India,Maharashtra,Walki,0,0
India,Maharashtra,Wani,0,0
India,Maharashtra,Wardha,0,0
India,Maharashtra,Warora,0,0
India,Maharashtra,Warud,0,0
India,Maharashtra,Washim,0,0
India,Maharashtra,Worli,0,0
India,Maharashtra,Yaval,0,0
India,Maharashtra,Yavatmal,0,0
India,Maharashtra,Yeola,0,0
India,Manipur,Bishnupur,0,0
India,Manipur,Chandel,0,0
India,Manipur,Churachandpur,0,0
India,Manipur,Imphal East,0,0
India,Manipur,Imphal West,0,0
India,Manipur,Jiribam,0,0
India,Manipur,Kakching,0,0
India,Manipur,Kamjong,0,0
India,Manipur,Kangpokpi,0,0
India,Manipur,Noney,0,0
India,Manipur,Pherzawl,0,0
India,Manipur,Senapati,0,0
India,Manipur,Tamenglong,0,0
India,Manipur,Tengnoupal,0,0
India,Manipur,Thoubal,0,0
India,Manipur,Ukhrul,0,0
India,Meghalaya,Cherrapunji,0,0
India,Meghalaya,East Garo Hills,0,0
India,Meghalaya,East Jaintia Hills,0,0
India,Meghalaya,East Khasi Hills,0,0
India,Meghalaya,Mairang,0,0
India,Meghalaya,Mankachar,0,0
India,Meghalaya,Nongpoh,0,0
India,Meghalaya,Nongstoin,0,0
India,Meghalaya,North Garo Hills,0,0
India,Meghalaya,Ri-Bhoi,0,0
India,Meghalaya,Shillong,0,0
India,Meghalaya,South Garo Hills,0,0
India,Meghalaya,South West Garo Hills,0,0
India,Meghalaya,South West Khasi Hills,0,0
India,Meghalaya,Tura,0,0
India,Meghalaya,West Garo Hills,0,0
India,Meghalaya,West Jaintia Hills,0,0
India,Meghalaya,West Khasi Hills,0,0
India,Mizoram,Aizawl,0,0
India,Mizoram,Champhai,0,0
India,Mizoram,Darlawn,0,0
India,Mizoram,Khawhai,0,0
India,Mizoram,Kolasib,0,0
India,Mizoram,Lawngtlai,0,0
India,Mizoram,Lunglei,0,0
India,Mizoram,Mamit,0,0
India,Mizoram,North Vanlaiphai,0,0
India,Mizoram,Saiha,0,0
India,Mizoram,Sairang,0,0
India,Mizoram,Saitlaw,0,0
India,Mizoram,Serchhip,0,0
India,Mizoram,Thenzawl,0,0
India,Nagaland,Dimapur,0,0
India,Nagaland,Kohima,0,0
India,Nagaland,Mokokchung,0,0
India,Nagaland,Mon,0,0
India,Nagaland,Peren,0,0
India,Nagaland,Phek,0,0
India,Nagaland,Tuensang,0,0
India,Nagaland,Tuensang District,0,0
India,Nagaland,Wokha,0,0
India,Nagaland,Zunheboto,0,0
India,Odisha,Angul,0,0
India,Odisha,Angul District,0,0
India,Odisha,Asika,0,0
India,Odisha,Athagarh,0,0
India,Odisha,Bada Barabil,0,0
India,Odisha,Balangir,0,0
India,Odisha,Balasore,0,0
India,Odisha,Baleshwar,0,0
India,Odisha,Balimila,0,0
India,Odisha,Balugaon,0,0
India,Odisha,Banapur,0,0
India,Odisha,Banki,0,0
India,Odisha,Banposh,0,0
India,Odisha,Baragarh,0,0
India,Odisha,Barbil,0,0
India,Odisha,Bargarh,0,0
India,Odisha,Barpali,0,0
India,Odisha,Basudebpur,0,0
India,Odisha,Baud,0,0
India,Odisha,Baudh,0,0
India,Odisha,Belaguntha,0,0
India,Odisha,Bhadrak,0,0
India,Odisha,Bhadrakh,0,0
India,Odisha,Bhanjanagar,0,0
India,Odisha,Bhawanipatna,0,0
India,Odisha,Bhuban,0,0
India,Odisha,Bhubaneswar,0,0
India,Odisha,Binka,0,0
India,Odisha,Birmitrapur,0,0
India,Odisha,Bolanikhodan,0,0
India,Odisha,Brahmapur,0,0
India,Odisha,Brajarajnagar,0,0
India,Odisha,Buguda,0,0
India,Odisha,Burla,0,0
India,Odisha,Champua,0,0
India,Odisha,Chandbali,0,0
India,Odisha,Chatrapur,0,0
India,Odisha,Chikitigarh,0,0
India,Odisha,Chittarkonda,0,0
India,Odisha,Cuttack,0,0
India,Odisha,Daitari,0,0
India,Odisha,Deogarh,0,0
India,Odisha,Dhenkanal,0,0
India,Odisha,Digapahandi,0,0
India,Odisha,Gajapati,0,0
India,Odisha,Ganjam,0,0
India,Odisha,Gopalpur,0,0
India,Odisha,Gudari,0,0
India,Odisha,Gunupur,0,0
India,Odisha,Hinjilikatu,0,0
India,Odisha,Hirakud,0,0
India,Odisha,Jagatsinghpur,0,0
India,Odisha,Jajpur,0,0
India,Odisha,Jaleshwar,0,0
India,Odisha,Jatani,0,0
India,Odisha,Jeypore,0,0
India,Odisha,Jharsuguda,0,0
India,Odisha,Jharsuguda District,0,0
India,Odisha,Kaintragarh,0,0
India,Odisha,Kalahandi,0,0
India,Odisha,Kamakhyanagar,0,0
India,Odisha,Kandhamal,0,0
India,Odisha,Kantabanji,0,0
India,Odisha,Kantilo,0,0
India,Odisha,Kendrapara,0,0
India,Odisha,Kendujhar,0,0
India,Odisha,Kesinga,0,0
India,Odisha,Khallikot,0,0
India,Odisha,Kharhial,0,0
India,Odisha,Khordha,0,0
India,Odisha,Khurda,0,0
India,Odisha,Kiri Buru,0,0
India,Odisha,Kodala,0,0
India,Odisha,Konarka,0,0
India,Odisha,Koraput,0,0
India,Odisha,Kuchaiburi,0,0
India,Odisha,Kuchinda,0,0
India,Odisha,Malkangiri,0,0
India,Odisha,Mayurbhanj,0,0
India,Odisha,Nabarangpur,0,0
India,Odisha,Nayagarh,0,0
India,Odisha,Nayagarh District,0,0
India,Odisha,Nilgiri,0,0
India,Odisha,Nimaparha,0,0
India,Odisha,Nowrangapur,0,0
India,Odisha,Nuapada,0,0
India,Odisha,Padampur,0,0
India,Odisha,Paradip Garh,0,0
India,Odisha,Patamundai,0,0
India,Odisha,Patnagarh,0,0
India,Odisha,Phulbani,0,0
India,Odisha,Pipili,0,0
India,Odisha,Polasara,0,0
India,Odisha,Puri,0,0
India,Odisha,Purushottampur,0,0
India,Odisha,Rambha,0,0
India,Odisha,Raurkela,0,0
India,Odisha,Rayagada,0,0
India,Odisha,Remuna,0,0
India,Odisha,Rengali,0,0
India,Odisha,Sambalpur,0,0
India,Odisha,Sonepur,0,0
India,Odisha,Sorada,0,0
India,Odisha,Soro,0,0
India,Odisha,Subarnapur,0,0
India,Odisha,Sundargarh,0,0
India,Odisha,Talcher,0,0
India,Odisha,Tarabha,0,0
India,Odisha,Titlagarh,0,0
India,Odisha,Udayagiri,0,0
India,Puducherry,Karaikal,0,0
India,Puducherry,Mahe,0,0
India,Puducherry,Puducherry,0,0
India,Puducherry,Yanam,0,0
India,Punjab,Abohar,0,0
India,Punjab,Adampur,0,0
India,Punjab,Ajitgarh,0,0
India,Punjab,Ajnala,0,0
India,Punjab,Akalgarh,0,0
India,Punjab,Alawalpur,0,0
India,Punjab,Amloh,0,0
India,Punjab,Amritsar,0,0
India,Punjab,Anandpur Sahib,0,0
India,Punjab,Badhni Kalan,0,0
India,Punjab,Bagha Purana,0,0
India,Punjab,Bakloh,0,0
India,Punjab,Balachor,0,0
India,Punjab,Banga,0,0
India,Punjab,Banur,0,0
India,Punjab,Barnala,0,0
India,Punjab,Batala,0,0
India,Punjab,Begowal,0,0
India,Punjab,Bhadaur,0,0
India,Punjab,Bhatinda,0,0
India,Punjab,Bhawanigarh,0,0
India,Punjab,Bhikhi,0,0
India,Punjab,Bhogpur,0,0
India,Punjab,Bholath,0,0
India,Punjab,Budhlada,0,0
India,Punjab,Chima,0,0
India,Punjab,Dasuya,0,0
India,Punjab,Dera Baba Nanak,0,0
India,Punjab,Dera Bassi,0,0
India,Punjab,Dhanaula,0,0
India,Punjab,Dhariwal,0,0
India,Punjab,Dhilwan,0,0
India,Punjab,Dhudi,0,0
India,Punjab,Dhuri,0,0
India,Punjab,Dina Nagar,0,0
India,Punjab,Dirba,0,0
India,Punjab,Doraha,0,0
India,Punjab,Faridkot,0,0
India,Punjab,Fatehgarh Churian,0,0
India,Punjab,Fatehgarh Sahib,0,0
India,Punjab,Fazilka,0,0
India,Punjab,Firozpur,0,0
India,Punjab,Firozpur District,0,0
India,Punjab,Gardhiwala,0,0
India,Punjab,Garhshankar,0,0
India,Punjab,Ghanaur,0,0
India,Punjab,Giddarbaha,0,0
India,Punjab,Gurdaspur,0,0
India,Punjab,Guru Har Sahai,0,0
India,Punjab,Hajipur,0,0
India,Punjab,Hariana,0,0
India,Punjab,Hoshiarpur,0,0
India,Punjab,Ishanpur,0,0
India,Punjab,Jagraon,0,0
India,Punjab,Jaito,0,0
India,Punjab,Jalalabad,0,0
India,Punjab,Jalandhar,0,0
India,Punjab,Jandiala,0,0
India,Punjab,Jandiala Guru,0,0
India,Punjab,Kalanaur,0,0
India,Punjab,Kapurthala,0,0
India,Punjab,Kartarpur,0,0
India,Punjab,Khamanon,0,0
India,Punjab,Khanna,0,0
India,Punjab,Kharar,0,0
India,Punjab,Khemkaran,0,0
India,Punjab,Kot Isa Khan,0,0
India,Punjab,Kotkapura,0,0
India,Punjab,Laungowal,0,0
India,Punjab,Ludhiana,0,0
India,Punjab,Machhiwara,0,0
India,Punjab,Majitha,0,0
India,Punjab,Makhu,0,0
India,Punjab,Malaut,0,0
India,Punjab,Malerkotla,0,0
India,Punjab,Mansa,0,0
India,Punjab,Maur Mandi,0,0
India,Punjab,Moga,0,0
India,Punjab,Mohali,0,0
India,Punjab,Morinda,0,0
India,Punjab,Mukerian,0,0
India,Punjab,Nabha,0,0
India,Punjab,Nakodar,0,0
India,Punjab,Nangal,0,0
India,Punjab,Nawanshahr,0,0
India,Punjab,Nurmahal,0,0
India,Punjab,Nurpur Kalan,0,0
India,Punjab,Pathankot,0,0
India,Punjab,Patiala,0,0
India,Punjab,Patti,0,0
India,Punjab,Phagwara,0,0
India,Punjab,Phillaur,0,0
India,Punjab,Qadian,0,0
India,Punjab,Rahon,0,0
India,Punjab,Raikot,0,0
India,Punjab,Rajasansi,0,0
India,Punjab,Rajpura,0,0
India,Punjab,Ram Das,0,0
India,Punjab,Rampura,0,0
India,Punjab,Rupnagar,0,0
India,Punjab,Samrala,0,0
India,Punjab,Sanaur,0,0
India,Punjab,Sangrur,0,0
India,Punjab,Sardulgarh,0,0
India,Punjab,Shahid Bhagat Singh Nagar,0,0
India,Punjab,Shahkot,0,0
India,Punjab,Sham Churasi,0,0
India,Punjab,Sirhind-Fategarh,0,0
India,Punjab,Sri Muktsar Sahib,0,0
India,Punjab,Sultanpur Lodhi,0,0
India,Punjab,Sunam,0,0
India,Punjab,Talwandi Bhai,0,0
India,Punjab,Talwara,0,0
India,Punjab,Tarn Taran Sahib,0,0
India,Punjab,Zira,0,0
India,Rajasthan,Abhaneri,0,0
India,Rajasthan,Abu,0,0
India,Rajasthan,Abu Road,0,0
India,Rajasthan,Ajmer,0,0
India,Rajasthan,Aklera,0,0
India,Rajasthan,Alwar,0,0
India,Rajasthan,Amet,0,0
India,Rajasthan,Anta,0,0
India,Rajasthan,Anupgarh,0,0
India,Rajasthan,Asind,0,0
India,Rajasthan,Bagar,0,0
India,Rajasthan,Bakani,0,0
India,Rajasthan,Bali,0,0
India,Rajasthan,Balotra,0,0
India,Rajasthan,Bandikui,0,0
India,Rajasthan,Banswara,0,0
India,Rajasthan,Baran,0,0
India,Rajasthan,Bari,0,0
India,Rajasthan,Bari Sadri,0,0
India,Rajasthan,Barmer,0,0
India,Rajasthan,Basi,0,0
India,Rajasthan,Basni,0,0
India,Rajasthan,Baswa,0,0
India,Rajasthan,Bayana,0,0
India,Rajasthan,Beawar,0,0
India,Rajasthan,Begun,0,0
India,Rajasthan,Behror,0,0
India,Rajasthan,Bhadasar,0,0
India,Rajasthan,Bhadra,0,0
India,Rajasthan,Bharatpur,0,0
India,Rajasthan,Bhasawar,0,0
India,Rajasthan,Bhilwara,0,0
India,Rajasthan,Bhindar,0,0
India,Rajasthan,Bhinmal,0,0
India,Rajasthan,Bhiwadi,0,0
India,Rajasthan,Bhuma,0,0
India,Rajasthan,Bikaner,0,0
India,Rajasthan,Bilara,0,0
India,Rajasthan,Bissau,0,0
India,Rajasthan,Borkhera,0,0
India,Rajasthan,Bundi,0,0
India,Rajasthan,Chaksu,0,0
India,Rajasthan,Chechat,0,0
India,Rajasthan,Chhabra,0,0
India,Rajasthan,Chhapar,0,0
India,Rajasthan,Chhoti Sadri,0,0
India,Rajasthan,Chidawa,0,0
India,Rajasthan,Chittaurgarh,0,0
India,Rajasthan,Churu,0,0
India,Rajasthan,Dariba,0,0
India,Rajasthan,Dausa,0,0
India,Rajasthan,Deoli,0,0
India,Rajasthan,Deshnoke,0,0
India,Rajasthan,Devgarh,0,0
India,Rajasthan,Dhaulpur,0,0
India,Rajasthan,Didwana,0,0
India,Rajasthan,Dig,0,0
India,Rajasthan,Dungarpur,0,0
India,Rajasthan,Fatehpur,0,0
India,Rajasthan,Galiakot,0,0
India,Rajasthan,Ganganagar,0,0
India,Rajasthan,Gangapur,0,0
India,Rajasthan,Govindgarh,0,0
India,Rajasthan,Gulabpura,0,0
India,Rajasthan,Hanumangarh,0,0
India,Rajasthan,Hindaun,0,0
India,Rajasthan,Jahazpur,0,0
India,Rajasthan,Jaipur,0,0
India,Rajasthan,Jaisalmer,0,0
India,Rajasthan,Jaitaran,0,0
India,Rajasthan,Jalor,0,0
India,Rajasthan,Jalore,0,0
India,Rajasthan,Jhalawar,0,0
India,Rajasthan,Jhalrapatan,0,0
India,Rajasthan,Jhunjhunun,0,0
India,Rajasthan,Jobner,0,0
India,Rajasthan,Jodhpur,0,0
India,Rajasthan,Kaman,0,0
India,Rajasthan,Kanor,0,0
India,Rajasthan,Kapren,0,0
India,Rajasthan,Karanpur,0,0
India,Rajasthan,Karauli,0,0
India,Rajasthan,Kekri,0,0
India,Rajasthan,Keshorai Patan,0,0
India,Rajasthan,Khandela,0,0
India,Rajasthan,Khanpur,0,0
India,Rajasthan,Khetri,0,0
India,Rajasthan,Kishangarh,0,0
India,Rajasthan,Kota,0,0
India,Rajasthan,Kotputli,0,0
India,Rajasthan,Kuchaman,0,0
India,Rajasthan,Kuchera,0,0
India,Rajasthan,Kumher,0,0
India,Rajasthan,Kushalgarh,0,0
India,Rajasthan,Lachhmangarh Sikar,0,0
India,Rajasthan,Ladnun,0,0
India,Rajasthan,Lakheri,0,0
India,Rajasthan,Lalsot,0,0
India,Rajasthan,Losal,0,0
India,Rajasthan,Mahwah,0,0
India,Rajasthan,Makrana,0,0
India,Rajasthan,Malpura,0,0
India,Rajasthan,Mandal,0,0
India,Rajasthan,Mandalgarh,0,0
India,Rajasthan,Mandawar,0,0
India,Rajasthan,Mangrol,0,0
India,Rajasthan,Manohar Thana,0,0
India,Rajasthan,Manoharpur,0,0
India,Rajasthan,Meethari Marwar,0,0
India,Rajasthan,Merta,0,0
India,Rajasthan,Mundwa,0,0
India,Rajasthan,Nadbai,0,0
India,Rajasthan,Nagar,0,0
India,Rajasthan,Nagaur,0,0
India,Rajasthan,Nainwa,0,0
India,Rajasthan,Napasar,0,0
India,Rajasthan,Naraina,0,0
India,Rajasthan,Nasirabad,0,0
India,Rajasthan,Nathdwara,0,0
India,Rajasthan,Nawa,0,0
India,Rajasthan,Nawalgarh,0,0
India,Rajasthan,Neem ka Thana,0,0
India,Rajasthan,Nimaj,0,0
India,Rajasthan,Nimbahera,0,0
India,Rajasthan,Niwai,0,0
India,Rajasthan,Nohar,0,0
India,Rajasthan,Nokha,0,0
India,Rajasthan,Padampur,0,0
India,Rajasthan,Pali,0,0
India,Rajasthan,Partapur,0,0
India,Rajasthan,Parvatsar,0,0
India,Rajasthan,Phalodi,0,0
India,Rajasthan,Phulera,0,0
India,Rajasthan,Pilani,0,0
India,Rajasthan,Pilibangan,0,0
India,Rajasthan,Pindwara,0,0
India,Rajasthan,Pipar,0,0
India,Rajasthan,Pirawa,0,0
India,Rajasthan,Pokaran,0,0
India,Rajasthan,Pratapgarh,0,0
India,Rajasthan,Pushkar,0,0
India,Rajasthan,Raipur,0,0
India,Rajasthan,Raisinghnagar,0,0
India,Rajasthan,Rajakhera,0,0
India,Rajasthan,Rajaldesar,0,0
India,Rajasthan,Rajgarh,0,0
India,Rajasthan,Rajsamand,0,0
India,Rajasthan,Ramganj Mandi,0,0
India,Rajasthan,Ramgarh,0,0
India,Rajasthan,Rani,0,0
India,Rajasthan,Ratangarh,0,0
India,Rajasthan,Rawatbhata,0,0
India,Rajasthan,Rawatsar,0,0
India,Rajasthan,Ringas,0,0
India,Rajasthan,Sadri,0,0
India,Rajasthan,Salumbar,0,0
India,Rajasthan,Sambhar,0,0
India,Rajasthan,Samdari,0,0
India,Rajasthan,Sanchor,0,0
India,Rajasthan,Sangaria,0,0
India,Rajasthan,Sangod,0,0
India,Rajasthan,Sardarshahr,0,0
India,Rajasthan,Sarwar,0,0
India,Rajasthan,Sawai Madhopur,0,0
India,Rajasthan,Shahpura,0,0
India,Rajasthan,Sheoganj,0,0
India,Rajasthan,Sikar,0,0
India,Rajasthan,Sirohi,0,0
India,Rajasthan,Siwana,0,0
India,Rajasthan,Sojat,0,0
India,Rajasthan,Sri Dungargarh,0,0
India,Rajasthan,Sri Madhopur,0,0
India,Rajasthan,Sujangarh,0,0
India,Rajasthan,Suket,0,0
India,Rajasthan,Sunel,0,0
India,Rajasthan,Surajgarh,0,0
India,Rajasthan,Suratgarh,0,0
India,Rajasthan,Takhatgarh,0,0
India,Rajasthan,Taranagar,0,0
India,Rajasthan,Tijara,0,0
India,Rajasthan,Todabhim,0,0
India,Rajasthan,Todaraisingh,0,0
India,Rajasthan,Tonk,0,0
India,Rajasthan,Udaipur,0,0
India,Rajasthan,Udpura,0,0
India,Rajasthan,Uniara,0,0
India,Rajasthan,Wer,0,0
India,Sikkim,East District,0,0
India,Sikkim,Gangtok,0,0
India,Sikkim,Gyalshing,0,0
India,Sikkim,Jorethang,0,0
India,Sikkim,Mangan,0,0
India,Sikkim,Namchi,0,0
India,Sikkim,Naya Bazar,0,0
India,Sikkim,North District,0,0
India,Sikkim,Rangpo,0,0
India,Sikkim,Singtam,0,0
India,Sikkim,South District,0,0
India,Sikkim,West District,0,0
India,Tamil Nadu,Abiramam,0,0
India,Tamil Nadu,Adirampattinam,0,0
India,Tamil Nadu,Aduthurai,0,0
India,Tamil Nadu,Alagapuram,0,0
India,Tamil Nadu,Alandur,0,0
India,Tamil Nadu,Alanganallur,0,0
India,Tamil Nadu,Alangayam,0,0
India,Tamil Nadu,Alangudi,0,0
India,Tamil Nadu,Alangulam,0,0
India,Tamil Nadu,Alappakkam,0,0
India,Tamil Nadu,Alwa Tirunagari,0,0
India,Tamil Nadu,Ambasamudram,0,0
India,Tamil Nadu,Ambattur,0,0
India,Tamil Nadu,Ambur,0,0
India,Tamil Nadu,Ammapettai,0,0
India,Tamil Nadu,Anamalais,0,0
India,Tamil Nadu,Andippatti,0,0
India,Tamil Nadu,Annamalainagar,0,0
India,Tamil Nadu,Annavasal,0,0
India,Tamil Nadu,Annur,0,0
India,Tamil Nadu,Anthiyur,0,0
India,Tamil Nadu,Arakkonam,0,0
India,Tamil Nadu,Arantangi,0,0
India,Tamil Nadu,Arcot,0,0
India,Tamil Nadu,Arimalam,0,0
India,Tamil Nadu,Ariyalur,0,0
India,Tamil Nadu,Arni,0,0
India,Tamil Nadu,Arumbavur,0,0
India,Tamil Nadu,Arumuganeri,0,0
India,Tamil Nadu,Aruppukkottai,0,0
India,Tamil Nadu,Aruvankad,0,0
India,Tamil Nadu,Attayyampatti,0,0
India,Tamil Nadu,Attur,0,0
India,Tamil Nadu,Auroville,0,0
India,Tamil Nadu,Avadi,0,0
India,Tamil Nadu,Avinashi,0,0
India,Tamil Nadu,Ayakudi,0,0
India,Tamil Nadu,Ayyampettai,0,0
India,Tamil Nadu,Belur,0,0
India,Tamil Nadu,Bhavani,0,0
India,Tamil Nadu,Bodinayakkanur,0,0
India,Tamil Nadu,Chengam,0,0
India,Tamil Nadu,Chennai,0,0
India,Tamil Nadu,Chennimalai,0,0
India,Tamil Nadu,Chetput,0,0
India,Tamil Nadu,Chettipalaiyam,0,0
India,Tamil Nadu,Cheyyar,0,0
India,Tamil Nadu,Cheyyur,0,0
India,Tamil Nadu,Chidambaram,0,0
India,Tamil Nadu,Chingleput,0,0
India,Tamil Nadu,Chinna Salem,0,0
India,Tamil Nadu,Chinnamanur,0,0
India,Tamil Nadu,Chinnasekkadu,0,0
India,Tamil Nadu,Cholapuram,0,0
India,Tamil Nadu,Coimbatore,0,0
India,Tamil Nadu,Colachel,0,0
India,Tamil Nadu,Cuddalore,0,0
India,Tamil Nadu,Cumbum,0,0
India,Tamil Nadu,Denkanikota,0,0
India,Tamil Nadu,Desur,0,0
India,Tamil Nadu,Devadanappatti,0,0
India,Tamil Nadu,Devakottai,0,0
India,Tamil Nadu,Dhali,0,0
India,Tamil Nadu,Dharapuram,0,0
India,Tamil Nadu,Dharmapuri,0,0
India,Tamil Nadu,Dindigul,0,0
India,Tamil Nadu,Dusi,0,0
India,Tamil Nadu,Elayirampannai,0,0
India,Tamil Nadu,Elumalai,0,0
India,Tamil Nadu,Eral,0,0
India,Tamil Nadu,Eraniel,0,0
India,Tamil Nadu,Erode,0,0
India,Tamil Nadu,Erumaippatti,0,0
India,Tamil Nadu,Ettaiyapuram,0,0
India,Tamil Nadu,Gandhi Nagar,0,0
India,Tamil Nadu,Gangaikondan,0,0
India,Tamil Nadu,Gangavalli,0,0
India,Tamil Nadu,Gingee,0,0
India,Tamil Nadu,Gobichettipalayam,0,0
India,Tamil Nadu,Gudalur,0,0
India,Tamil Nadu,Gudiyatham,0,0
India,Tamil Nadu,Guduvancheri,0,0
India,Tamil Nadu,Gummidipundi,0,0
India,Tamil Nadu,Harur,0,0
India,Tamil Nadu,Hosur,0,0
India,Tamil Nadu,Idappadi,0,0
India,Tamil Nadu,Ilampillai,0,0
India,Tamil Nadu,Iluppur,0,0
India,Tamil Nadu,Injambakkam,0,0
India,Tamil Nadu,Irugur,0,0
India,Tamil Nadu,Jalakandapuram,0,0
India,Tamil Nadu,Jalarpet,0,0
India,Tamil Nadu,Jayamkondacholapuram,0,0
India,Tamil Nadu,Kadambur,0,0
India,Tamil Nadu,Kadayanallur,0,0
India,Tamil Nadu,Kalakkadu,0,0
India,Tamil Nadu,Kalavai,0,0
India,Tamil Nadu,Kallakkurichchi,0,0
India,Tamil Nadu,Kallidaikurichi,0,0
India,Tamil Nadu,Kallupatti,0,0
India,Tamil Nadu,Kalugumalai,0,0
India,Tamil Nadu,Kamuthi,0,0
India,Tamil Nadu,Kanadukattan,0,0
India,Tamil Nadu,Kancheepuram,0,0
India,Tamil Nadu,Kanchipuram,0,0
India,Tamil Nadu,Kangayam,0,0
India,Tamil Nadu,Kanniyakumari,0,0
India,Tamil Nadu,Karaikkudi,0,0
India,Tamil Nadu,Karamadai,0,0
India,Tamil Nadu,Karambakkudi,0,0
India,Tamil Nadu,Kariapatti,0,0
India,Tamil Nadu,Karumbakkam,0,0
India,Tamil Nadu,Karur,0,0
India,Tamil Nadu,Katpadi,0,0
India,Tamil Nadu,Kattivakkam,0,0
India,Tamil Nadu,Kattupputtur,0,0
India,Tamil Nadu,Kaveripatnam,0,0
India,Tamil Nadu,Kayalpattinam,0,0
India,Tamil Nadu,Kayattar,0,0
India,Tamil Nadu,Keelakarai,0,0
India,Tamil Nadu,Kelamangalam,0,0
India,Tamil Nadu,Kil Bhuvanagiri,0,0
India,Tamil Nadu,Kilvelur,0,0
India,Tamil Nadu,Kiranur,0,0
India,Tamil Nadu,Kodaikanal,0,0
India,Tamil Nadu,Kodumudi,0,0
India,Tamil Nadu,Kombai,0,0
India,Tamil Nadu,Konganapuram,0,0
India,Tamil Nadu,Koothanallur,0,0
India,Tamil Nadu,Koradachcheri,0,0
India,Tamil Nadu,Korampallam,0,0
India,Tamil Nadu,Kotagiri,0,0
India,Tamil Nadu,Kottaiyur,0,0
India,Tamil Nadu,Kovilpatti,0,0
India,Tamil Nadu,Krishnagiri,0,0
India,Tamil Nadu,Kulattur,0,0
India,Tamil Nadu,Kulittalai,0,0
India,Tamil Nadu,Kumaralingam,0,0
India,Tamil Nadu,Kumbakonam,0,0
India,Tamil Nadu,Kunnattur,0,0
India,Tamil Nadu,Kurinjippadi,0,0
India,Tamil Nadu,Kuttalam,0,0
India,Tamil Nadu,Kuzhithurai,0,0
India,Tamil Nadu,Lalgudi,0,0
India,Tamil Nadu,Madambakkam,0,0
India,Tamil Nadu,Madipakkam,0,0
India,Tamil Nadu,Madukkarai,0,0
India,Tamil Nadu,Madukkur,0,0
India,Tamil Nadu,Madurai,0,0
India,Tamil Nadu,Madurantakam,0,0
India,Tamil Nadu,Mallapuram,0,0
India,Tamil Nadu,Mallasamudram,0,0
India,Tamil Nadu,Mallur,0,0
India,Tamil Nadu,Manali,0,0
India,Tamil Nadu,Manalurpettai,0,0
India,Tamil Nadu,Manamadurai,0,0
India,Tamil Nadu,Manappakkam,0,0
India,Tamil Nadu,Manapparai,0,0
India,Tamil Nadu,Manavalakurichi,0,0
India,Tamil Nadu,Mandapam,0,0
India,Tamil Nadu,Mangalam,0,0
India,Tamil Nadu,Mannargudi,0,0
India,Tamil Nadu,Marakkanam,0,0
India,Tamil Nadu,Marandahalli,0,0
India,Tamil Nadu,Masinigudi,0,0
India,Tamil Nadu,Mattur,0,0
India,Tamil Nadu,Mayiladuthurai,0,0
India,Tamil Nadu,Melur,0,0
India,Tamil Nadu,Mettuppalaiyam,0,0
India,Tamil Nadu,Mettur,0,0
India,Tamil Nadu,Minjur,0,0
India,Tamil Nadu,Mohanur,0,0
India,Tamil Nadu,Mudukulattur,0,0
India,Tamil Nadu,Mulanur,0,0
India,Tamil Nadu,Musiri,0,0
India,Tamil Nadu,Muttupet,0,0
India,Tamil Nadu,Naduvattam,0,0
India,Tamil Nadu,Nagapattinam,0,0
India,Tamil Nadu,Nagercoil,0,0
India,Tamil Nadu,Namagiripettai,0,0
India,Tamil Nadu,Namakkal,0,0
India,Tamil Nadu,Nambiyur,0,0
India,Tamil Nadu,Nambutalai,0,0
India,Tamil Nadu,Nandambakkam,0,0
India,Tamil Nadu,Nangavalli,0,0
India,Tamil Nadu,Nangilickondan,0,0
India,Tamil Nadu,Nanguneri,0,0
India,Tamil Nadu,Nannilam,0,0
India,Tamil Nadu,Naravarikuppam,0,0
India,Tamil Nadu,Nattam,0,0
India,Tamil Nadu,Nattarasankottai,0,0
India,Tamil Nadu,Needamangalam,0,0
India,Tamil Nadu,Neelankarai,0,0
India,Tamil Nadu,Negapatam,0,0
India,Tamil Nadu,Nellikkuppam,0,0
India,Tamil Nadu,Nilakottai,0,0
India,Tamil Nadu,Nilgiris,0,0
India,Tamil Nadu,Odugattur,0,0
India,Tamil Nadu,Omalur,0,0
India,Tamil Nadu,Ooty,0,0
India,Tamil Nadu,Padmanabhapuram,0,0
India,Tamil Nadu,Palakkodu,0,0
India,Tamil Nadu,Palamedu,0,0
India,Tamil Nadu,Palani,0,0
India,Tamil Nadu,Palavakkam,0,0
India,Tamil Nadu,Palladam,0,0
India,Tamil Nadu,Pallappatti,0,0
India,Tamil Nadu,Pallattur,0,0
India,Tamil Nadu,Pallavaram,0,0
India,Tamil Nadu,Pallikondai,0,0
India,Tamil Nadu,Pallipattu,0,0
India,Tamil Nadu,Pallippatti,0,0
India,Tamil Nadu,Panruti,0,0
India,Tamil Nadu,Papanasam,0,0
India,Tamil Nadu,Papireddippatti,0,0
India,Tamil Nadu,Papparappatti,0,0
India,Tamil Nadu,Paramagudi,0,0
India,Tamil Nadu,Pattukkottai,0,0
India,Tamil Nadu,Pennadam,0,0
India,Tamil Nadu,Pennagaram,0,0
India,Tamil Nadu,Pennathur,0,0
India,Tamil Nadu,Peraiyur,0,0
India,Tamil Nadu,Perambalur,0,0
India,Tamil Nadu,Peranamallur,0,0
India,Tamil Nadu,Peranampattu,0,0
India,Tamil Nadu,Peravurani,0,0
India,Tamil Nadu,Periyakulam,0,0
India,Tamil Nadu,Periyanayakkanpalaiyam,0,0
India,Tamil Nadu,Periyanegamam,0,0
India,Tamil Nadu,Periyapatti,0,0
India,Tamil Nadu,Periyapattinam,0,0
India,Tamil Nadu,Perundurai,0,0
India,Tamil Nadu,Perungudi,0,0
India,Tamil Nadu,Perur,0,0
India,Tamil Nadu,Pollachi,0,0
India,Tamil Nadu,Polur,0,0
India,Tamil Nadu,Ponnamaravati,0,0
India,Tamil Nadu,Ponneri,0,0
India,Tamil Nadu,Poonamalle,0,0
India,Tamil Nadu,Porur,0,0
India,Tamil Nadu,Pudukkottai,0,0
India,Tamil Nadu,Puduppatti,0,0
India,Tamil Nadu,Pudur,0,0
India,Tamil Nadu,Puduvayal,0,0
India,Tamil Nadu,Puliyangudi,0,0
India,Tamil Nadu,Puliyur,0,0
India,Tamil Nadu,Pullambadi,0,0
India,Tamil Nadu,Punjai Puliyampatti,0,0
India,Tamil Nadu,Rajapalaiyam,0,0
India,Tamil Nadu,Ramanathapuram,0,0
India,Tamil Nadu,Rameswaram,0,0
India,Tamil Nadu,Ranipet,0,0
India,Tamil Nadu,Rasipuram,0,0
India,Tamil Nadu,Saint Thomas Mount,0,0
India,Tamil Nadu,Salem,0,0
India,Tamil Nadu,Sathankulam,0,0
India,Tamil Nadu,Sathyamangalam,0,0
India,Tamil Nadu,Sattur,0,0
India,Tamil Nadu,Sayalkudi,0,0
India,Tamil Nadu,Seven Pagodas,0,0
India,Tamil Nadu,Sholinghur,0,0
India,Tamil Nadu,Singanallur,0,0
India,Tamil Nadu,Singapperumalkovil,0,0
India,Tamil Nadu,Sirkazhi,0,0
India,Tamil Nadu,Sirumugai,0,0
India,Tamil Nadu,Sivaganga,0,0
India,Tamil Nadu,Sivagiri,0,0
India,Tamil Nadu,Sivakasi,0,0
India,Tamil Nadu,Srimushnam,0,0
India,Tamil Nadu,Sriperumbudur,0,0
India,Tamil Nadu,Srivaikuntam,0,0
India,Tamil Nadu,Srivilliputhur,0,0
India,Tamil Nadu,Suchindram,0,0
India,Tamil Nadu,Sulur,0,0
India,Tamil Nadu,Surandai,0,0
India,Tamil Nadu,Swamimalai,0,0
India,Tamil Nadu,Tambaram,0,0
India,Tamil Nadu,Tanjore,0,0
India,Tamil Nadu,Taramangalam,0,0
India,Tamil Nadu,Tattayyangarpettai,0,0
India,Tamil Nadu,Thanjavur,0,0
India,Tamil Nadu,Tharangambadi,0,0
India,Tamil Nadu,Theni,0,0
India,Tamil Nadu,Thenkasi,0,0
India,Tamil Nadu,Thirukattupalli,0,0
India,Tamil Nadu,Thiruthani,0,0
India,Tamil Nadu,Thiruvaiyaru,0,0
India,Tamil Nadu,Thiruvallur,0,0
India,Tamil Nadu,Thiruvarur,0,0
India,Tamil Nadu,Thiruvidaimaruthur,0,0
India,Tamil Nadu,Thoothukudi,0,0
India,Tamil Nadu,Tindivanam,0,0
India,Tamil Nadu,Tinnanur,0,0
India,Tamil Nadu,Tiruchchendur,0,0
India,Tamil Nadu,Tiruchengode,0,0
India,Tamil Nadu,Tiruchirappalli,0,0
India,Tamil Nadu,Tirukkoyilur,0,0
India,Tamil Nadu,Tirumullaivasal,0,0
India,Tamil Nadu,Tirunelveli,0,0
India,Tamil Nadu,Tirunelveli Kattabo,0,0
India,Tamil Nadu,Tiruppalaikudi,0,0
India,Tamil Nadu,Tirupparangunram,0,0
India,Tamil Nadu,Tiruppur,0,0
India,Tamil Nadu,Tiruppuvanam,0,0
India,Tamil Nadu,Tiruttangal,0,0
India,Tamil Nadu,Tiruvannamalai,0,0
India,Tamil Nadu,Tiruvottiyur,0,0
India,Tamil Nadu,Tisaiyanvilai,0,0
India,Tamil Nadu,Tondi,0,0
India,Tamil Nadu,Turaiyur,0,0
India,Tamil Nadu,Udangudi,0,0
India,Tamil Nadu,Udumalaippettai,0,0
India,Tamil Nadu,Uppiliyapuram,0,0
India,Tamil Nadu,Usilampatti,0,0
India,Tamil Nadu,Uttamapalaiyam,0,0
India,Tamil Nadu,Uttiramerur,0,0
India,Tamil Nadu,Uttukkuli,0,0
India,Tamil Nadu,V.S.K.Valasai (Dindigul-Dist.),0,0
India,Tamil Nadu,Vadakku Valliyur,0,0
India,Tamil Nadu,Vadakku Viravanallur,0,0
India,Tamil Nadu,Vadamadurai,0,0
India,Tamil Nadu,Vadippatti,0,0
India,Tamil Nadu,Valangaiman,0,0
India,Tamil Nadu,Valavanur,0,0
India,Tamil Nadu,Vallam,0,0
India,Tamil Nadu,Valparai,0,0
India,Tamil Nadu,Vandalur,0,0
India,Tamil Nadu,Vandavasi,0,0
India,Tamil Nadu,Vaniyambadi,0,0
India,Tamil Nadu,Vasudevanallur,0,0
India,Tamil Nadu,Vattalkundu,0,0
India,Tamil Nadu,Vedaraniyam,0,0
India,Tamil Nadu,Vedasandur,0,0
India,Tamil Nadu,Velankanni,0,0
India,Tamil Nadu,Vellanur,0,0
India,Tamil Nadu,Vellore,0,0
India,Tamil Nadu,Velur,0,0
India,Tamil Nadu,Vengavasal,0,0
India,Tamil Nadu,Vettaikkaranpudur,0,0
India,Tamil Nadu,Vettavalam,0,0
India,Tamil Nadu,Vijayapuri,0,0
India,Tamil Nadu,Vikravandi,0,0
India,Tamil Nadu,Vilattikulam,0,0
India,Tamil Nadu,Villupuram,0,0
India,Tamil Nadu,Viraganur,0,0
India,Tamil Nadu,Virudhunagar,0,0
India,Tamil Nadu,Vriddhachalam,0,0
India,Tamil Nadu,Walajapet,0,0
India,Tamil Nadu,Wallajahbad,0,0
India,Tamil Nadu,Wellington,0,0
India,Telangana,Adilabad,0,0
India,Telangana,Alampur,0,0
India,Telangana,Andol,0,0
India,Telangana,Asifabad,0,0
India,Telangana,Balapur,0,0
India,Telangana,Banswada,0,0
India,Telangana,Bellampalli,0,0
India,Telangana,Bhadrachalam,0,0
India,Telangana,Bhadradri Kothagudem,0,0
India,Telangana,Bhaisa,0,0
India,Telangana,Bhongir,0,0
India,Telangana,Bodhan,0,0
India,Telangana,Chandur,0,0
India,Telangana,Chatakonda,0,0
India,Telangana,Dasnapur,0,0
India,Telangana,Devarkonda,0,0
India,Telangana,Dornakal,0,0
India,Telangana,Farrukhnagar,0,0
India,Telangana,Gaddi Annaram,0,0
India,Telangana,Gadwal,0,0
India,Telangana,Ghatkesar,0,0
India,Telangana,Gopalur,0,0
India,Telangana,Gudur,0,0
India,Telangana,Hyderabad,0,0
India,Telangana,Jagtial,0,0
India,Telangana,Jangaon,0,0
India,Telangana,Jayashankar Bhupalapally,0,0
India,Telangana,Jogulamba Gadwal,0,0
India,Telangana,Kagaznagar,0,0
India,Telangana,Kamareddi,0,0
India,Telangana,Kamareddy,0,0
India,Telangana,Karimnagar,0,0
India,Telangana,Khammam,0,0
India,Telangana,Kodar,0,0
India,Telangana,Koratla,0,0
India,Telangana,Kothapet,0,0
India,Telangana,Kottagudem,0,0
India,Telangana,Kottapalli,0,0
India,Telangana,Kukatpally,0,0
India,Telangana,Kyathampalle,0,0
India,Telangana,Lakshettipet,0,0
India,Telangana,Lal Bahadur Nagar,0,0
India,Telangana,Mahabubabad,0,0
India,Telangana,Mahbubnagar,0,0
India,Telangana,Malkajgiri,0,0
India,Telangana,Mancheral,0,0
India,Telangana,Mandamarri,0,0
India,Telangana,Manthani,0,0
India,Telangana,Manuguru,0,0
India,Telangana,Medak,0,0
India,Telangana,Medchal,0,0
India,Telangana,Medchal Malkajgiri,0,0
India,Telangana,Mirialguda,0,0
India,Telangana,Nagar Karnul,0,0
India,Telangana,Nalgonda,0,0
India,Telangana,Narayanpet,0,0
India,Telangana,Narsingi,0,0
India,Telangana,Naspur,0,0
India,Telangana,Nirmal,0,0
India,Telangana,Nizamabad,0,0
India,Telangana,Paloncha,0,0
India,Telangana,Palwancha,0,0
India,Telangana,Patancheru,0,0
India,Telangana,Peddapalli,0,0
India,Telangana,Quthbullapur,0,0
India,Telangana,Rajanna Sircilla,0,0
India,Telangana,Ramagundam,0,0
India,Telangana,Ramgundam,0,0
India,Telangana,Rangareddi,0,0
India,Telangana,Sadaseopet,0,0
India,Telangana,Sangareddi,0,0
India,Telangana,Sathupalli,0,0
India,Telangana,Secunderabad,0,0
India,Telangana,Serilingampalle,0,0
India,Telangana,Siddipet,0,0
India,Telangana,Singapur,0,0
India,Telangana,Sirpur,0,0
India,Telangana,Sirsilla,0,0
India,Telangana,Sriramnagar,0,0
India,Telangana,Suriapet,0,0
India,Telangana,Tandur,0,0
India,Telangana,Uppal Kalan,0,0
India,Telangana,Vemalwada,0,0
India,Telangana,Vikarabad,0,0
India,Telangana,Wanparti,0,0
India,Telangana,Warangal,0,0
India,Telangana,Yellandu,0,0
India,Telangana,Zahirabad,0,0
India,Tripura,Agartala,0,0
India,Tripura,Amarpur,0,0
India,Tripura,Ambasa,0,0
India,Tripura,Barjala,0,0
India,Tripura,Belonia,0,0
India,Tripura,Dhalai,0,0
India,Tripura,Dharmanagar,0,0
India,Tripura,Gomati,0,0
India,Tripura,Kailashahar,0,0
India,Tripura,Kamalpur,0,0
India,Tripura,Khowai,0,0
India,Tripura,North Tripura,0,0
India,Tripura,Ranir Bazar,0,0
India,Tripura,Sabrum,0,0
India,Tripura,Sonamura,0,0
India,Tripura,South Tripura,0,0
India,Tripura,Udaipur,0,0
India,Tripura,Unakoti,0,0
India,Tripura,West Tripura,0,0
India,Uttar Pradesh,Achhnera,0,0
India,Uttar Pradesh,Afzalgarh,0,0
India,Uttar Pradesh,Agra,0,0
India,Uttar Pradesh,Ahraura,0,0
India,Uttar Pradesh,Aidalpur,0,0
India,Uttar Pradesh,Airwa,0,0
India,Uttar Pradesh,Akbarpur,0,0
India,Uttar Pradesh,Akola,0,0
India,Uttar Pradesh,Aliganj,0,0
India,Uttar Pradesh,Aligarh,0,0
India,Uttar Pradesh,Allahabad,0,0
India,Uttar Pradesh,Allahganj,0,0
India,Uttar Pradesh,Amanpur,0,0
India,Uttar Pradesh,Amauli,0,0
India,Uttar Pradesh,Ambahta,0,0
India,Uttar Pradesh,Ambedkar Nagar,0,0
India,Uttar Pradesh,Amethi,0,0
India,Uttar Pradesh,Amroha,0,0
India,Uttar Pradesh,Anandnagar,0,0
India,Uttar Pradesh,Antu,0,0
India,Uttar Pradesh,Anupshahr,0,0
India,Uttar Pradesh,Aonla,0,0
India,Uttar Pradesh,Araul,0,0
India,Uttar Pradesh,Asalatganj,0,0
India,Uttar Pradesh,Atarra,0,0
India,Uttar Pradesh,Atrauli,0,0
India,Uttar Pradesh,Atraulia,0,0
India,Uttar Pradesh,Auraiya,0,0
India,Uttar Pradesh,Auras,0,0
India,Uttar Pradesh,Ayodhya,0,0
India,Uttar Pradesh,Azamgarh,0,0
India,Uttar Pradesh,Azizpur,0,0
India,Uttar Pradesh,Baberu,0,0
India,Uttar Pradesh,Babina,0,0
India,Uttar Pradesh,Babrala,0,0
India,Uttar Pradesh,Babugarh,0,0
India,Uttar Pradesh,Bachhraon,0,0
India,Uttar Pradesh,Bachhrawan,0,0
India,Uttar Pradesh,Baghpat,0,0
India,Uttar Pradesh,Baghra,0,0
India,Uttar Pradesh,Bah,0,0
India,Uttar Pradesh,Baheri,0,0
India,Uttar Pradesh,Bahjoi,0,0
India,Uttar Pradesh,Bahraich,0,0
India,Uttar Pradesh,Bahraigh,0,0
India,Uttar Pradesh,Bahsuma,0,0
India,Uttar Pradesh,Bahua,0,0
India,Uttar Pradesh,Bajna,0,0
India,Uttar Pradesh,Bakewar,0,0
India,Uttar Pradesh,Baksar,0,0
India,Uttar Pradesh,Balamau,0,0
India,Uttar Pradesh,Baldeo,0,0
India,Uttar Pradesh,Baldev,0,0
India,Uttar Pradesh,Ballia,0,0
India,Uttar Pradesh,Balrampur,0,0
India,Uttar Pradesh,Banat,0,0
India,Uttar Pradesh,Banbasa,0,0
India,Uttar Pradesh,Banda,0,0
India,Uttar Pradesh,Bangarmau,0,0
India,Uttar Pradesh,Bansdih,0,0
India,Uttar Pradesh,Bansgaon,0,0
India,Uttar Pradesh,Bansi,0,0
India,Uttar Pradesh,Banthra,0,0
India,Uttar Pradesh,Bara Banki,0,0
India,Uttar Pradesh,Baragaon,0,0
India,Uttar Pradesh,Baraut,0,0
India,Uttar Pradesh,Bareilly,0,0
India,Uttar Pradesh,Barhalganj,0,0
India,Uttar Pradesh,Barkhera,0,0
India,Uttar Pradesh,Barkhera Kalan,0,0
India,Uttar Pradesh,Barokhar,0,0
India,Uttar Pradesh,Barsana,0,0
India,Uttar Pradesh,Barwar (Lakhimpur Kheri),0,0
India,Uttar Pradesh,Basti,0,0
India,Uttar Pradesh,Behat,0,0
India,Uttar Pradesh,Bela,0,0
India,Uttar Pradesh,Belthara,0,0
India,Uttar Pradesh,Beniganj,0,0
India,Uttar Pradesh,Beswan,0,0
India,Uttar Pradesh,Bewar,0,0
India,Uttar Pradesh,Bhadarsa,0,0
India,Uttar Pradesh,Bhadohi,0,0
India,Uttar Pradesh,Bhagwantnagar,0,0
India,Uttar Pradesh,Bharatpura,0,0
India,Uttar Pradesh,Bhargain,0,0
India,Uttar Pradesh,Bharthana,0,0
India,Uttar Pradesh,Bharwari,0,0
India,Uttar Pradesh,Bhaupur,0,0
India,Uttar Pradesh,Bhimtal,0,0
India,Uttar Pradesh,Bhinga,0,0
India,Uttar Pradesh,Bhognipur,0,0
India,Uttar Pradesh,Bhongaon,0,0
India,Uttar Pradesh,Bidhnu,0,0
India,Uttar Pradesh,Bidhuna,0,0
India,Uttar Pradesh,Bighapur,0,0
India,Uttar Pradesh,Bighapur Khurd,0,0
India,Uttar Pradesh,Bijnor,0,0
India,Uttar Pradesh,Bikapur,0,0
India,Uttar Pradesh,Bilari,0,0
India,Uttar Pradesh,Bilariaganj,0,0
India,Uttar Pradesh,Bilaspur,0,0
India,Uttar Pradesh,Bilgram,0,0
India,Uttar Pradesh,Bilhaur,0,0
India,Uttar Pradesh,Bilsanda,0,0
India,Uttar Pradesh,Bilsi,0,0
India,Uttar Pradesh,Bilthra,0,0
India,Uttar Pradesh,Binauli,0,0
India,Uttar Pradesh,Binaur,0,0
India,Uttar Pradesh,Bindki,0,0
India,Uttar Pradesh,Birdpur,0,0
India,Uttar Pradesh,Birpur,0,0
India,Uttar Pradesh,Bisalpur,0,0
India,Uttar Pradesh,Bisanda Buzurg,0,0
India,Uttar Pradesh,Bisauli,0,0
India,Uttar Pradesh,Bisenda Buzurg,0,0
India,Uttar Pradesh,Bishunpur Urf Maharajganj,0,0
India,Uttar Pradesh,Biswan,0,0
India,Uttar Pradesh,Bithur,0,0
India,Uttar Pradesh,Budaun,0,0
India,Uttar Pradesh,Budhana,0,0
India,Uttar Pradesh,Bulandshahr,0,0
India,Uttar Pradesh,Captainganj,0,0
India,Uttar Pradesh,Chail,0,0
India,Uttar Pradesh,Chakia,0,0
India,Uttar Pradesh,Chandauli,0,0
India,Uttar Pradesh,Chandauli District,0,0
India,Uttar Pradesh,Chandausi,0,0
India,Uttar Pradesh,Chandpur,0,0
India,Uttar Pradesh,Chanduasi,0,0
India,Uttar Pradesh,Charkhari,0,0
India,Uttar Pradesh,Charthawal,0,0
India,Uttar Pradesh,Chhaprauli,0,0
India,Uttar Pradesh,Chharra,0,0
India,Uttar Pradesh,Chhata,0,0
India,Uttar Pradesh,Chhibramau,0,0
India,Uttar Pradesh,Chhitauni,0,0
India,Uttar Pradesh,Chhutmalpur,0,0
India,Uttar Pradesh,Chillupar,0,0
India,Uttar Pradesh,Chirgaon,0,0
India,Uttar Pradesh,Chitrakoot,0,0
India,Uttar Pradesh,Chitrakoot Dham,0,0
India,Uttar Pradesh,Chopan,0,0
India,Uttar Pradesh,Chunar,0,0
India,Uttar Pradesh,Churk,0,0
India,Uttar Pradesh,Colonelganj,0,0
India,Uttar Pradesh,Dadri,0,0
India,Uttar Pradesh,Dalmau,0,0
India,Uttar Pradesh,Dankaur,0,0
India,Uttar Pradesh,Daraganj,0,0
India,Uttar Pradesh,Daranagar,0,0
India,Uttar Pradesh,Dasna,0,0
India,Uttar Pradesh,Dataganj,0,0
India,Uttar Pradesh,Daurala,0,0
India,Uttar Pradesh,Dayal Bagh,0,0
India,Uttar Pradesh,Deoband,0,0
India,Uttar Pradesh,Deogarh,0,0
India,Uttar Pradesh,Deoranian,0,0
India,Uttar Pradesh,Deoria,0,0
India,Uttar Pradesh,Derapur,0,0
India,Uttar Pradesh,Dewa,0,0
India,Uttar Pradesh,Dhampur,0,0
India,Uttar Pradesh,Dhanaura,0,0
India,Uttar Pradesh,Dhanghata,0,0
India,Uttar Pradesh,Dharau,0,0
India,Uttar Pradesh,Dhaurahra,0,0
India,Uttar Pradesh,Dibai,0,0
India,Uttar Pradesh,Divrasai,0,0
India,Uttar Pradesh,Dohrighat,0,0
India,Uttar Pradesh,Domariaganj,0,0
India,Uttar Pradesh,Dostpur,0,0
India,Uttar Pradesh,Dudhi,0,0
India,Uttar Pradesh,Etah,0,0
India,Uttar Pradesh,Etawah,0,0
India,Uttar Pradesh,Etmadpur,0,0
India,Uttar Pradesh,Faizabad,0,0
India,Uttar Pradesh,Farah,0,0
India,Uttar Pradesh,Faridnagar,0,0
India,Uttar Pradesh,Faridpur,0,0
India,Uttar Pradesh,Farrukhabad,0,0
India,Uttar Pradesh,Fatehabad,0,0
India,Uttar Pradesh,Fatehganj West,0,0
India,Uttar Pradesh,Fatehgarh,0,0
India,Uttar Pradesh,Fatehpur,0,0
India,Uttar Pradesh,Fatehpur (Barabanki),0,0
India,Uttar Pradesh,Fatehpur Chaurasi,0,0
India,Uttar Pradesh,Fatehpur Sikri,0,0
India,Uttar Pradesh,Firozabad,0,0
India,Uttar Pradesh,Fyzabad,0,0
India,Uttar Pradesh,Gahlon,0,0
India,Uttar Pradesh,Gahmar,0,0
India,Uttar Pradesh,Gaini,0,0
India,Uttar Pradesh,Gajraula,0,0
India,Uttar Pradesh,Gangoh,0,0
India,Uttar Pradesh,Ganj Dundawara,0,0
India,Uttar Pradesh,Ganj Dundwara,0,0
India,Uttar Pradesh,Ganj Muradabad,0,0
India,Uttar Pradesh,Garautha,0,0
India,Uttar Pradesh,Garhi Pukhta,0,0
India,Uttar Pradesh,Garhmuktesar,0,0
India,Uttar Pradesh,Garhwa,0,0
India,Uttar Pradesh,Gauriganj,0,0
India,Uttar Pradesh,Gautam Buddha Nagar,0,0
India,Uttar Pradesh,Gawan,0,0
India,Uttar Pradesh,Ghatampur,0,0
India,Uttar Pradesh,Ghaziabad,0,0
India,Uttar Pradesh,Ghazipur,0,0
India,Uttar Pradesh,Ghiror,0,0
India,Uttar Pradesh,Ghorawal,0,0
India,Uttar Pradesh,Ghosi,0,0
India,Uttar Pradesh,Gohand,0,0
India,Uttar Pradesh,Gokul,0,0
India,Uttar Pradesh,Gola Bazar,0,0
India,Uttar Pradesh,Gola Gokarannath,0,0
India,Uttar Pradesh,Gonda,0,0
India,Uttar Pradesh,Gopamau,0,0
India,Uttar Pradesh,Gorakhpur,0,0
India,Uttar Pradesh,Gosainganj,0,0
India,Uttar Pradesh,Goshainganj,0,0
India,Uttar Pradesh,Govardhan,0,0
India,Uttar Pradesh,Greater Noida,0,0
India,Uttar Pradesh,Gulaothi,0,0
India,Uttar Pradesh,Gunnaur,0,0
India,Uttar Pradesh,Gursahaiganj,0,0
India,Uttar Pradesh,Gursarai,0,0
India,Uttar Pradesh,Gyanpur,0,0
India,Uttar Pradesh,Haldaur,0,0
India,Uttar Pradesh,Hamirpur,0,0
India,Uttar Pradesh,Handia,0,0
India,Uttar Pradesh,Hapur,0,0
India,Uttar Pradesh,Haraipur,0,0
India,Uttar Pradesh,Haraiya,0,0
India,Uttar Pradesh,Harchandpur,0,0
India,Uttar Pradesh,Hardoi,0,0
India,Uttar Pradesh,Harduaganj,0,0
India,Uttar Pradesh,Hasanpur,0,0
India,Uttar Pradesh,Hastinapur,0,0
India,Uttar Pradesh,Hata,0,0
India,Uttar Pradesh,Hata (India),0,0
India,Uttar Pradesh,Hathras,0,0
India,Uttar Pradesh,Hulas,0,0
India,Uttar Pradesh,Ibrahimpur,0,0
India,Uttar Pradesh,Iglas,0,0
India,Uttar Pradesh,Ikauna,0,0
India,Uttar Pradesh,Indergarh,0,0
India,Uttar Pradesh,Indragarh,0,0
India,Uttar Pradesh,Islamnagar,0,0
India,Uttar Pradesh,Islamnagar (Badaun),0,0
India,Uttar Pradesh,Itaunja,0,0
India,Uttar Pradesh,Itimadpur,0,0
India,Uttar Pradesh,Jagdishpur,0,0
India,Uttar Pradesh,Jagnair,0,0
India,Uttar Pradesh,Jahanabad,0,0
India,Uttar Pradesh,Jahanabad (Pilibhit),0,0
India,Uttar Pradesh,Jahangirabad,0,0
India,Uttar Pradesh,Jahangirpur,0,0
India,Uttar Pradesh,Jainpur,0,0
India,Uttar Pradesh,Jais,0,0
India,Uttar Pradesh,Jalalabad,0,0
India,Uttar Pradesh,Jalali,0,0
India,Uttar Pradesh,Jalalpur,0,0
India,Uttar Pradesh,Jalaun,0,0
India,Uttar Pradesh,Jalesar,0,0
India,Uttar Pradesh,Janghai,0,0
India,Uttar Pradesh,Jansath,0,0
India,Uttar Pradesh,Jarwa,0,0
India,Uttar Pradesh,Jarwal,0,0
India,Uttar Pradesh,Jasrana,0,0
India,Uttar Pradesh,Jaswantnagar,0,0
India,Uttar Pradesh,Jaunpur,0,0
India,Uttar Pradesh,Jewar,0,0
India,Uttar Pradesh,Jhajhar,0,0
India,Uttar Pradesh,Jhalu,0,0
India,Uttar Pradesh,Jhansi,0,0
India,Uttar Pradesh,Jhinjhak,0,0
India,Uttar Pradesh,Jhinjhana,0,0
India,Uttar Pradesh,Jhusi,0,0
India,Uttar Pradesh,Jiyanpur,0,0
India,Uttar Pradesh,Jyotiba Phule Nagar,0,0
India,Uttar Pradesh,Kabrai,0,0
India,Uttar Pradesh,Kachhwa,0,0
India,Uttar Pradesh,Kadaura,0,0
India,Uttar Pradesh,Kadipur,0,0
India,Uttar Pradesh,Kagarol,0,0
India,Uttar Pradesh,Kaimganj,0,0
India,Uttar Pradesh,Kairana,0,0
India,Uttar Pradesh,Kakori,0,0
India,Uttar Pradesh,Kakrala,0,0
India,Uttar Pradesh,Kalinagar,0,0
India,Uttar Pradesh,Kalpi,0,0
India,Uttar Pradesh,Kalyanpur,0,0
India,Uttar Pradesh,Kamalganj,0,0
India,Uttar Pradesh,Kampil,0,0
India,Uttar Pradesh,Kandhla,0,0
India,Uttar Pradesh,Kannauj,0,0
India,Uttar Pradesh,Kanpur,0,0
India,Uttar Pradesh,Kanpur Dehat,0,0
India,Uttar Pradesh,Kant,0,0
India,Uttar Pradesh,Kanth,0,0
India,Uttar Pradesh,Kaptanganj,0,0
India,Uttar Pradesh,Kara,0,0
India,Uttar Pradesh,Karari,0,0
India,Uttar Pradesh,Karbigwan,0,0
India,Uttar Pradesh,Karchana,0,0
India,Uttar Pradesh,Karhal,0,0
India,Uttar Pradesh,Kasganj,0,0
India,Uttar Pradesh,Katra,0,0
India,Uttar Pradesh,Kausani,0,0
India,Uttar Pradesh,Kaushambi District,0,0
India,Uttar Pradesh,Kemri,0,0
India,Uttar Pradesh,Khada,0,0
India,Uttar Pradesh,Khaga,0,0
India,Uttar Pradesh,Khailar,0,0
India,Uttar Pradesh,Khair,0,0
India,Uttar Pradesh,Khairabad,0,0
India,Uttar Pradesh,Khalilabad,0,0
India,Uttar Pradesh,Khanpur,0,0
India,Uttar Pradesh,Kharela,0,0
India,Uttar Pradesh,Khargupur,0,0
India,Uttar Pradesh,Kharkhauda,0,0
India,Uttar Pradesh,Khatauli,0,0
India,Uttar Pradesh,Khekra,0,0
India,Uttar Pradesh,Kheri,0,0
India,Uttar Pradesh,Khudaganj,0,0
India,Uttar Pradesh,Khurja,0,0
India,Uttar Pradesh,Khutar,0,0
India,Uttar Pradesh,Kirakat,0,0
India,Uttar Pradesh,Kiraoli,0,0
India,Uttar Pradesh,Kiratpur,0,0
India,Uttar Pradesh,Kishanpur,0,0
India,Uttar Pradesh,Kishanpur baral,0,0
India,Uttar Pradesh,Kishni,0,0
India,Uttar Pradesh,Kithor,0,0
India,Uttar Pradesh,Konch,0,0
India,Uttar Pradesh,Kopaganj,0,0
India,Uttar Pradesh,Kosi,0,0
India,Uttar Pradesh,Kota,0,0
India,Uttar Pradesh,Kotra,0,0
India,Uttar Pradesh,Kuchesar,0,0
India,Uttar Pradesh,Kudarkot,0,0
India,Uttar Pradesh,Kulpahar,0,0
India,Uttar Pradesh,Kunda,0,0
India,Uttar Pradesh,Kundarkhi,0,0
India,Uttar Pradesh,Kundarki,0,0
India,Uttar Pradesh,Kurara,0,0
India,Uttar Pradesh,Kurebharsaidkhanpur,0,0
India,Uttar Pradesh,Kushinagar,0,0
India,Uttar Pradesh,Kusmara,0,0
India,Uttar Pradesh,Kuthaund,0,0
India,Uttar Pradesh,Laharpur,0,0
India,Uttar Pradesh,Lakhimpur,0,0
India,Uttar Pradesh,Lakhna,0,0
India,Uttar Pradesh,Lalganj,0,0
India,Uttar Pradesh,Lalitpur,0,0
India,Uttar Pradesh,Lambhua,0,0
India,Uttar Pradesh,Lar,0,0
India,Uttar Pradesh,Lawar,0,0
India,Uttar Pradesh,Lawar Khas,0,0
India,Uttar Pradesh,Loni,0,0
India,Uttar Pradesh,Lucknow,0,0
India,Uttar Pradesh,Lucknow District,0,0
India,Uttar Pradesh,Machhali Shahar,0,0
India,Uttar Pradesh,Machhlishahr,0,0
India,Uttar Pradesh,Madhoganj,0,0
India,Uttar Pradesh,Madhogarh,0,0
India,Uttar Pradesh,Maghar,0,0
India,Uttar Pradesh,Mahaban,0,0
India,Uttar Pradesh,Maharajganj,0,0
India,Uttar Pradesh,Mahmudabad,0,0
India,Uttar Pradesh,Mahoba,0,0
India,Uttar Pradesh,Maholi,0,0
India,Uttar Pradesh,Mahrajganj,0,0
India,Uttar Pradesh,Mahrajganj (Raebareli),0,0
India,Uttar Pradesh,Mahroni,0,0
India,Uttar Pradesh,Mahul,0,0
India,Uttar Pradesh,Mailani,0,0
India,Uttar Pradesh,Mainpuri,0,0
India,Uttar Pradesh,Majhupur,0,0
India,Uttar Pradesh,Makanpur,0,0
India,Uttar Pradesh,Malasa,0,0
India,Uttar Pradesh,Malihabad,0,0
India,Uttar Pradesh,Mandawar,0,0
India,Uttar Pradesh,Maniar,0,0
India,Uttar Pradesh,Manikpur,0,0
India,Uttar Pradesh,Manjhanpur,0,0
India,Uttar Pradesh,Mankapur,0,0
India,Uttar Pradesh,Marahra,0,0
India,Uttar Pradesh,Mariahu,0,0
India,Uttar Pradesh,Mataundh,0,0
India,Uttar Pradesh,Mathura,0,0
India,Uttar Pradesh,Mau,0,0
India,Uttar Pradesh,Mau Aima,0,0
India,Uttar Pradesh,Mau Aimma,0,0
India,Uttar Pradesh,Maudaha,0,0
India,Uttar Pradesh,Maurawan,0,0
India,Uttar Pradesh,Mawana,0,0
India,Uttar Pradesh,Mawar,0,0
India,Uttar Pradesh,Meerut,0,0
India,Uttar Pradesh,Mehdawal,0,0
India,Uttar Pradesh,Mehnagar,0,0
India,Uttar Pradesh,Mehndawal,0,0
India,Uttar Pradesh,Milak,0,0
India,Uttar Pradesh,Milkipur,0,0
India,Uttar Pradesh,Miranpur,0,0
India,Uttar Pradesh,Miranpur Katra,0,0
India,Uttar Pradesh,Mirganj,0,0
India,Uttar Pradesh,Mirzapur,0,0
India,Uttar Pradesh,Misrikh,0,0
India,Uttar Pradesh,Mohan,0,0
India,Uttar Pradesh,Mohanpur,0,0
India,Uttar Pradesh,Moradabad,0,0
India,Uttar Pradesh,Moth,0,0
India,Uttar Pradesh,Mubarakpur,0,0
India,Uttar Pradesh,Mughal Sarai,0,0
India,Uttar Pradesh,Muhammadabad,0,0
India,Uttar Pradesh,Mukteshwar,0,0
India,Uttar Pradesh,Mungra Badshahpur,0,0
India,Uttar Pradesh,Munsyari,0,0
India,Uttar Pradesh,Muradabad,0,0
India,Uttar Pradesh,Muradnagar,0,0
India,Uttar Pradesh,Mursan,0,0
India,Uttar Pradesh,Musafir-Khana,0,0
India,Uttar Pradesh,Musafirkhana,0,0
India,Uttar Pradesh,Muzaffarnagar,0,0
India,Uttar Pradesh,Nadigaon,0,0
India,Uttar Pradesh,Nagina,0,0
India,Uttar Pradesh,Nagla,0,0
India,Uttar Pradesh,Nagram,0,0
India,Uttar Pradesh,Najibabad,0,0
India,Uttar Pradesh,Nakur,0,0
India,Uttar Pradesh,Nanauta,0,0
India,Uttar Pradesh,Nandgaon,0,0
India,Uttar Pradesh,Nanpara,0,0
India,Uttar Pradesh,Narauli,0,0
India,Uttar Pradesh,Naraura,0,0
India,Uttar Pradesh,Narora,0,0
India,Uttar Pradesh,Naugama,0,0
India,Uttar Pradesh,Naurangpur,0,0
India,Uttar Pradesh,Nautanwa,0,0
India,Uttar Pradesh,Nawabganj,0,0
India,Uttar Pradesh,Nawabganj (Barabanki),0,0
India,Uttar Pradesh,Nawabganj (Bareilly),0,0
India,Uttar Pradesh,Newara,0,0
India,Uttar Pradesh,Nichlaul,0,0
India,Uttar Pradesh,Nigoh,0,0
India,Uttar Pradesh,Nihtaur,0,0
India,Uttar Pradesh,Niwari,0,0
India,Uttar Pradesh,Nizamabad,0,0
India,Uttar Pradesh,Noida,0,0
India,Uttar Pradesh,Nurpur,0,0
India,Uttar Pradesh,Obra,0,0
India,Uttar Pradesh,Orai,0,0
India,Uttar Pradesh,Oran,0,0
India,Uttar Pradesh,Pachperwa,0,0
India,Uttar Pradesh,Padrauna,0,0
India,Uttar Pradesh,Pahasu,0,0
India,Uttar Pradesh,Paigaon,0,0
India,Uttar Pradesh,Pali,0,0
India,Uttar Pradesh,Palia Kalan,0,0
India,Uttar Pradesh,Paras Rampur,0,0
India,Uttar Pradesh,Parichha,0,0
India,Uttar Pradesh,Parichhatgarh,0,0
India,Uttar Pradesh,Parshadepur,0,0
India,Uttar Pradesh,Pathakpura,0,0
India,Uttar Pradesh,Patiali,0,0
India,Uttar Pradesh,Patti,0,0
India,Uttar Pradesh,Pawayan,0,0
India,Uttar Pradesh,Payagpur,0,0
India,Uttar Pradesh,Phalauda,0,0
India,Uttar Pradesh,Phaphamau,0,0
India,Uttar Pradesh,Phaphund,0,0
India,Uttar Pradesh,Phariha,0,0
India,Uttar Pradesh,Pheona,0,0
India,Uttar Pradesh,Phulpur,0,0
India,Uttar Pradesh,Pichhaura,0,0
India,Uttar Pradesh,Pihani,0,0
India,Uttar Pradesh,Pilibhit,0,0
India,Uttar Pradesh,Pilkhua,0,0
India,Uttar Pradesh,Pilkhuwa,0,0
India,Uttar Pradesh,Pinahat,0,0
India,Uttar Pradesh,Pipraich,0,0
India,Uttar Pradesh,Pipri,0,0
India,Uttar Pradesh,Pratapgarh,0,0
India,Uttar Pradesh,Prayagraj (Allahabad),0,0
India,Uttar Pradesh,Pukhrayan,0,0
India,Uttar Pradesh,Puranpur,0,0
India,Uttar Pradesh,Purmafi,0,0
India,Uttar Pradesh,Purwa,0,0
India,Uttar Pradesh,Qadirganj,0,0
India,Uttar Pradesh,Rabupura,0,0
India,Uttar Pradesh,Radha Kund,0,0
India,Uttar Pradesh,Radhakund,0,0
India,Uttar Pradesh,Raebareli,0,0
India,Uttar Pradesh,Rajapur,0,0
India,Uttar Pradesh,Ramkola,0,0
India,Uttar Pradesh,Ramnagar,0,0
India,Uttar Pradesh,Rampur,0,0
India,Uttar Pradesh,Rampura,0,0
India,Uttar Pradesh,Ranipur,0,0
India,Uttar Pradesh,Ranipur Barsi,0,0
India,Uttar Pradesh,Rasra,0,0
India,Uttar Pradesh,Rasulabad,0,0
India,Uttar Pradesh,Rath,0,0
India,Uttar Pradesh,Raya,0,0
India,Uttar Pradesh,Rehar,0,0
India,Uttar Pradesh,Renukoot,0,0
India,Uttar Pradesh,Renukut,0,0
India,Uttar Pradesh,Reoti,0,0
India,Uttar Pradesh,Reotipur,0,0
India,Uttar Pradesh,Richha,0,0
India,Uttar Pradesh,Robertsganj,0,0
India,Uttar Pradesh,Rudarpur,0,0
India,Uttar Pradesh,Rudauli,0,0
India,Uttar Pradesh,Rura,0,0
India,Uttar Pradesh,Sabalpur,0,0
India,Uttar Pradesh,Sachendi,0,0
India,Uttar Pradesh,Sadabad,0,0
India,Uttar Pradesh,Sadat,0,0
India,Uttar Pradesh,Safipur,0,0
India,Uttar Pradesh,Saharanpur,0,0
India,Uttar Pradesh,Sahaspur,0,0
India,Uttar Pradesh,Sahaswan,0,0
India,Uttar Pradesh,Sahawar,0,0
India,Uttar Pradesh,Sahibabad,0,0
India,Uttar Pradesh,Sahpau,0,0
India,Uttar Pradesh,Saidpur,0,0
India,Uttar Pradesh,Sakhanu,0,0
India,Uttar Pradesh,Sakit,0,0
India,Uttar Pradesh,Salempur,0,0
India,Uttar Pradesh,Salon,0,0
India,Uttar Pradesh,Sambhal,0,0
India,Uttar Pradesh,Samthar,0,0
India,Uttar Pradesh,Sandi,0,0
India,Uttar Pradesh,Sandila,0,0
India,Uttar Pradesh,Sant Kabir Nagar,0,0
India,Uttar Pradesh,Sant Ravi Das Nagar,0,0
India,Uttar Pradesh,Sarai Akil,0,0
India,Uttar Pradesh,Sarai Ekdil,0,0
India,Uttar Pradesh,Sarai Mir,0,0
India,Uttar Pradesh,Sarauli,0,0
India,Uttar Pradesh,Sardhana,0,0
India,Uttar Pradesh,Sarila,0,0
India,Uttar Pradesh,Sarurpur,0,0
India,Uttar Pradesh,Sasni,0,0
India,Uttar Pradesh,Satrikh,0,0
India,Uttar Pradesh,Saurikh,0,0
India,Uttar Pradesh,Sector,0,0
India,Uttar Pradesh,Seohara,0,0
India,Uttar Pradesh,Shahabad,0,0
India,Uttar Pradesh,Shahganj,0,0
India,Uttar Pradesh,Shahi,0,0
India,Uttar Pradesh,Shahjahanpur,0,0
India,Uttar Pradesh,Shahpur,0,0
India,Uttar Pradesh,Shamli,0,0
India,Uttar Pradesh,Shamsabad,0,0
India,Uttar Pradesh,Shankargarh,0,0
India,Uttar Pradesh,Shergarh,0,0
India,Uttar Pradesh,Sherkot,0,0
India,Uttar Pradesh,Shibnagar,0,0
India,Uttar Pradesh,Shikarpur,0,0
India,Uttar Pradesh,Shikarpur (Bulandshahr),0,0
India,Uttar Pradesh,Shikohabad,0,0
India,Uttar Pradesh,Shishgarh,0,0
India,Uttar Pradesh,Shivrajpur,0,0
India,Uttar Pradesh,Shrawasti,0,0
India,Uttar Pradesh,Siddharthnagar,0,0
India,Uttar Pradesh,Siddhaur,0,0
India,Uttar Pradesh,Sidhauli,0,0
India,Uttar Pradesh,Sidhpura,0,0
India,Uttar Pradesh,Sikandarabad,0,0
India,Uttar Pradesh,Sikandarpur,0,0
India,Uttar Pradesh,Sikandra,0,0
India,Uttar Pradesh,Sikandra Rao,0,0
India,Uttar Pradesh,Sikandrabad,0,0
India,Uttar Pradesh,Sirathu,0,0
India,Uttar Pradesh,Sirsa,0,0
India,Uttar Pradesh,Sirsaganj,0,0
India,Uttar Pradesh,Sirsi,0,0
India,Uttar Pradesh,Sisauli,0,0
India,Uttar Pradesh,Siswa Bazar,0,0
India,Uttar Pradesh,Sitapur,0,0
India,Uttar Pradesh,Sonbhadra,0,0
India,Uttar Pradesh,Soron,0,0
India,Uttar Pradesh,Suar,0,0
India,Uttar Pradesh,Sultanpur,0,0
India,Uttar Pradesh,Surianwan,0,0
India,Uttar Pradesh,Tajpur,0,0
India,Uttar Pradesh,Talbahat,0,0
India,Uttar Pradesh,Talgram,0,0
India,Uttar Pradesh,Tanda,0,0
India,Uttar Pradesh,Terha,0,0
India,Uttar Pradesh,Thakurdwara,0,0
India,Uttar Pradesh,Thana Bhawan,0,0
India,Uttar Pradesh,Tigri,0,0
India,Uttar Pradesh,Tikaitnagar,0,0
India,Uttar Pradesh,Tikri,0,0
India,Uttar Pradesh,Tilhar,0,0
India,Uttar Pradesh,Tilsahri,0,0
India,Uttar Pradesh,Tindwari,0,0
India,Uttar Pradesh,Titron,0,0
India,Uttar Pradesh,Tori Fatehpur,0,0
India,Uttar Pradesh,Tori-Fatehpur,0,0
India,Uttar Pradesh,Tulsipur,0,0
India,Uttar Pradesh,Tundla,0,0
India,Uttar Pradesh,Ugu,0,0
India,Uttar Pradesh,Ujhani,0,0
India,Uttar Pradesh,Umri,0,0
India,Uttar Pradesh,Un,0,0
India,Uttar Pradesh,Unnao,0,0
India,Uttar Pradesh,Usawan,0,0
India,Uttar Pradesh,Usehat,0,0
India,Uttar Pradesh,Uska,0,0
India,Uttar Pradesh,Utraula,0,0
India,Uttar Pradesh,Varanasi,0,0
India,Uttar Pradesh,Vindhyachal,0,0
India,Uttar Pradesh,Vrindavan,0,0
India,Uttar Pradesh,Walterganj,0,0
India,Uttar Pradesh,Wazirganj,0,0
India,Uttar Pradesh,Yusufpur,0,0
India,Uttar Pradesh,Zafarabad,0,0
India,Uttar Pradesh,Zaidpur,0,0
India,Uttar Pradesh,Zamania,0,0
India,Uttarakhand,Almora,0,0
India,Uttarakhand,Bageshwar,0,0
India,Uttarakhand,Barkot,0,0
India,Uttarakhand,Bazpur,0,0
India,Uttarakhand,Bhim Tal,0,0
India,Uttarakhand,Bhowali,0,0
India,Uttarakhand,Birbhaddar,0,0
India,Uttarakhand,Chakrata,0,0
India,Uttarakhand,Chamoli,0,0
India,Uttarakhand,Champawat,0,0
India,Uttarakhand,Clement Town,0,0
India,Uttarakhand,Dehradun,0,0
India,Uttarakhand,Devaprayag,0,0
India,Uttarakhand,Dharchula,0,0
India,Uttarakhand,Doiwala,0,0
India,Uttarakhand,Dugadda,0,0
India,Uttarakhand,Dwarahat,0,0
India,Uttarakhand,Garhwal,0,0
India,Uttarakhand,Haldwani,0,0
India,Uttarakhand,Harbatpur,0,0
India,Uttarakhand,Haridwar,0,0
India,Uttarakhand,Jaspur,0,0
India,Uttarakhand,Joshimath,0,0
India,Uttarakhand,Kaladhungi,0,0
India,Uttarakhand,Kalagarh Project Colony,0,0
India,Uttarakhand,Kashipur,0,0
India,Uttarakhand,Khatima,0,0
India,Uttarakhand,Kichha,0,0
India,Uttarakhand,Kotdwara,0,0
India,Uttarakhand,Laksar,0,0
India,Uttarakhand,Lansdowne,0,0
India,Uttarakhand,Lohaghat,0,0
India,Uttarakhand,Manglaur,0,0
India,Uttarakhand,Mussoorie,0,0
India,Uttarakhand,Naini Tal,0,0
India,Uttarakhand,Narendranagar,0,0
India,Uttarakhand,Pauri,0,0
India,Uttarakhand,Pipalkoti,0,0
India,Uttarakhand,Pithoragarh,0,0
India,Uttarakhand,Raipur,0,0
India,Uttarakhand,Raiwala Bara,0,0
India,Uttarakhand,Ramnagar,0,0
India,Uttarakhand,Ranikhet,0,0
India,Uttarakhand,Rishikesh,0,0
India,Uttarakhand,Roorkee,0,0
India,Uttarakhand,Rudraprayag,0,0
India,Uttarakhand,Sitarganj,0,0
India,Uttarakhand,Srinagar,0,0
India,Uttarakhand,Sultanpur,0,0
India,Uttarakhand,Tanakpur,0,0
India,Uttarakhand,Tehri,0,0
India,Uttarakhand,Tehri-Garhwal,0,0
India,Uttarakhand,Udham Singh Nagar,0,0
India,Uttarakhand,Uttarkashi,0,0
India,Uttarakhand,Vikasnagar,0,0
India,West Bengal,Adra,0,0
India,West Bengal,Ahmedpur,0,0
India,West Bengal,Aistala,0,0
India,West Bengal,Aknapur,0,0
India,West Bengal,Alipurduar,0,0
India,West Bengal,Amlagora,0,0
India,West Bengal,Amta,0,0
India,West Bengal,Amtala,0,0
India,West Bengal,Andal,0,0
India,West Bengal,Arambagh community development block,0,0
India,West Bengal,Asansol,0,0
India,West Bengal,Ashoknagar Kalyangarh,0,0
India,West Bengal,Badkulla,0,0
India,West Bengal,Baduria,0,0
India,West Bengal,Bagdogra,0,0
India,West Bengal,Bagnan,0,0
India,West Bengal,Bagula,0,0
India,West Bengal,Bahula,0,0
India,West Bengal,Baidyabati,0,0
India,West Bengal,Bakreswar,0,0
India,West Bengal,Balarampur,0,0
India,West Bengal,Bali Chak,0,0
India,West Bengal,Bally,0,0
India,West Bengal,Balurghat,0,0
India,West Bengal,Bamangola community development block,0,0
India,West Bengal,Baneswar,0,0
India,West Bengal,Bangaon,0,0
India,West Bengal,Bankra,0,0
India,West Bengal,Bankura,0,0
India,West Bengal,Bansberia,0,0
India,West Bengal,Bansihari community development block,0,0
India,West Bengal,Barabazar,0,0
India,West Bengal,Baranagar,0,0
India,West Bengal,Barasat,0,0
India,West Bengal,Bardhaman,0,0
India,West Bengal,Barjora,0,0
India,West Bengal,Barrackpore,0,0
India,West Bengal,Baruipur,0,0
India,West Bengal,Basanti,0,0
India,West Bengal,Basirhat,0,0
India,West Bengal,Bawali,0,0
India,West Bengal,Begampur,0,0
India,West Bengal,Belda,0,0
India,West Bengal,Beldanga,0,0
India,West Bengal,Beliatore,0,0
India,West Bengal,Berhampore,0,0
India,West Bengal,Bhadreswar,0,0
India,West Bengal,Bhandardaha,0,0
India,West Bengal,Bhatpara,0,0
India,West Bengal,Birbhum district,0,0
India,West Bengal,Birpara,0,0
India,West Bengal,Bishnupur,0,0
India,West Bengal,Bolpur,0,0
India,West Bengal,Budge Budge,0,0
India,West Bengal,Canning,0,0
India,West Bengal,Chakapara,0,0
India,West Bengal,Chakdaha,0,0
India,West Bengal,Champadanga,0,0
India,West Bengal,Champahati,0,0
India,West Bengal,Champdani,0,0
India,West Bengal,Chandannagar,0,0
India,West Bengal,Chandrakona,0,0
India,West Bengal,Chittaranjan,0,0
India,West Bengal,Churulia,0,0
India,West Bengal,Contai,0,0
India,West Bengal,Cooch Behar,0,0
India,West Bengal,Cossimbazar,0,0
India,West Bengal,Dakshin Dinajpur district,0,0
India,West Bengal,Dalkola,0,0
India,West Bengal,Dam Dam,0,0
India,West Bengal,Darjeeling,0,0
India,West Bengal,Daulatpur,0,0
India,West Bengal,Debagram,0,0
India,West Bengal,Debipur,0,0
India,West Bengal,Dhaniakhali community development block,0,0
India,West Bengal,Dhulagari,0,0
India,West Bengal,Dhulian,0,0
India,West Bengal,Dhupguri,0,0
India,West Bengal,Diamond Harbour,0,0
India,West Bengal,Digha,0,0
India,West Bengal,Dinhata,0,0
India,West Bengal,Domjur,0,0
India,West Bengal,Dubrajpur,0,0
India,West Bengal,Durgapur,0,0
India,West Bengal,Egra,0,0
India,West Bengal,Falakata,0,0
India,West Bengal,Farakka,0,0
India,West Bengal,Fort Gloster,0,0
India,West Bengal,Gaighata community development block,0,0
India,West Bengal,Gairkata,0,0
India,West Bengal,Gangadharpur,0,0
India,West Bengal,Gangarampur,0,0
India,West Bengal,Garui,0,0
India,West Bengal,Garulia,0,0
India,West Bengal,Ghatal,0,0
India,West Bengal,Giria,0,0
India,West Bengal,Gobardanga,0,0
India,West Bengal,Gobindapur,0,0
India,West Bengal,Gopalpur,0,0
India,West Bengal,Gopinathpur,0,0
India,West Bengal,Gorubathan,0,0
India,West Bengal,Gosaba,0,0
India,West Bengal,Gosanimari,0,0
India,West Bengal,Gurdaha,0,0
India,West Bengal,Guskhara,0,0
India,West Bengal,Habra,0,0
India,West Bengal,Haldia,0,0
India,West Bengal,Haldibari,0,0
India,West Bengal,Halisahar,0,0
India,West Bengal,Harindanga,0,0
India,West Bengal,Haringhata,0,0
India,West Bengal,Haripur,0,0
India,West Bengal,Hasimara,0,0
India,West Bengal,Hindusthan Cables Town,0,0
India,West Bengal,Hooghly district,0,0
India,West Bengal,Howrah,0,0
India,West Bengal,Ichapur,0,0
India,West Bengal,Indpur community development block,0,0
India,West Bengal,Ingraj Bazar,0,0
India,West Bengal,Islampur,0,0
India,West Bengal,Jafarpur,0,0
India,West Bengal,Jaigaon,0,0
India,West Bengal,Jalpaiguri,0,0
India,West Bengal,Jamuria,0,0
India,West Bengal,Jangipur,0,0
India,West Bengal,Jaynagar Majilpur,0,0
India,West Bengal,Jejur,0,0
India,West Bengal,Jhalida,0,0
India,West Bengal,Jhargram,0,0
India,West Bengal,Jhilimili,0,0
India,West Bengal,Kakdwip,0,0
India,West Bengal,Kalaikunda,0,0
India,West Bengal,Kaliaganj,0,0
India,West Bengal,Kalimpong,0,0
India,West Bengal,Kalna,0,0
India,West Bengal,Kalyani,0,0
India,West Bengal,Kamarhati,0,0
India,West Bengal,Kamarpukur,0,0
India,West Bengal,Kanchrapara,0,0
India,West Bengal,Kandi,0,0
India,West Bengal,Karimpur,0,0
India,West Bengal,Katwa,0,0
India,West Bengal,Kenda,0,0
India,West Bengal,Keshabpur,0,0
India,West Bengal,Kharagpur,0,0
India,West Bengal,Kharar,0,0
India,West Bengal,Kharba,0,0
India,West Bengal,Khardaha,0,0
India,West Bengal,Khatra,0,0
India,West Bengal,Kirnahar,0,0
India,West Bengal,Kolkata,1,0
India,West Bengal,Konnagar,0,0
India,West Bengal,Krishnanagar,0,0
India,West Bengal,Krishnapur,0,0
India,West Bengal,Kshirpai,0,0
India,West Bengal,Kulpi,0,0
India,West Bengal,Kultali,0,0
India,West Bengal,Kulti,0,0
India,West Bengal,Kurseong,0,0
India,West Bengal,Lalgarh,0,0
India,West Bengal,Lalgola,0,0
India,West Bengal,Loyabad,0,0
India,West Bengal,Madanpur,0,0
India,West Bengal,Madhyamgram,0,0
India,West Bengal,Mahiari,0,0
India,West Bengal,Mahishadal community development block,0,0
India,West Bengal,Mainaguri,0,0
India,West Bengal,Manikpara,0,0
India,West Bengal,Masila,0,0
India,West Bengal,Mathabhanga,0,0
India,West Bengal,Matiali community development block,0,0
India,West Bengal,Matigara community development block,0,0
India,West Bengal,Medinipur,0,0
India,West Bengal,Mejia community development block,0,0
India,West Bengal,Memari,0,0
India,West Bengal,Mirik,0,0
India,West Bengal,Monoharpur,0,0
India,West Bengal,Muragacha,0,0
India,West Bengal,Muri,0,0
India,West Bengal,Murshidabad,0,1
India,West Bengal,Nabadwip,0,0
India,West Bengal,Nabagram,0,0
India,West Bengal,Nadia district,0,0
India,West Bengal,Nagarukhra,0,0
India,West Bengal,Nagrakata,0,0
India,West Bengal,Naihati,0,0
India,West Bengal,Naksalbari,0,0
India,West Bengal,Nalhati,0,0
India,West Bengal,Nalpur,0,0
India,West Bengal,Namkhana community development block,0,0
India,West Bengal,Nandigram,0,0
India,West Bengal,Nangi,0,0
India,West Bengal,Nayagram community development block,0,0
India,West Bengal,North 24 Parganas district,0,0
India,West Bengal,Odlabari,0,0
India,West Bengal,Paikpara,0,0
India,West Bengal,Panagarh,0,0
India,West Bengal,Panchla,0,0
India,West Bengal,Panchmura,0,0
India,West Bengal,Pandua,0,0
India,West Bengal,Panihati,0,0
India,West Bengal,Panskura,0,0
India,West Bengal,Parbatipur,0,0
India,West Bengal,Paschim Medinipur district,0,0
India,West Bengal,Patiram,0,0
India,West Bengal,Patrasaer,0,0
India,West Bengal,Patuli,0,0
India,West Bengal,Pujali,0,0
India,West Bengal,Puncha community development block,0,0
India,West Bengal,Purba Medinipur district,0,0
India,West Bengal,Purulia,0,0
India,West Bengal,Raghudebbati,0,0
India,West Bengal,Raghunathpur,0,0
India,West Bengal,Raiganj,0,0
India,West Bengal,Rajmahal,0,0
India,West Bengal,Rajnagar community development block,0,0
India,West Bengal,Ramchandrapur,0,0
India,West Bengal,Ramjibanpur,0,0
India,West Bengal,Ramnagar,0,0
India,West Bengal,Rampur Hat,0,0
India,West Bengal,Ranaghat,0,0
India,West Bengal,Raniganj,0,0
India,West Bengal,Raypur,0,0
India,West Bengal,Rishra,0,0
India,West Bengal,Sahapur,0,0
India,West Bengal,Sainthia,0,0
India,West Bengal,Salanpur community development block,0,0
India,West Bengal,Sankarpur,0,0
India,West Bengal,Sankrail,0,0
India,West Bengal,Santipur,0,0
India,West Bengal,Santoshpur,0,0
India,West Bengal,Santuri community development block,0,0
India,West Bengal,Sarenga,0,0
India,West Bengal,Serampore,0,0
India,West Bengal,Serpur,0,0
India,West Bengal,Shyamnagar West Bengal,0,0
India,West Bengal,Siliguri,0,0
India,West Bengal,Singur,0,0
India,West Bengal,Sodpur,0,0
India,West Bengal,Solap,0,0
India,West Bengal,Sonada,0,0
India,West Bengal,Sonamukhi,0,0
India,West Bengal,Sonarpur community development block,0,0
India,West Bengal,South 24 Parganas district,0,0
India,West Bengal,Srikhanda,0,0
India,West Bengal,Srirampur,0,0
India,West Bengal,Suri,0,0
India,West Bengal,Swarupnagar community development block,0,0
India,West Bengal,Takdah,0,0
India,West Bengal,Taki,0,0
India,West Bengal,Tamluk,0,0
India,West Bengal,Tarakeswar,0,0
India,West Bengal,Titagarh,0,0
India,West Bengal,Tufanganj,0,0
India,West Bengal,Tulin,0,0
India,West Bengal,Uchalan,0,0
India,West Bengal,Ula,0,0
India,West Bengal,Uluberia,0,0
India,West Bengal,Uttar Dinajpur district,0,0
India,West Bengal,Uttarpara Kotrung,0,0
United Kingdom,England,Abbey Wood,0,0
United Kingdom,England,Abbots Bromley,0,0
United Kingdom,England,Abbots Langley,0,0
United Kingdom,England,Abbotskerswell,0,0
United Kingdom,England,Abbotts Ann,0,0
United Kingdom,England,Aberford,0,0
United Kingdom,England,Abingdon,0,0
United Kingdom,England,Abram,0,0
United Kingdom,England,Abridge,0,0
United Kingdom,England,Accrington,0,0
United Kingdom,England,Acklington,0,0
United Kingdom,England,Acle,0,0
United Kingdom,England,Acocks Green,0,0
United Kingdom,England,Acomb,0,0
United Kingdom,England,Acton,0,0
United Kingdom,England,Adderbury,0,0
United Kingdom,England,Addingham,0,0
United Kingdom,England,Addlestone,0,0
United Kingdom,England,Adlington,0,0
United Kingdom,England,Adwick le Street,0,0
United Kingdom,England,Airmyn,0,0
United Kingdom,England,Albrighton,0,0
United Kingdom,England,Alcester,0,0
United Kingdom,England,Alconbury,0,0
United Kingdom,England,Aldbourne,0,0
United Kingdom,England,Aldbrough,0,0
United Kingdom,England,Aldeburgh,0,0
United Kingdom,England,Alderbury,0,0
United Kingdom,England,Alderholt,0,0
United Kingdom,England,Alderley Edge,0,0
United Kingdom,England,Aldershot,0,0
United Kingdom,England,Aldford,0,0
United Kingdom,England,Aldridge,0,0
United Kingdom,England,Alford,0,0
United Kingdom,England,Alfreton,0,0
United Kingdom,England,Allhallows,0,0
United Kingdom,England,Almondsbury,0,0
United Kingdom,England,Alnwick,0,0
United Kingdom,England,Alresford,0,0
United Kingdom,England,Alrewas,0,0
United Kingdom,England,Alsager,0,0
United Kingdom,England,Alston,0,0
United Kingdom,England,Althorne,0,0
United Kingdom,England,Alton,0,0
United Kingdom,England,Altrincham,0,0
United Kingdom,England,Alvechurch,0,0
United Kingdom,England,Alveley,0,0
United Kingdom,England,Alveston,0,0
United Kingdom,England,Amble,0,0
United Kingdom,England,Ambleside,0,0
United Kingdom,England,Ambrosden,0,0
United Kingdom,England,Amersham,0,0
United Kingdom,England,Amersham on the Hill,0,0
United Kingdom,England,Amesbury,0,0
United Kingdom,England,Ampthill,0,0
United Kingdom,England,Ancaster,0,0
United Kingdom,England,Andover,0,0
United Kingdom,England,Anna Valley,0,0
United Kingdom,England,Annfield Plain,0,0
United Kingdom,England,Anstey,0,0
United Kingdom,England,Appleby,0,0
United Kingdom,England,Appleby-in-Westmorland,0,0
United Kingdom,England,Appledore,0,0
United Kingdom,England,Appleton Thorn,0,0
United Kingdom,England,Appley Bridge,0,0
United Kingdom,England,Archway,0,0
United Kingdom,England,Ardingly,0,0
United Kingdom,England,Arlesey,0,0
United Kingdom,England,Armitage,0,0
United Kingdom,England,Armthorpe,0,0
United Kingdom,England,Arnold,0,0
United Kingdom,England,Arnside,0,0
United Kingdom,England,Arundel,0,0
United Kingdom,England,Ascot,0,0
United Kingdom,England,Asfordby,0,0
United Kingdom,England,Ash,0,0
United Kingdom,England,Ashbourne,0,0
United Kingdom,England,Ashburton,0,0
United Kingdom,England,Ashby de la Zouch,0,0
United Kingdom,England,Ashford,0,0
United Kingdom,England,Ashill,0,0
United Kingdom,England,Ashington,0,0
United Kingdom,England,Ashtead,0,0
United Kingdom,England,Ashton in Makerfield,0,0
United Kingdom,England,Ashton Keynes,0,0
United Kingdom,England,Ashton-under-Lyne,0,0
United Kingdom,England,Ashurst,0,0
United Kingdom,England,Ashwell,0,0
United Kingdom,England,Askam in Furness,0,0
United Kingdom,England,Askern,0,0
United Kingdom,England,Aslockton,0,0
United Kingdom,England,Aspatria,0,0
United Kingdom,England,Aston,0,0
United Kingdom,England,Aston Clinton,0,0
United Kingdom,England,Aston-on-Trent,0,0
United Kingdom,England,Astwood Bank,0,0
United Kingdom,England,Atherstone,0,0
United Kingdom,England,Atherton,0,0
United Kingdom,England,Attleborough,0,0
United Kingdom,England,Atworth,0,0
United Kingdom,England,Auckley,0,0
United Kingdom,England,Audlem,0,0
United Kingdom,England,Audley,0,0
United Kingdom,England,Aveley,0,0
United Kingdom,England,Avening,0,0
United Kingdom,England,Awsworth,0,0
United Kingdom,England,Axbridge,0,0
United Kingdom,England,Axminster,0,0
United Kingdom,England,Aylesbury,0,0
United Kingdom,England,Aylesford,0,0
United Kingdom,England,Aylesham,0,0
United Kingdom,England,Aylsham,0,0
United Kingdom,England,Babworth,0,0
United Kingdom,England,Backworth,0,0
United Kingdom,England,Bacton,0,0
United Kingdom,England,Bacup,0,0
United Kingdom,England,Badsey,0,0
United Kingdom,England,Badsworth,0,0
United Kingdom,England,Bagshot,0,0
United Kingdom,England,Bagworth,0,0
United Kingdom,England,Baildon,0,0
United Kingdom,England,Bakewell,0,0
United Kingdom,England,Balcombe,0,0
United Kingdom,England,Baldock,0,0
United Kingdom,England,Balsall Common,0,0
United Kingdom,England,Balsham,0,0
United Kingdom,England,Bamburgh,0,0
United Kingdom,England,Bampton,0,0
United Kingdom,England,Banbury,0,0
United Kingdom,England,Banham,0,0
United Kingdom,England,Banks,0,0
United Kingdom,England,Banstead,0,0
United Kingdom,England,Banwell,0,0
United Kingdom,England,Bar Hill,0,0
United Kingdom,England,Barbican,0,0
United Kingdom,England,Bardney,0,0
United Kingdom,England,Bardsey,0,0
United Kingdom,England,Barham,0,0
United Kingdom,England,Barking,0,0
United Kingdom,England,Barkisland,0,0
United Kingdom,England,Barlaston,0,0
United Kingdom,England,Barlborough,0,0
United Kingdom,England,Barlby,0,0
United Kingdom,England,Barlestone,0,0
United Kingdom,England,Barmby on the Marsh,0,0
United Kingdom,England,Barnack,0,0
United Kingdom,England,Barnard Castle,0,0
United Kingdom,England,Barnburgh,0,0
United Kingdom,England,Barnet,0,0
United Kingdom,England,Barnetby le Wold,0,0
United Kingdom,England,Barnham,0,0
United Kingdom,England,Barnoldswick,0,0
United Kingdom,England,Barnsbury,0,0
United Kingdom,England,Barnsley,0,0
United Kingdom,England,Barnstaple,0,0
United Kingdom,England,Barnt Green,0,0
United Kingdom,England,Barnwood,0,0
United Kingdom,England,Barrow in Furness,0,0
United Kingdom,England,Barrow upon Humber,0,0
United Kingdom,England,Barrow upon Soar,0,0
United Kingdom,England,Barrowby,0,0
United Kingdom,England,Barrowford,0,0
United Kingdom,England,Bartley Green,0,0
United Kingdom,England,Barton under Needwood,0,0
United Kingdom,England,Barton upon Humber,0,0
United Kingdom,England,Barton-le-Clay,0,0
United Kingdom,England,Baschurch,0,0
United Kingdom,England,Basford,0,0
United Kingdom,England,Basildon,0,0
United Kingdom,England,Basingstoke,0,0
United Kingdom,England,Baslow,0,0
United Kingdom,England,Bassingbourn,0,0
United Kingdom,England,Bassingham,0,0
United Kingdom,England,Baston,0,0
United Kingdom,England,Bath,0,0
United Kingdom,England,Bath and North East Somerset,0,0
United Kingdom,England,Batley,0,0
United Kingdom,England,Battersea,0,0
United Kingdom,England,Battle,0,0
United Kingdom,England,Bawtry,0,0
United Kingdom,England,Bay Horse,0,0
United Kingdom,England,Bayston Hill,0,0
United Kingdom,England,Bayswater,0,0
United Kingdom,England,Beaconsfield,0,0
United Kingdom,England,Beadnell,0,0
United Kingdom,England,Beaminster,0,0
United Kingdom,England,Bebington,0,0
United Kingdom,England,Beccles,0,0
United Kingdom,England,Beckenham,0,0
United Kingdom,England,Beckingham,0,0
United Kingdom,England,Becontree,0,0
United Kingdom,England,Bedale,0,0
United Kingdom,England,Bedford,0,0
United Kingdom,England,Bedlington,0,0
United Kingdom,England,Bedworth,0,0
United Kingdom,England,Beeford,0,0
United Kingdom,England,Beighton,0,0
United Kingdom,England,Belbroughton,0,0
United Kingdom,England,Belford,0,0
United Kingdom,England,Bellingham,0,0
United Kingdom,England,Belmont,0,0
United Kingdom,England,Belper,0,0
United Kingdom,England,Belsize Park,0,0
United Kingdom,England,Belton,0,0
United Kingdom,England,Belvedere,0,0
United Kingdom,England,Bembridge,0,0
United Kingdom,England,Bempton,0,0
United Kingdom,England,Benson,0,0
United Kingdom,England,Bentley,0,0
United Kingdom,England,Benwell,0,0
United Kingdom,England,Bere Alston,0,0
United Kingdom,England,Bere Regis,0,0
United Kingdom,England,Berkeley,0,0
United Kingdom,England,Berkhamsted,0,0
United Kingdom,England,Berwick-Upon-Tweed,0,0
United Kingdom,England,Bethnal Green,0,0
United Kingdom,England,Betley,0,0
United Kingdom,England,Beverley,0,0
United Kingdom,England,Bewbush,0,0
United Kingdom,England,Bewdley,0,0
United Kingdom,England,Bexhill-on-Sea,0,0
United Kingdom,England,Bexley,0,0
United Kingdom,England,Bicester,0,0
United Kingdom,England,Bicknacre,0,0
United Kingdom,England,Bicton,0,0
United Kingdom,England,Biddenden,0,0
United Kingdom,England,Biddestone,0,0
United Kingdom,England,Biddulph,0,0
United Kingdom,England,Bideford,0,0
United Kingdom,England,Bidford-on-Avon,0,0
United Kingdom,England,Biggin Hill,0,0
United Kingdom,England,Biggleswade,0,0
United Kingdom,England,Bildeston,0,0
United Kingdom,England,Billericay,0,0
United Kingdom,England,Billingborough,0,0
United Kingdom,England,Billinge,0,0
United Kingdom,England,Billingham,0,0
United Kingdom,England,Billinghay,0,0
United Kingdom,England,Billingshurst,0,0
United Kingdom,England,Billington,0,0
United Kingdom,England,Bilsdale,0,0
United Kingdom,England,Bilsthorpe,0,0
United Kingdom,England,Bilston,0,0
United Kingdom,England,Bingham,0,0
United Kingdom,England,Bingley,0,0
United Kingdom,England,Birchington-on-Sea,0,0
United Kingdom,England,Bircotes,0,0
United Kingdom,England,Birdham,0,0
United Kingdom,England,Birdwell,0,0
United Kingdom,England,Birkenhead,0,0
United Kingdom,England,Birmingham,0,0
United Kingdom,England,Bishop Auckland,0,0
United Kingdom,England,Bishop Middleham,0,0
United Kingdom,England,Bishop Sutton,0,0
United Kingdom,England,Bishop's Castle,0,0
United Kingdom,England,Bishops Cleeve,0,0
United Kingdom,England,Bishops Lydeard,0,0
United Kingdom,England,Bishops Stortford,0,0
United Kingdom,England,Bishops Waltham,0,0
United Kingdom,England,Bishopsteignton,0,0
United Kingdom,England,Bishopstoke,0,0
United Kingdom,England,Bishopstone,0,0
United Kingdom,England,Bishopsworth,0,0
United Kingdom,England,Bishopthorpe,0,0
United Kingdom,England,Bishopton,0,0
United Kingdom,England,Bitton,0,0
United Kingdom,England,Blaby,0,0
United Kingdom,England,Black Notley,0,0
United Kingdom,England,Blackburn,0,0
United Kingdom,England,Blackburn with Darwen,0,0
United Kingdom,England,Blackheath,0,0
United Kingdom,England,Blackley,0,0
United Kingdom,England,Blackmoorfoot,0,0
United Kingdom,England,Blackpool,0,0
United Kingdom,England,Blackrod,0,0
United Kingdom,England,Blackwell,0,0
United Kingdom,England,Blacon,0,0
United Kingdom,England,Blagdon,0,0
United Kingdom,England,Blandford Forum,0,0
United Kingdom,England,Blaydon-on-Tyne,0,0
United Kingdom,England,Bleadon,0,0
United Kingdom,England,Blean,0,0
United Kingdom,England,Bletchingley,0,0
United Kingdom,England,Bletchley,0,0
United Kingdom,England,Blewbury,0,0
United Kingdom,England,Blidworth,0,0
United Kingdom,England,Blindley Heath,0,0
United Kingdom,England,Blisworth,0,0
United Kingdom,England,Blockley,0,0
United Kingdom,England,Bloxham,0,0
United Kingdom,England,Bloxwich,0,0
United Kingdom,England,Blunham,0,0
United Kingdom,England,Bluntisham,0,0
United Kingdom,England,Blyth,0,0
United Kingdom,England,Blyton,0,0
United Kingdom,England,Bodle Street,0,0
United Kingdom,England,Bodmin,0,0
United Kingdom,England,Bognor Regis,0,0
United Kingdom,England,Bollington,0,0
United Kingdom,England,Bolsover,0,0
United Kingdom,England,Bolton,0,0
United Kingdom,England,Bolton le Sands,0,0
United Kingdom,England,Bolton upon Dearne,0,0
United Kingdom,England,Boosbeck,0,0
United Kingdom,England,Bootle,0,0
United Kingdom,England,Bordon,0,0
United Kingdom,England,Boreham,0,0
United Kingdom,England,Borehamwood,0,0
United Kingdom,England,Borough Green,0,0
United Kingdom,England,Borough of Bolton,0,0
United Kingdom,England,Borough of Bury,0,0
United Kingdom,England,Borough of Halton,0,0
United Kingdom,England,Borough of North Tyneside,0,0
United Kingdom,England,Borough of Oldham,0,0
United Kingdom,England,Borough of Rochdale,0,0
United Kingdom,England,Borough of Stockport,0,0
United Kingdom,England,Borough of Swindon,0,0
United Kingdom,England,Borough of Tameside,0,0
United Kingdom,England,Borough of Thurrock,0,0
United Kingdom,England,Borough of Torbay,0,0
United Kingdom,England,Borough of Wigan,0,0
United Kingdom,England,Boroughbridge,0,0
United Kingdom,England,Borrowash,0,0
United Kingdom,England,Bosham,0,0
United Kingdom,England,Boston,0,0
United Kingdom,England,Boston Spa,0,0
United Kingdom,England,Botesdale,0,0
United Kingdom,England,Botley,0,0
United Kingdom,England,Bottesford,0,0
United Kingdom,England,Bottisham,0,0
United Kingdom,England,Boughton,0,0
United Kingdom,England,Bourne,0,0
United Kingdom,England,Bourne End,0,0
United Kingdom,England,Bournemouth,0,0
United Kingdom,England,Bourton,0,0
United Kingdom,England,Bourton on the Water,0,0
United Kingdom,England,Bovey Tracey,0,0
United Kingdom,England,Bovingdon,0,0
United Kingdom,England,Bovington Camp,0,0
United Kingdom,England,Bow,0,0
United Kingdom,England,Bow Brickhill,0,0
United Kingdom,England,Bowburn,0,0
United Kingdom,England,Bowdon,0,0
United Kingdom,England,Bowthorpe,0,0
United Kingdom,England,Box,0,0
United Kingdom,England,Boxgrove,0,0
United Kingdom,England,Boxted,0,0
United Kingdom,England,Bozeat,0,0
United Kingdom,England,Bracebridge Heath,0,0
United Kingdom,England,Brackley,0,0
United Kingdom,England,Bracknell,0,0
United Kingdom,England,Bracknell Forest,0,0
United Kingdom,England,Bradfield,0,0
United Kingdom,England,Bradford,0,0
United Kingdom,England,Bradford-on-Avon,0,0
United Kingdom,England,Brading,0,0
United Kingdom,England,Bradley Cross,0,0
United Kingdom,England,Bradninch,0,0
United Kingdom,England,Bradwell,0,0
United Kingdom,England,Braintree,0,0
United Kingdom,England,Bramford,0,0
United Kingdom,England,Bramhall,0,0
United Kingdom,England,Bramham,0,0
United Kingdom,England,Bramhope,0,0
United Kingdom,England,Bramley,0,0
United Kingdom,England,Brampton,0,0
United Kingdom,England,Brandesburton,0,0
United Kingdom,England,Brandon,0,0
United Kingdom,England,Bransgore,0,0
United Kingdom,England,Branston,0,0
United Kingdom,England,Bratton,0,0
United Kingdom,England,Braunston,0,0
United Kingdom,England,Braunton,0,0
United Kingdom,England,Brayton,0,0
United Kingdom,England,Bream,0,0
United Kingdom,England,Bredbury,0,0
United Kingdom,England,Bredon,0,0
United Kingdom,England,Brenchley,0,0
United Kingdom,England,Brent,0,0
United Kingdom,England,Brent Knoll,0,0
United Kingdom,England,Brentford,0,0
United Kingdom,England,Brentwood,0,0
United Kingdom,England,Brewood,0,0
United Kingdom,England,Bridge,0,0
United Kingdom,England,Bridgnorth,0,0
United Kingdom,England,Bridgwater,0,0
United Kingdom,England,Bridlington,0,0
United Kingdom,England,Bridport,0,0
United Kingdom,England,Brierfield,0,0
United Kingdom,England,Brierley Hill,0,0
United Kingdom,England,Brigg,0,0
United Kingdom,England,Brighouse,0,0
United Kingdom,England,Brighstone,0,0
United Kingdom,England,Brightlingsea,0,0
United Kingdom,England,Brighton,0,0
United Kingdom,England,Brighton and Hove,0,0
United Kingdom,England,Brigstock,0,0
United Kingdom,England,Brill,0,0
United Kingdom,England,Brimscombe,0,0
United Kingdom,England,Brinklow,0,0
United Kingdom,England,Brinscall,0,0
United Kingdom,England,Bristol,0,0
United Kingdom,England,Briston,0,0
United Kingdom,England,Brixham,0,0
United Kingdom,England,Brixton,0,0
United Kingdom,England,Brixton Hill,0,0
United Kingdom,England,Brixworth,0,0
United Kingdom,England,Broad Blunsdon,0,0
United Kingdom,England,Broadfield,0,0
United Kingdom,England,Broadstairs,0,0
United Kingdom,England,Broadstone,0,0
United Kingdom,England,Broadwater,0,0
United Kingdom,England,Broadway,0,0
United Kingdom,England,Brockenhurst,0,0
United Kingdom,England,Brockley,0,0
United Kingdom,England,Bromborough,0,0
United Kingdom,England,Bromham,0,0
United Kingdom,England,Brompton,0,0
United Kingdom,England,Bromsgrove,0,0
United Kingdom,England,Bromyard,0,0
United Kingdom,England,Brooke,0,0
United Kingdom,England,Broseley,0,0
United Kingdom,England,Brotton,0,0
United Kingdom,England,Brough,0,0
United Kingdom,England,Broughton,0,0
United Kingdom,England,Broughton Astley,0,0
United Kingdom,England,Brownhills,0,0
United Kingdom,England,Broxbourne,0,0
United Kingdom,England,Brundall,0,0
United Kingdom,England,Bruton,0,0
United Kingdom,England,Bubwith,0,0
United Kingdom,England,Buckden,0,0
United Kingdom,England,Buckfastleigh,0,0
United Kingdom,England,Buckhurst Hill,0,0
United Kingdom,England,Buckingham,0,0
United Kingdom,England,Buckinghamshire,0,0
United Kingdom,England,Bucknell,0,0
United Kingdom,England,Bude,0,0
United Kingdom,England,Budleigh Salterton,0,0
United Kingdom,England,Bugbrooke,0,0
United Kingdom,England,Bugle,0,0
United Kingdom,England,Bulford,0,0
United Kingdom,England,Bulkington,0,0
United Kingdom,England,Bulphan,0,0
United Kingdom,England,Bunbury,0,0
United Kingdom,England,Bungay,0,0
United Kingdom,England,Buntingford,0,0
United Kingdom,England,Burbage,0,0
United Kingdom,England,Bures Saint Mary,0,0
United Kingdom,England,Burford,0,0
United Kingdom,England,Burgess Hill,0,0
United Kingdom,England,Burgh le Marsh,0,0
United Kingdom,England,Burham,0,0
United Kingdom,England,Burley,0,0
United Kingdom,England,Burley in Wharfedale,0,0
United Kingdom,England,Burnage,0,0
United Kingdom,England,Burneside,0,0
United Kingdom,England,Burngreave,0,0
United Kingdom,England,Burnham-on-Crouch,0,0
United Kingdom,England,Burnham-on-Sea,0,0
United Kingdom,England,Burniston,0,0
United Kingdom,England,Burnley,0,0
United Kingdom,England,Burnopfield,0,0
United Kingdom,England,Burntwood,0,0
United Kingdom,England,Burringham,0,0
United Kingdom,England,Burrington,0,0
United Kingdom,England,Burscough,0,0
United Kingdom,England,Bursledon,0,0
United Kingdom,England,Burstwick,0,0
United Kingdom,England,Burton,0,0
United Kingdom,England,Burton Joyce,0,0
United Kingdom,England,Burton Latimer,0,0
United Kingdom,England,Burton on the Wolds,0,0
United Kingdom,England,Burton Pidsea,0,0
United Kingdom,England,Burton upon Stather,0,0
United Kingdom,England,Burton upon Trent,0,0
United Kingdom,England,Burtonwood,0,0
United Kingdom,England,Burwash,0,0
United Kingdom,England,Burwell,0,0
United Kingdom,England,Bury,0,0
United Kingdom,England,Bury St Edmunds,0,0
United Kingdom,England,Bushey,0,0
United Kingdom,England,Butterwick,0,0
United Kingdom,England,Buxted,0,0
United Kingdom,England,Buxton,0,0
United Kingdom,England,Byfield,0,0
United Kingdom,England,Byram,0,0
United Kingdom,England,Caddington,0,0
United Kingdom,England,Cadnam,0,0
United Kingdom,England,Caister-on-Sea,0,0
United Kingdom,England,Caistor,0,0
United Kingdom,England,Calcot,0,0
United Kingdom,England,Calderdale,0,0
United Kingdom,England,Callington,0,0
United Kingdom,England,Calne,0,0
United Kingdom,England,Calverton,0,0
United Kingdom,England,Camber,0,0
United Kingdom,England,Camberley,0,0
United Kingdom,England,Camblesforth,0,0
United Kingdom,England,Camborne,0,0
United Kingdom,England,Cambourne,0,0
United Kingdom,England,Cambridge,0,0
United Kingdom,England,Cambridgeshire,0,0
United Kingdom,England,Camden Town,0,0
United Kingdom,England,Cameley,0,0
United Kingdom,England,Camelford,0,0
United Kingdom,England,Campsall,0,0
United Kingdom,England,Canary Wharf,0,0
United Kingdom,England,Canewdon,0,0
United Kingdom,England,Canford Heath,0,0
United Kingdom,England,Cannock,0,0
United Kingdom,England,Canterbury,0,0
United Kingdom,England,Canvey Island,0,0
United Kingdom,England,Capel,0,0
United Kingdom,England,Capel le Ferne,0,0
United Kingdom,England,Capel Saint Mary,0,0
United Kingdom,England,Carcroft,0,0
United Kingdom,England,Cardington,0,0
United Kingdom,England,Carlisle,0,0
United Kingdom,England,Carlton,0,0
United Kingdom,England,Carnforth,0,0
United Kingdom,England,Carshalton,0,0
United Kingdom,England,Carterton,0,0
United Kingdom,England,Castle Cary,0,0
United Kingdom,England,Castle Donington,0,0
United Kingdom,England,Castle Hedingham,0,0
United Kingdom,England,Castle Vale,0,0
United Kingdom,England,Castleford,0,0
United Kingdom,England,Castleside,0,0
United Kingdom,England,Castor,0,0
United Kingdom,England,Catcliffe,0,0
United Kingdom,England,Caterham,0,0
United Kingdom,England,Caton,0,0
United Kingdom,England,Catterall,0,0
United Kingdom,England,Catterick,0,0
United Kingdom,England,Catterick Garrison,0,0
United Kingdom,England,Cawood,0,0
United Kingdom,England,Cawston,0,0
United Kingdom,England,Cawthorne,0,0
United Kingdom,England,Caythorpe,0,0
United Kingdom,England,Central Bedfordshire,0,0
United Kingdom,England,Chacewater,0,0
United Kingdom,England,Chadwell Heath,0,0
United Kingdom,England,Chadwell St Mary,0,0
United Kingdom,England,Chafford Hundred,0,0
United Kingdom,England,Chagford,0,0
United Kingdom,England,Chalfont Saint Peter,0,0
United Kingdom,England,Chalfont St Giles,0,0
United Kingdom,England,Chalford,0,0
United Kingdom,England,Chalgrove,0,0
United Kingdom,England,Chalton,0,0
United Kingdom,England,Chapel Allerton,0,0
United Kingdom,England,Chapel en le Frith,0,0
United Kingdom,England,Chapel Saint Leonards,0,0
United Kingdom,England,Chapeltown,0,0
United Kingdom,England,Chapmanslade,0,0
United Kingdom,England,Chard,0,0
United Kingdom,England,Charfield,0,0
United Kingdom,England,Charing,0,0
United Kingdom,England,Charlbury,0,0
United Kingdom,England,Charlton Kings,0,0
United Kingdom,England,Charlton Marshall,0,0
United Kingdom,England,Charminster,0,0
United Kingdom,England,Charmouth,0,0
United Kingdom,England,Chartham,0,0
United Kingdom,England,Charvil,0,0
United Kingdom,England,Chasetown,0,0
United Kingdom,England,Chatburn,0,0
United Kingdom,England,Chatham,0,0
United Kingdom,England,Chatteris,0,0
United Kingdom,England,Cheadle,0,0
United Kingdom,England,Cheadle Heath,0,0
United Kingdom,England,Cheadle Hulme,0,0
United Kingdom,England,Cheam,0,0
United Kingdom,England,Cheddar,0,0
United Kingdom,England,Cheddington,0,0
United Kingdom,England,Cheddleton,0,0
United Kingdom,England,Cheetham Hill,0,0
United Kingdom,England,Chelford,0,0
United Kingdom,England,Chelmsford,0,0
United Kingdom,England,Chelmsley Wood,0,0
United Kingdom,England,Chelsea,0,0
United Kingdom,England,Cheltenham,0,0
United Kingdom,England,Cherry Burton,0,0
United Kingdom,England,Chertsey,0,0
United Kingdom,England,Chesham,0,0
United Kingdom,England,Cheshire East,0,0
United Kingdom,England,Cheshire West and Chester,0,0
United Kingdom,England,Cheshunt,0,0
United Kingdom,England,Chessington,0,0
United Kingdom,England,Chester,0,0
United Kingdom,England,Chester-le-Street,0,0
United Kingdom,England,Chesterfield,0,0
United Kingdom,England,Chew Magna,0,0
United Kingdom,England,Chichester,0,0
United Kingdom,England,Chickerell,0,0
United Kingdom,England,Chicksands,0,0
United Kingdom,England,Chiddingfold,0,0
United Kingdom,England,Chigwell,0,0
United Kingdom,England,Chilcompton,0,0
United Kingdom,England,Child Okeford,0,0
United Kingdom,England,Chilton Foliat,0,0
United Kingdom,England,Chilworth,0,0
United Kingdom,England,Chinley,0,0
United Kingdom,England,Chinnor,0,0
United Kingdom,England,Chippenham,0,0
United Kingdom,England,Chipping Campden,0,0
United Kingdom,England,Chipping Norton,0,0
United Kingdom,England,Chipping Ongar,0,0
United Kingdom,England,Chipping Sodbury,0,0
United Kingdom,England,Chiseldon,0,0
United Kingdom,England,Chislehurst,0,0
United Kingdom,England,Chobham,0,0
United Kingdom,England,Cholsey,0,0
United Kingdom,England,Choppington,0,0
United Kingdom,England,Chopwell,0,0
United Kingdom,England,Chorley,0,0
United Kingdom,England,Chorleywood,0,0
United Kingdom,England,Chorlton,0,0
United Kingdom,England,Chorlton cum Hardy,0,0
United Kingdom,England,Christchurch,0,0
United Kingdom,England,Chudleigh,0,0
United Kingdom,England,Chudleigh Knighton,0,0
United Kingdom,England,Chulmleigh,0,0
United Kingdom,England,Church,0,0
United Kingdom,England,Church Fenton,0,0
United Kingdom,England,Church Stretton,0,0
United Kingdom,England,Churchdown,0,0
United Kingdom,England,Churchill,0,0
United Kingdom,England,Churt,0,0
United Kingdom,England,Cinderford,0,0
United Kingdom,England,Cirencester,0,0
United Kingdom,England,City and Borough of Birmingham,0,0
United Kingdom,England,City and Borough of Leeds,0,0
United Kingdom,England,City and Borough of Salford,0,0
United Kingdom,England,City and Borough of Wakefield,0,0
United Kingdom,England,City of Bristol,0,0
United Kingdom,England,City of Kingston upon Hull,0,0
United Kingdom,England,City of Leicester,0,0
United Kingdom,England,City of London,0,0
United Kingdom,England,City of Westminster,0,0
United Kingdom,England,City of York,0,0
United Kingdom,England,Clacton-on-Sea,0,0
United Kingdom,England,Clapham,0,0
United Kingdom,England,Clarborough,0,0
United Kingdom,England,Clare,0,0
United Kingdom,England,Claydon,0,0
United Kingdom,England,Claypole,0,0
United Kingdom,England,Clayton le Moors,0,0
United Kingdom,England,Clayton West,0,0
United Kingdom,England,Clayton-le-Woods,0,0
United Kingdom,England,Cleator Moor,0,0
United Kingdom,England,Cleckheaton,0,0
United Kingdom,England,Cleethorpes,0,0
United Kingdom,England,Clenchwarton,0,0
United Kingdom,England,Cleobury Mortimer,0,0
United Kingdom,England,Clerkenwell,0,0
United Kingdom,England,Clevedon,0,0
United Kingdom,England,Cleveleys,0,0
United Kingdom,England,Cliffe,0,0
United Kingdom,England,Clifton,0,0
United Kingdom,England,Clitheroe,0,0
United Kingdom,England,Clive,0,0
United Kingdom,England,Clophill,0,0
United Kingdom,England,Clowne,0,0
United Kingdom,England,Clutton,0,0
United Kingdom,England,Coalville,0,0
United Kingdom,England,Coates,0,0
United Kingdom,England,Cobham,0,0
United Kingdom,England,Cockermouth,0,0
United Kingdom,England,Cockfield,0,0
United Kingdom,England,Cockington,0,0
United Kingdom,England,Codicote,0,0
United Kingdom,England,Codsall,0,0
United Kingdom,England,Cogenhoe,0,0
United Kingdom,England,Coggeshall,0,0
United Kingdom,England,Colchester,0,0
United Kingdom,England,Cold Ash,0,0
United Kingdom,England,Cold Norton,0,0
United Kingdom,England,Colden Common,0,0
United Kingdom,England,Coleford,0,0
United Kingdom,England,Colerne,0,0
United Kingdom,England,Collier Row,0,0
United Kingdom,England,Collingbourne Kingston,0,0
United Kingdom,England,Collingham,0,0
United Kingdom,England,Colnbrook,0,0
United Kingdom,England,Colne,0,0
United Kingdom,England,Colsterworth,0,0
United Kingdom,England,Coltishall,0,0
United Kingdom,England,Colwich,0,0
United Kingdom,England,Colyton,0,0
United Kingdom,England,Combe Martin,0,0
United Kingdom,England,Comberton,0,0
United Kingdom,England,Compton,0,0
United Kingdom,England,Compton Martin,0,0
United Kingdom,England,Congleton,0,0
United Kingdom,England,Congresbury,0,0
United Kingdom,England,Coningsby,0,0
United Kingdom,England,Conisbrough,0,0
United Kingdom,England,Consett,0,0
United Kingdom,England,Cookham,0,0
United Kingdom,England,Cookley,0,0
United Kingdom,England,Cople,0,0
United Kingdom,England,Copmanthorpe,0,0
United Kingdom,England,Copplestone,0,0
United Kingdom,England,Coppull,0,0
United Kingdom,England,Copthorne,0,0
United Kingdom,England,Corbridge,0,0
United Kingdom,England,Corby,0,0
United Kingdom,England,Corby Glen,0,0
United Kingdom,England,Corfe Castle,0,0
United Kingdom,England,Cornholme,0,0
United Kingdom,England,Cornwall,0,0
United Kingdom,England,Corse,0,0
United Kingdom,England,Corsham,0,0
United Kingdom,England,Corston,0,0
United Kingdom,England,Cosby,0,0
United Kingdom,England,Cosham,0,0
United Kingdom,England,Costessey,0,0
United Kingdom,England,Cotgrave,0,0
United Kingdom,England,Cottenham,0,0
United Kingdom,England,Cottesmore,0,0
United Kingdom,England,Cottingham,0,0
United Kingdom,England,Coulsdon,0,0
United Kingdom,England,Coundon,0,0
United Kingdom,England,Countesthorpe,0,0
United Kingdom,England,County Durham,0,0
United Kingdom,England,Coven,0,0
United Kingdom,England,Coventry,0,0
United Kingdom,England,Cowbit,0,0
United Kingdom,England,Cowes,0,0
United Kingdom,England,Cowfold,0,0
United Kingdom,England,Cowley,0,0
United Kingdom,England,Cowplain,0,0
United Kingdom,England,Coxhoe,0,0
United Kingdom,England,Cradley Heath,0,0
United Kingdom,England,Cramlington,0,0
United Kingdom,England,Cranbrook,0,0
United Kingdom,England,Cranfield,0,0
United Kingdom,England,Cranham,0,0
United Kingdom,England,Cranleigh,0,0
United Kingdom,England,Cranwell,0,0
United Kingdom,England,Craven Arms,0,0
United Kingdom,England,Crawley,0,0
United Kingdom,England,Crawley Down,0,0
United Kingdom,England,Credenhill,0,0
United Kingdom,England,Crediton,0,0
United Kingdom,England,Creech Saint Michael,0,0
United Kingdom,England,Creswell,0,0
United Kingdom,England,Crewe,0,0
United Kingdom,England,Crewkerne,0,0
United Kingdom,England,Crick,0,0
United Kingdom,England,Cricklade,0,0
United Kingdom,England,Cringleford,0,0
United Kingdom,England,Croft,0,0
United Kingdom,England,Crofton,0,0
United Kingdom,England,Cromer,0,0
United Kingdom,England,Cromford,0,0
United Kingdom,England,Crondall,0,0
United Kingdom,England,Crook,0,0
United Kingdom,England,Cropwell Bishop,0,0
United Kingdom,England,Crosby,0,0
United Kingdom,England,Cross Hills,0,0
United Kingdom,England,Croston,0,0
United Kingdom,England,Crouch End,0,0
United Kingdom,England,Crowborough,0,0
United Kingdom,England,Crowland,0,0
United Kingdom,England,Crowle,0,0
United Kingdom,England,Crowthorne,0,0
United Kingdom,England,Croydon,0,0
United Kingdom,England,Crumpsall,0,0
United Kingdom,England,Cuckfield,0,0
United Kingdom,England,Cuddington,0,0
United Kingdom,England,Cudworth,0,0
United Kingdom,England,Cuffley,0,0
United Kingdom,England,Culcheth,0,0
United Kingdom,England,Cullingworth,0,0
United Kingdom,England,Cullompton,0,0
United Kingdom,England,Culverstone Green,0,0
United Kingdom,England,Cumbria,0,0
United Kingdom,England,Curdworth,0,0
United Kingdom,England,Curry Rivel,0,0
United Kingdom,England,Cuxton,0,0
United Kingdom,England,Dagenham,0,0
United Kingdom,England,Dalston,0,0
United Kingdom,England,Dalton in Furness,0,0
United Kingdom,England,Danbury,0,0
United Kingdom,England,Danby,0,0
United Kingdom,England,Darenth,0,0
United Kingdom,England,Daresbury,0,0
United Kingdom,England,Darfield,0,0
United Kingdom,England,Darlaston,0,0
United Kingdom,England,Darlington,0,0
United Kingdom,England,Darras Hall,0,0
United Kingdom,England,Darrington,0,0
United Kingdom,England,Dartford,0,0
United Kingdom,England,Dartmouth,0,0
United Kingdom,England,Darton,0,0
United Kingdom,England,Darwen,0,0
United Kingdom,England,Datchet,0,0
United Kingdom,England,Datchworth,0,0
United Kingdom,England,Daventry,0,0
United Kingdom,England,Dawlish,0,0
United Kingdom,England,Deal,0,0
United Kingdom,England,Deanshanger,0,0
United Kingdom,England,Dearham,0,0
United Kingdom,England,Debenham,0,0
United Kingdom,England,Deddington,0,0
United Kingdom,England,Dedham,0,0
United Kingdom,England,Delabole,0,0
United Kingdom,England,Delph,0,0
United Kingdom,England,Denby Dale,0,0
United Kingdom,England,Denham,0,0
United Kingdom,England,Denholme,0,0
United Kingdom,England,Denmead,0,0
United Kingdom,England,Denton,0,0
United Kingdom,England,Denton Holme,0,0
United Kingdom,England,Derby,0,0
United Kingdom,England,Derbyshire,0,0
United Kingdom,England,Dersingham,0,0
United Kingdom,England,Desborough,0,0
United Kingdom,England,Desford,0,0
United Kingdom,England,Devizes,0,0
United Kingdom,England,Devon,0,0
United Kingdom,England,Dewsbury,0,0
United Kingdom,England,Dickens Heath,0,0
United Kingdom,England,Dickleburgh,0,0
United Kingdom,England,Didcot,0,0
United Kingdom,England,Didsbury,0,0
United Kingdom,England,Diggle,0,0
United Kingdom,England,Dinnington,0,0
United Kingdom,England,Dinton,0,0
United Kingdom,England,Disley,0,0
United Kingdom,England,Diss,0,0
United Kingdom,England,Distington,0,0
United Kingdom,England,District of Rutland,0,0
United Kingdom,England,Ditchingham,0,0
United Kingdom,England,Ditchling,0,0
United Kingdom,England,Ditton Hill,0,0
United Kingdom,England,Dobwalls,0,0
United Kingdom,England,Doddington,0,0
United Kingdom,England,Dodworth,0,0
United Kingdom,England,Doncaster,0,0
United Kingdom,England,Donington,0,0
United Kingdom,England,Donisthorpe,0,0
United Kingdom,England,Donnington,0,0
United Kingdom,England,Dorchester,0,0
United Kingdom,England,Dorking,0,0
United Kingdom,England,Dormansland,0,0
United Kingdom,England,Dorridge,0,0
United Kingdom,England,Dorset,0,0
United Kingdom,England,Dorstone,0,0
United Kingdom,England,Dove Holes,0,0
United Kingdom,England,Dover,0,0
United Kingdom,England,Dovercourt,0,0
United Kingdom,England,Doveridge,0,0
United Kingdom,England,Downham Market,0,0
United Kingdom,England,Downton,0,0
United Kingdom,England,Draycott,0,0
United Kingdom,England,Driffield,0,0
United Kingdom,England,Droitwich,0,0
United Kingdom,England,Dronfield,0,0
United Kingdom,England,Droylsden,0,0
United Kingdom,England,Drybrook,0,0
United Kingdom,England,Ducklington,0,0
United Kingdom,England,Dudley,0,0
United Kingdom,England,Duffield,0,0
United Kingdom,England,Dukinfield,0,0
United Kingdom,England,Dulverton,0,0
United Kingdom,England,Dunchurch,0,0
United Kingdom,England,Dundry,0,0
United Kingdom,England,Dunholme,0,0
United Kingdom,England,Dunkeswell,0,0
United Kingdom,England,Dunnington,0,0
United Kingdom,England,Dunstable,0,0
United Kingdom,England,Dunswell,0,0
United Kingdom,England,Durham,0,0
United Kingdom,England,Dursley,0,0
United Kingdom,England,Duxford,0,0
United Kingdom,England,Dymchurch,0,0
United Kingdom,England,Eaglescliffe,0,0
United Kingdom,England,Earby,0,0
United Kingdom,England,Earith,0,0
United Kingdom,England,Earl Shilton,0,0
United Kingdom,England,Earls Barton,0,0
United Kingdom,England,Earls Colne,0,0
United Kingdom,England,Earlsfield,0,0
United Kingdom,England,Easington,0,0
United Kingdom,England,Easingwold,0,0
United Kingdom,England,East Ayton,0,0
United Kingdom,England,East Bergholt,0,0
United Kingdom,England,East Boldon,0,0
United Kingdom,England,East Bridgford,0,0
United Kingdom,England,East Chevington,0,0
United Kingdom,England,East Cowes,0,0
United Kingdom,England,East Dean,0,0
United Kingdom,England,East Dereham,0,0
United Kingdom,England,East Grinstead,0,0
United Kingdom,England,East Hanney,0,0
United Kingdom,England,East Harling,0,0
United Kingdom,England,East Harptree,0,0
United Kingdom,England,East Horsley,0,0
United Kingdom,England,East Keswick,0,0
United Kingdom,England,East Leake,0,0
United Kingdom,England,East Markham,0,0
United Kingdom,England,East Molesey,0,0
United Kingdom,England,East Peckham,0,0
United Kingdom,England,East Rainton,0,0
United Kingdom,England,East Riding of Yorkshire,0,0
United Kingdom,England,East Sussex,0,0
United Kingdom,England,East Tilbury,0,0
United Kingdom,England,East Wittering,0,0
United Kingdom,England,Eastbourne,0,0
United Kingdom,England,Eastchurch,0,0
United Kingdom,England,Eastington,0,0
United Kingdom,England,Eastleigh,0,0
United Kingdom,England,Eastoft,0,0
United Kingdom,England,Easton,0,0
United Kingdom,England,Easton on the Hill,0,0
United Kingdom,England,Easton-in-Gordano,0,0
United Kingdom,England,Eastrington,0,0
United Kingdom,England,Eastry,0,0
United Kingdom,England,Eastwood,0,0
United Kingdom,England,Eaton Bray,0,0
United Kingdom,England,Eaton Socon,0,0
United Kingdom,England,Eattington,0,0
United Kingdom,England,Eccles,0,0
United Kingdom,England,Eccleshall,0,0
United Kingdom,England,Eccleston,0,0
United Kingdom,England,Eckington,0,0
United Kingdom,England,Edenbridge,0,0
United Kingdom,England,Edenfield,0,0
United Kingdom,England,Edgmond,0,0
United Kingdom,England,Edgware,0,0
United Kingdom,England,Edgworth,0,0
United Kingdom,England,Edington,0,0
United Kingdom,England,Edith Weston,0,0
United Kingdom,England,Edwinstowe,0,0
United Kingdom,England,Egham,0,0
United Kingdom,England,Egremont,0,0
United Kingdom,England,Eight Ash Green,0,0
United Kingdom,England,Elland,0,0
United Kingdom,England,Ellerker,0,0
United Kingdom,England,Ellerton,0,0
United Kingdom,England,Ellesmere,0,0
United Kingdom,England,Ellesmere Port,0,0
United Kingdom,England,Elm Park,0,0
United Kingdom,England,Elmstead Market,0,0
United Kingdom,England,Elmswell,0,0
United Kingdom,England,Elsenham,0,0
United Kingdom,England,Elstead,0,0
United Kingdom,England,Elstree,0,0
United Kingdom,England,Elswick,0,0
United Kingdom,England,Elvington,0,0
United Kingdom,England,Elwick,0,0
United Kingdom,England,Ely,0,0
United Kingdom,England,Emberton,0,0
United Kingdom,England,Embleton,0,0
United Kingdom,England,Embsay,0,0
United Kingdom,England,Emley,0,0
United Kingdom,England,Emneth,0,0
United Kingdom,England,Empingham,0,0
United Kingdom,England,Emsworth,0,0
United Kingdom,England,Enderby,0,0
United Kingdom,England,Enfield Town,0,0
United Kingdom,England,Epping,0,0
United Kingdom,England,Epsom,0,0
United Kingdom,England,Epworth,0,0
United Kingdom,England,Erith,0,0
United Kingdom,England,Esher,0,0
United Kingdom,England,Essendine,0,0
United Kingdom,England,Essex,0,0
United Kingdom,England,Essington,0,0
United Kingdom,England,Eton,0,0
United Kingdom,England,Eton Wick,0,0
United Kingdom,England,Etton,0,0
United Kingdom,England,Etwall,0,0
United Kingdom,England,Euxton,0,0
United Kingdom,England,Evenwood,0,0
United Kingdom,England,Evercreech,0,0
United Kingdom,England,Eversholt,0,0
United Kingdom,England,Eversley,0,0
United Kingdom,England,Everton,0,0
United Kingdom,England,Evesham,0,0
United Kingdom,England,Ewell,0,0
United Kingdom,England,Ewhurst,0,0
United Kingdom,England,Ewyas Harold,0,0
United Kingdom,England,Exeter,0,0
United Kingdom,England,Exhall,0,0
United Kingdom,England,Exminster,0,0
United Kingdom,England,Exmouth,0,0
United Kingdom,England,Exning,0,0
United Kingdom,England,Exton,0,0
United Kingdom,England,Eye,0,0
United Kingdom,England,Eynsford,0,0
United Kingdom,England,Eynsham,0,0
United Kingdom,England,Eythorne,0,0
United Kingdom,England,Failsworth,0,0
United Kingdom,England,Fairford,0,0
United Kingdom,England,Fairlands,0,0
United Kingdom,England,Fairlight,0,0
United Kingdom,England,Fakenham,0,0
United Kingdom,England,Fallowfield,0,0
United Kingdom,England,Falmouth,0,0
United Kingdom,England,Fareham,0,0
United Kingdom,England,Faringdon,0,0
United Kingdom,England,Farnborough,0,0
United Kingdom,England,Farndon,0,0
United Kingdom,England,Farnham,0,0
United Kingdom,England,Farnham Royal,0,0
United Kingdom,England,Farnsfield,0,0
United Kingdom,England,Farnworth,0,0
United Kingdom,England,Faversham,0,0
United Kingdom,England,Fazeley,0,0
United Kingdom,England,Featherstone,0,0
United Kingdom,England,Felixstowe,0,0
United Kingdom,England,Felling,0,0
United Kingdom,England,Feltham,0,0
United Kingdom,England,Felton,0,0
United Kingdom,England,Feltwell,0,0
United Kingdom,England,Fenstanton,0,0
United Kingdom,England,Ferndown,0,0
United Kingdom,England,Fernhill Heath,0,0
United Kingdom,England,Fernhurst,0,0
United Kingdom,England,Ferrybridge,0,0
United Kingdom,England,Ferryhill,0,0
United Kingdom,England,Filey,0,0
United Kingdom,England,Finchampstead,0,0
United Kingdom,England,Findern,0,0
United Kingdom,England,Findon,0,0
United Kingdom,England,Finedon,0,0
United Kingdom,England,Finningley,0,0
United Kingdom,England,Fishburn,0,0
United Kingdom,England,Fishtoft,0,0
United Kingdom,England,Fitzwilliam,0,0
United Kingdom,England,Five Oak Green,0,0
United Kingdom,England,Flamborough,0,0
United Kingdom,England,Fleckney,0,0
United Kingdom,England,Fleet,0,0
United Kingdom,England,Fleetwood,0,0
United Kingdom,England,Flexbury,0,0
United Kingdom,England,Flimby,0,0
United Kingdom,England,Flimwell,0,0
United Kingdom,England,Flitwick,0,0
United Kingdom,England,Flockton,0,0
United Kingdom,England,Flookburgh,0,0
United Kingdom,England,Flore,0,0
United Kingdom,England,Folkestone,0,0
United Kingdom,England,Fontwell,0,0
United Kingdom,England,Ford,0,0
United Kingdom,England,Fordham,0,0
United Kingdom,England,Fordingbridge,0,0
United Kingdom,England,Forest Row,0,0
United Kingdom,England,Formby,0,0
United Kingdom,England,Fortuneswell,0,0
United Kingdom,England,Foulridge,0,0
United Kingdom,England,Foulsham,0,0
United Kingdom,England,Four Lanes,0,0
United Kingdom,England,Four Marks,0,0
United Kingdom,England,Fowey,0,0
United Kingdom,England,Fowlmere,0,0
United Kingdom,England,Framlingham,0,0
United Kingdom,England,Frampton on Severn,0,0
United Kingdom,England,Freckleton,0,0
United Kingdom,England,Fremington,0,0
United Kingdom,England,Freshwater,0,0
United Kingdom,England,Frimley,0,0
United Kingdom,England,Frinton-on-Sea,0,0
United Kingdom,England,Friston,0,0
United Kingdom,England,Frizington,0,0
United Kingdom,England,Frodsham,0,0
United Kingdom,England,Frome,0,0
United Kingdom,England,Fulbourn,0,0
United Kingdom,England,Full Sutton,0,0
United Kingdom,England,Furnace Green,0,0
United Kingdom,England,Fylde,0,0
United Kingdom,England,Gainford,0,0
United Kingdom,England,Gainsborough,0,0
United Kingdom,England,Galgate,0,0
United Kingdom,England,Gamlingay,0,0
United Kingdom,England,Garforth,0,0
United Kingdom,England,Gargrave,0,0
United Kingdom,England,Garsington,0,0
United Kingdom,England,Garstang,0,0
United Kingdom,England,Gateshead,0,0
United Kingdom,England,Geddington,0,0
United Kingdom,England,Gedney Hill,0,0
United Kingdom,England,Germoe,0,0
United Kingdom,England,Gerrards Cross,0,0
United Kingdom,England,Gilberdyke,0,0
United Kingdom,England,Gillingham,0,0
United Kingdom,England,Girton,0,0
United Kingdom,England,Glapwell,0,0
United Kingdom,England,Glastonbury,0,0
United Kingdom,England,Glazebury,0,0
United Kingdom,England,Glemsford,0,0
United Kingdom,England,Glenfield,0,0
United Kingdom,England,Glinton,0,0
United Kingdom,England,Glossop,0,0
United Kingdom,England,Gloucester,0,0
United Kingdom,England,Gloucestershire,0,0
United Kingdom,England,Glusburn,0,0
United Kingdom,England,Gnosall,0,0
United Kingdom,England,Gobowen,0,0
United Kingdom,England,Godalming,0,0
United Kingdom,England,Godmanchester,0,0
United Kingdom,England,Godshill,0,0
United Kingdom,England,Godstone,0,0
United Kingdom,England,Golborne,0,0
United Kingdom,England,Goole,0,0
United Kingdom,England,Goosnargh,0,0
United Kingdom,England,Goostrey,0,0
United Kingdom,England,Goring,0,0
United Kingdom,England,Goring-by-Sea,0,0
United Kingdom,England,Gorleston-on-Sea,0,0
United Kingdom,England,Gosberton,0,0
United Kingdom,England,Gosfield,0,0
United Kingdom,England,Gosforth,0,0
United Kingdom,England,Gosport,0,0
United Kingdom,England,Gossops Green,0,0
United Kingdom,England,Gotham,0,0
United Kingdom,England,Goudhurst,0,0
United Kingdom,England,Goxhill,0,0
United Kingdom,England,Grain,0,0
United Kingdom,England,Grange Hill,0,0
United Kingdom,England,Grange-over-Sands,0,0
United Kingdom,England,Grantham,0,0
United Kingdom,England,Grappenhall,0,0
United Kingdom,England,Grassington,0,0
United Kingdom,England,Gravesend,0,0
United Kingdom,England,Grays,0,0
United Kingdom,England,Greasby,0,0
United Kingdom,England,Great Amwell,0,0
United Kingdom,England,Great Ayton,0,0
United Kingdom,England,Great Bardfield,0,0
United Kingdom,England,Great Barford,0,0
United Kingdom,England,Great Barton,0,0
United Kingdom,England,Great Bedwyn,0,0
United Kingdom,England,Great Bentley,0,0
United Kingdom,England,Great Bookham,0,0
United Kingdom,England,Great Chesterford,0,0
United Kingdom,England,Great Dunmow,0,0
United Kingdom,England,Great Eccleston,0,0
United Kingdom,England,Great Glen,0,0
United Kingdom,England,Great Gonerby,0,0
United Kingdom,England,Great Gransden,0,0
United Kingdom,England,Great Hanwood,0,0
United Kingdom,England,Great Harwood,0,0
United Kingdom,England,Great Haywood,0,0
United Kingdom,England,Great Horkesley,0,0
United Kingdom,England,Great Horwood,0,0
United Kingdom,England,Great Houghton,0,0
United Kingdom,England,Great Leighs,0,0
United Kingdom,England,Great Malvern,0,0
United Kingdom,England,Great Marton,0,0
United Kingdom,England,Great Missenden,0,0
United Kingdom,England,Great Paxton,0,0
United Kingdom,England,Great Sankey,0,0
United Kingdom,England,Great Torrington,0,0
United Kingdom,England,Great Wakering,0,0
United Kingdom,England,Great Waldingfield,0,0
United Kingdom,England,Great Wyrley,0,0
United Kingdom,England,Great Yarmouth,0,0
United Kingdom,England,Great Yeldham,0,0
United Kingdom,England,Greater London,0,0
United Kingdom,England,Greatham,0,0
United Kingdom,England,Greenfield,0,0
United Kingdom,England,Greenford,0,0
United Kingdom,England,Greenhill,0,0
United Kingdom,England,Greenhithe,0,0
United Kingdom,England,Greetham,0,0
United Kingdom,England,Grimethorpe,0,0
United Kingdom,England,Grimsby,0,0
United Kingdom,England,Grimston,0,0
United Kingdom,England,Griston,0,0
United Kingdom,England,Groombridge,0,0
United Kingdom,England,Grove,0,0
United Kingdom,England,Grundisburgh,0,0
United Kingdom,England,Guilden Sutton,0,0
United Kingdom,England,Guildford,0,0
United Kingdom,England,Guisborough,0,0
United Kingdom,England,Guiseley,0,0
United Kingdom,England,Gunness,0,0
United Kingdom,England,Gunnislake,0,0
United Kingdom,England,Hackleton,0,0
United Kingdom,England,Haddenham,0,0
United Kingdom,England,Hadleigh,0,0
United Kingdom,England,Hadley,0,0
United Kingdom,England,Hadley Wood,0,0
United Kingdom,England,Hadlow,0,0
United Kingdom,England,Hadston,0,0
United Kingdom,England,Hagley,0,0
United Kingdom,England,Hailsham,0,0
United Kingdom,England,Hainault,0,0
United Kingdom,England,Hale,0,0
United Kingdom,England,Halesowen,0,0
United Kingdom,England,Halesworth,0,0
United Kingdom,England,Halifax,0,0
United Kingdom,England,Halling,0,0
United Kingdom,England,Hallow,0,0
United Kingdom,England,Halstead,0,0
United Kingdom,England,Halton,0,0
United Kingdom,England,Haltwhistle,0,0
United Kingdom,England,Hamble-le-Rice,0,0
United Kingdom,England,Hambleton,0,0
United Kingdom,England,Hameldon Hill,0,0
United Kingdom,England,Hampshire,0,0
United Kingdom,England,Hampton,0,0
United Kingdom,England,Hampton in Arden,0,0
United Kingdom,England,Handcross,0,0
United Kingdom,England,Hannington,0,0
United Kingdom,England,Hanslope,0,0
United Kingdom,England,Hapton,0,0
United Kingdom,England,Harbury,0,0
United Kingdom,England,Hardingstone,0,0
United Kingdom,England,Hardwick Village,0,0
United Kingdom,England,Harefield,0,0
United Kingdom,England,Harleston,0,0
United Kingdom,England,Harlington,0,0
United Kingdom,England,Harlow,0,0
United Kingdom,England,Harold Wood,0,0
United Kingdom,England,Harpenden,0,0
United Kingdom,England,Harpole,0,0
United Kingdom,England,Harrietsham,0,0
United Kingdom,England,Harringay,0,0
United Kingdom,England,Harrogate,0,0
United Kingdom,England,Harrold,0,0
United Kingdom,England,Harrow on the Hill,0,0
United Kingdom,England,Harston,0,0
United Kingdom,England,Harthill,0,0
United Kingdom,England,Hartlebury,0,0
United Kingdom,England,Hartlepool,0,0
United Kingdom,England,Hartley,0,0
United Kingdom,England,Hartley Wintney,0,0
United Kingdom,England,Hartshill,0,0
United Kingdom,England,Hartwell,0,0
United Kingdom,England,Harvington,0,0
United Kingdom,England,Harwell,0,0
United Kingdom,England,Harwich,0,0
United Kingdom,England,Haslemere,0,0
United Kingdom,England,Haslingden,0,0
United Kingdom,England,Haslingfield,0,0
United Kingdom,England,Hassocks,0,0
United Kingdom,England,Hastings,0,0
United Kingdom,England,Haswell,0,0
United Kingdom,England,Hatfield,0,0
United Kingdom,England,Hatfield Heath,0,0
United Kingdom,England,Hatfield Peverel,0,0
United Kingdom,England,Hatherleigh,0,0
United Kingdom,England,Hathern,0,0
United Kingdom,England,Hathersage,0,0
United Kingdom,England,Hatton,0,0
United Kingdom,England,Haughley,0,0
United Kingdom,England,Haughton Green,0,0
United Kingdom,England,Havant,0,0
United Kingdom,England,Haverhill,0,0
United Kingdom,England,Haverigg,0,0
United Kingdom,England,Hawkhurst,0,0
United Kingdom,England,Hawkinge,0,0
United Kingdom,England,Haworth,0,0
United Kingdom,England,Hawthorn,0,0
United Kingdom,England,Haxby,0,0
United Kingdom,England,Haxey,0,0
United Kingdom,England,Haydock,0,0
United Kingdom,England,Haydon Bridge,0,0
United Kingdom,England,Hayes,0,0
United Kingdom,England,Hayfield,0,0
United Kingdom,England,Hayle,0,0
United Kingdom,England,Hayling Island,0,0
United Kingdom,England,Haynes,0,0
United Kingdom,England,Hayton,0,0
United Kingdom,England,Haywards Heath,0,0
United Kingdom,England,Hazel Grove,0,0
United Kingdom,England,Hazlerigg,0,0
United Kingdom,England,Heacham,0,0
United Kingdom,England,Headcorn,0,0
United Kingdom,England,Heage,0,0
United Kingdom,England,Healing,0,0
United Kingdom,England,Heanor,0,0
United Kingdom,England,Heath and Reach,0,0
United Kingdom,England,Heathfield,0,0
United Kingdom,England,Heaton Chapel,0,0
United Kingdom,England,Heavitree,0,0
United Kingdom,England,Hebburn,0,0
United Kingdom,England,Hebden Bridge,0,0
United Kingdom,England,Heckington,0,0
United Kingdom,England,Heckmondwike,0,0
United Kingdom,England,Heddon on the Wall,0,0
United Kingdom,England,Hedge End,0,0
United Kingdom,England,Hedon,0,0
United Kingdom,England,Heighington,0,0
United Kingdom,England,Hellaby,0,0
United Kingdom,England,Hellifield,0,0
United Kingdom,England,Helmsley,0,0
United Kingdom,England,Helpston,0,0
United Kingdom,England,Helsby,0,0
United Kingdom,England,Helston,0,0
United Kingdom,England,Hemel Hempstead,0,0
United Kingdom,England,Hemingbrough,0,0
United Kingdom,England,Hemingford Grey,0,0
United Kingdom,England,Hemsby,0,0
United Kingdom,England,Hemsworth,0,0
United Kingdom,England,Hemyock,0,0
United Kingdom,England,Henfield,0,0
United Kingdom,England,Henley in Arden,0,0
United Kingdom,England,Henley-on-Thames,0,0
United Kingdom,England,Henlow,0,0
United Kingdom,England,Henstridge,0,0
United Kingdom,England,Hereford,0,0
United Kingdom,England,Herefordshire,0,0
United Kingdom,England,Hermitage,0,0
United Kingdom,England,Herne Bay,0,0
United Kingdom,England,Herstmonceux,0,0
United Kingdom,England,Hertford,0,0
United Kingdom,England,Hertfordshire,0,0
United Kingdom,England,Heswall,0,0
United Kingdom,England,Hethersett,0,0
United Kingdom,England,Hetton-Le-Hole,0,0
United Kingdom,England,Hexham,0,0
United Kingdom,England,Heysham,0,0
United Kingdom,England,Heywood,0,0
United Kingdom,England,Hibaldstow,0,0
United Kingdom,England,High Barnet,0,0
United Kingdom,England,High Bentham,0,0
United Kingdom,England,High Etherley,0,0
United Kingdom,England,High Halden,0,0
United Kingdom,England,High Halstow,0,0
United Kingdom,England,High Legh,0,0
United Kingdom,England,High Ongar,0,0
United Kingdom,England,High Peak,0,0
United Kingdom,England,High Wycombe,0,0
United Kingdom,England,Higham Ferrers,0,0
United Kingdom,England,Highbridge,0,0
United Kingdom,England,Highclere,0,0
United Kingdom,England,Highley,0,0
United Kingdom,England,Hightown,0,0
United Kingdom,England,Highworth,0,0
United Kingdom,England,Hilton,0,0
United Kingdom,England,Hinchley Wood,0,0
United Kingdom,England,Hinckley,0,0
United Kingdom,England,Hindhead,0,0
United Kingdom,England,Hindley,0,0
United Kingdom,England,Hindon,0,0
United Kingdom,England,Hingham,0,0
United Kingdom,England,Hinton,0,0
United Kingdom,England,Histon,0,0
United Kingdom,England,Hitchin,0,0
United Kingdom,England,Hockley,0,0
United Kingdom,England,Hockley Heath,0,0
United Kingdom,England,Hockliffe,0,0
United Kingdom,England,Hockwold cum Wilton,0,0
United Kingdom,England,Hoddesdon,0,0
United Kingdom,England,Holbeach,0,0
United Kingdom,England,Holbeck,0,0
United Kingdom,England,Holbrook,0,0
United Kingdom,England,Hollingworth,0,0
United Kingdom,England,Holloway,0,0
United Kingdom,England,Hollym,0,0
United Kingdom,England,Holmes Chapel,0,0
United Kingdom,England,Holmfirth,0,0
United Kingdom,England,Holmwood,0,0
United Kingdom,England,Holsworthy,0,0
United Kingdom,England,Holt,0,0
United Kingdom,England,Holtby,0,0
United Kingdom,England,Holton le Clay,0,0
United Kingdom,England,Holywell Green,0,0
United Kingdom,England,Honeybourne,0,0
United Kingdom,England,Honiton,0,0
United Kingdom,England,Hoo,0,0
United Kingdom,England,Hook,0,0
United Kingdom,England,Hook Norton,0,0
United Kingdom,England,Hoole,0,0
United Kingdom,England,Hope Valley,0,0
United Kingdom,England,Hopton on Sea,0,0
United Kingdom,England,Horam,0,0
United Kingdom,England,Horbury,0,0
United Kingdom,England,Horley,0,0
United Kingdom,England,Horncastle,0,0
United Kingdom,England,Hornchurch,0,0
United Kingdom,England,Horndon on the Hill,0,0
United Kingdom,England,Horning,0,0
United Kingdom,England,Hornsea,0,0
United Kingdom,England,Horrabridge,0,0
United Kingdom,England,Horsford,0,0
United Kingdom,England,Horsforth,0,0
United Kingdom,England,Horsham,0,0
United Kingdom,England,Horsmonden,0,0
United Kingdom,England,Horsted Keynes,0,0
United Kingdom,England,Horton,0,0
United Kingdom,England,Horton Kirby,0,0
United Kingdom,England,Horwich,0,0
United Kingdom,England,Hotham,0,0
United Kingdom,England,Houghton,0,0
United Kingdom,England,Houghton Conquest,0,0
United Kingdom,England,Houghton on the Hill,0,0
United Kingdom,England,Houghton-Le-Spring,0,0
United Kingdom,England,Hounslow,0,0
United Kingdom,England,Hove,0,0
United Kingdom,England,Hoveton,0,0
United Kingdom,England,Howden,0,0
United Kingdom,England,Hoylake,0,0
United Kingdom,England,Hoyland Nether,0,0
United Kingdom,England,Hucknall,0,0
United Kingdom,England,Huddersfield,0,0
United Kingdom,England,Hugh Town,0,0
United Kingdom,England,Hulme,0,0
United Kingdom,England,Humberston,0,0
United Kingdom,England,Hungerford,0,0
United Kingdom,England,Hunmanby,0,0
United Kingdom,England,Hunstanton,0,0
United Kingdom,England,Huntingdon,0,0
United Kingdom,England,Huntley,0,0
United Kingdom,England,Huntspill,0,0
United Kingdom,England,Hunwick,0,0
United Kingdom,England,Hurst,0,0
United Kingdom,England,Hurstpierpoint,0,0
United Kingdom,England,Husbands Bosworth,0,0
United Kingdom,England,Husborne Crawley,0,0
United Kingdom,England,Huyton,0,0
United Kingdom,England,Hyde,0,0
United Kingdom,England,Hyde Heath,0,0
United Kingdom,England,Hythe,0,0
United Kingdom,England,Ibstock,0,0
United Kingdom,England,Ilchester,0,0
United Kingdom,England,Ilfracombe,0,0
United Kingdom,England,Ilkeston,0,0
United Kingdom,England,Ilkley,0,0
United Kingdom,England,Ilminster,0,0
United Kingdom,England,Immingham,0,0
United Kingdom,England,Ince Blundell,0,0
United Kingdom,England,Ince-in-Makerfield,0,0
United Kingdom,England,Ingatestone,0,0
United Kingdom,England,Ingleby Greenhow,0,0
United Kingdom,England,Ingleton,0,0
United Kingdom,England,Ingoldmells,0,0
United Kingdom,England,Ingrave,0,0
United Kingdom,England,Inkberrow,0,0
United Kingdom,England,Ipplepen,0,0
United Kingdom,England,Ipswich,0,0
United Kingdom,England,Irchester,0,0
United Kingdom,England,Irlam,0,0
United Kingdom,England,Ironbridge,0,0
United Kingdom,England,Irthlingborough,0,0
United Kingdom,England,Isle of Wight,0,0
United Kingdom,England,Isleham,0,0
United Kingdom,England,Isles of Scilly,0,0
United Kingdom,England,Isleworth,0,0
United Kingdom,England,Islington,0,0
United Kingdom,England,Iver,0,0
United Kingdom,England,Iver Heath,0,0
United Kingdom,England,Ivinghoe,0,0
United Kingdom,England,Ivybridge,0,0
United Kingdom,England,Iwade,0,0
United Kingdom,England,Ixworth,0,0
United Kingdom,England,Jarrow,0,0
United Kingdom,England,Keadby,0,0
United Kingdom,England,Kearsley,0,0
United Kingdom,England,Kedington,0,0
United Kingdom,England,Keelby,0,0
United Kingdom,England,Keele,0,0
United Kingdom,England,Kegworth,0,0
United Kingdom,England,Keighley,0,0
United Kingdom,England,Kelloe,0,0
United Kingdom,England,Kelsall,0,0
United Kingdom,England,Kelvedon,0,0
United Kingdom,England,Kelvedon Hatch,0,0
United Kingdom,England,Kempsey,0,0
United Kingdom,England,Kempston,0,0
United Kingdom,England,Kempston Hardwick,0,0
United Kingdom,England,Kemsing,0,0
United Kingdom,England,Kendal,0,0
United Kingdom,England,Kenilworth,0,0
United Kingdom,England,Kennington,0,0
United Kingdom,England,Kensworth,0,0
United Kingdom,England,Kent,0,0
United Kingdom,England,Kenton,0,0
United Kingdom,England,Keresley,0,0
United Kingdom,England,Kesgrave,0,0
United Kingdom,England,Kessingland,0,0
United Kingdom,England,Keswick,0,0
United Kingdom,England,Kettering,0,0
United Kingdom,England,Ketton,0,0
United Kingdom,England,Keyingham,0,0
United Kingdom,England,Keynsham,0,0
United Kingdom,England,Keyworth,0,0
United Kingdom,England,Kibworth Harcourt,0,0
United Kingdom,England,Kidderminster,0,0
United Kingdom,England,Kidlington,0,0
United Kingdom,England,Kidsgrove,0,0
United Kingdom,England,Kilburn,0,0
United Kingdom,England,Kilham,0,0
United Kingdom,England,Killamarsh,0,0
United Kingdom,England,Kilsby,0,0
United Kingdom,England,Kimberley,0,0
United Kingdom,England,Kimbolton,0,0
United Kingdom,England,Kimpton,0,0
United Kingdom,England,Kineton,0,0
United Kingdom,England,King's Clipstone,0,0
United Kingdom,England,King's Lynn,0,0
United Kingdom,England,Kings Hill,0,0
United Kingdom,England,Kings Langley,0,0
United Kingdom,England,Kings Sutton,0,0
United Kingdom,England,Kings Worthy,0,0
United Kingdom,England,Kingsbridge,0,0
United Kingdom,England,Kingsbury,0,0
United Kingdom,England,Kingsclere,0,0
United Kingdom,England,Kingskerswell,0,0
United Kingdom,England,Kingsland,0,0
United Kingdom,England,Kingsley,0,0
United Kingdom,England,Kingsteignton,0,0
United Kingdom,England,Kingston Bagpuize,0,0
United Kingdom,England,Kingston Seymour,0,0
United Kingdom,England,Kingston upon Hull,0,0
United Kingdom,England,Kingston upon Thames,0,0
United Kingdom,England,Kingswinford,0,0
United Kingdom,England,Kingswood,0,0
United Kingdom,England,Kington,0,0
United Kingdom,England,Kintbury,0,0
United Kingdom,England,Kinvere,0,0
United Kingdom,England,Kippax,0,0
United Kingdom,England,Kirby Muxloe,0,0
United Kingdom,England,Kirk Sandall,0,0
United Kingdom,England,Kirkburton,0,0
United Kingdom,England,Kirkby,0,0
United Kingdom,England,Kirkby in Ashfield,0,0
United Kingdom,England,Kirkby Lonsdale,0,0
United Kingdom,England,Kirkby Stephen,0,0
United Kingdom,England,Kirkbymoorside,0,0
United Kingdom,England,Kirkham,0,0
United Kingdom,England,Kirklees,0,0
United Kingdom,England,Kirton,0,0
United Kingdom,England,Kirton in Lindsey,0,0
United Kingdom,England,Kislingbury,0,0
United Kingdom,England,Kiveton Park,0,0
United Kingdom,England,Knaphill,0,0
United Kingdom,England,Knaresborough,0,0
United Kingdom,England,Knebworth,0,0
United Kingdom,England,Knottingley,0,0
United Kingdom,England,Knowle,0,0
United Kingdom,England,Knowsley,0,0
United Kingdom,England,Knutsford,0,0
United Kingdom,England,Laceby,0,0
United Kingdom,England,Lacock,0,0
United Kingdom,England,Lakenheath,0,0
United Kingdom,England,Lamberhurst,0,0
United Kingdom,England,Lambeth,0,0
United Kingdom,England,Lambourn,0,0
United Kingdom,England,Lamesley,0,0
United Kingdom,England,Lancashire,0,0
United Kingdom,England,Lancaster,0,0
United Kingdom,England,Lanchester,0,0
United Kingdom,England,Lancing,0,0
United Kingdom,England,Landrake,0,0
United Kingdom,England,Langford,0,0
United Kingdom,England,Langham,0,0
United Kingdom,England,Langho,0,0
United Kingdom,England,Langley Green,0,0
United Kingdom,England,Langley Park,0,0
United Kingdom,England,Langport,0,0
United Kingdom,England,Langtoft,0,0
United Kingdom,England,Lark Hill,0,0
United Kingdom,England,Larkfield,0,0
United Kingdom,England,Latchingdon and Snoreham,0,0
United Kingdom,England,Launceston,0,0
United Kingdom,England,Lavendon,0,0
United Kingdom,England,Lavenham,0,0
United Kingdom,England,Layer de la Haye,0,0
United Kingdom,England,Leasingham,0,0
United Kingdom,England,Leatherhead,0,0
United Kingdom,England,Lechlade,0,0
United Kingdom,England,Leconfield,0,0
United Kingdom,England,Ledbury,0,0
United Kingdom,England,Ledsham,0,0
United Kingdom,England,Lee-on-the-Solent,0,0
United Kingdom,England,Leeds,0,0
United Kingdom,England,Leek,0,0
United Kingdom,England,Leek Wootton,0,0
United Kingdom,England,Leicester,0,0
United Kingdom,England,Leicestershire,0,0
United Kingdom,England,Leigh,0,0
United Kingdom,England,Leighton Buzzard,0,0
United Kingdom,England,Leiston,0,0
United Kingdom,England,Lenham,0,0
United Kingdom,England,Leominster,0,0
United Kingdom,England,Lesbury,0,0
United Kingdom,England,Letchworth,0,0
United Kingdom,England,Letchworth Garden City,0,0
United Kingdom,England,Leven,0,0
United Kingdom,England,Lewes,0,0
United Kingdom,England,Leyburn,0,0
United Kingdom,England,Leyland,0,0
United Kingdom,England,Leysdown-on-Sea,0,0
United Kingdom,England,Lichfield,0,0
United Kingdom,England,Lidlington,0,0
United Kingdom,England,Lifton,0,0
United Kingdom,England,Lightwater,0,0
United Kingdom,England,Limpley Stoke,0,0
United Kingdom,England,Lincoln,0,0
United Kingdom,England,Lincolnshire,0,0
United Kingdom,England,Lingdale,0,0
United Kingdom,England,Lingfield,0,0
United Kingdom,England,Lingwood,0,0
United Kingdom,England,Linthwaite,0,0
United Kingdom,England,Linton,0,0
United Kingdom,England,Linton upon Ouse,0,0
United Kingdom,England,Liphook,0,0
United Kingdom,England,Liskeard,0,0
United Kingdom,England,Liss,0,0
United Kingdom,England,Litherland,0,0
United Kingdom,England,Little Amwell,0,0
United Kingdom,England,Little Chalfont,0,0
United Kingdom,England,Little Clacton,0,0
United Kingdom,England,Little Dunmow,0,0
United Kingdom,England,Little Eaton,0,0
United Kingdom,England,Little Hallingbury,0,0
United Kingdom,England,Little Hulton,0,0
United Kingdom,England,Little Lever,0,0
United Kingdom,England,Little Paxton,0,0
United Kingdom,England,Little Weighton,0,0
United Kingdom,England,Littleborough,0,0
United Kingdom,England,Littlebourne,0,0
United Kingdom,England,Littlehampton,0,0
United Kingdom,England,Littleport,0,0
United Kingdom,England,Liverpool,0,0
United Kingdom,England,Liversedge,0,0
United Kingdom,England,Locking,0,0
United Kingdom,England,Lockington,0,0
United Kingdom,England,Loddon,0,0
United Kingdom,England,Lofthouse,0,0
United Kingdom,England,Loftus,0,0
United Kingdom,England,London,0,0
United Kingdom,England,Long Ashton,0,0
United Kingdom,England,Long Bennington,0,0
United Kingdom,England,Long Buckby,0,0
United Kingdom,England,Long Clawson,0,0
United Kingdom,England,Long Crendon,0,0
United Kingdom,England,Long Eaton,0,0
United Kingdom,England,Long Itchington,0,0
United Kingdom,England,Long Lawford,0,0
United Kingdom,England,Long Melford,0,0
United Kingdom,England,Long Stratton,0,0
United Kingdom,England,Long Sutton,0,0
United Kingdom,England,Long Whatton,0,0
United Kingdom,England,Longdendale,0,0
United Kingdom,England,Longfield,0,0
United Kingdom,England,Longhope,0,0
United Kingdom,England,Longhorsley,0,0
United Kingdom,England,Longhoughton,0,0
United Kingdom,England,Longridge,0,0
United Kingdom,England,Longsight,0,0
United Kingdom,England,Longstanton,0,0
United Kingdom,England,Longton,0,0
United Kingdom,England,Longtown,0,0
United Kingdom,England,Longwick,0,0
United Kingdom,England,Looe,0,0
United Kingdom,England,Lostwithiel,0,0
United Kingdom,England,Loughborough,0,0
United Kingdom,England,Louth,0,0
United Kingdom,England,Low Ackworth,0,0
United Kingdom,England,Low Bradley,0,0
United Kingdom,England,Low Etherley,0,0
United Kingdom,England,Lowdham,0,0
United Kingdom,England,Lower Brailes,0,0
United Kingdom,England,Lower Broadheath,0,0
United Kingdom,England,Lower Earley,0,0
United Kingdom,England,Lower Halstow,0,0
United Kingdom,England,Lower Kingswood,0,0
United Kingdom,England,Lowestoft,0,0
United Kingdom,England,Lowick,0,0
United Kingdom,England,Luckington,0,0
United Kingdom,England,Luddenden Foot,0,0
United Kingdom,England,Ludgershall,0,0
United Kingdom,England,Ludlow,0,0
United Kingdom,England,Lugwardine,0,0
United Kingdom,England,Lund,0,0
United Kingdom,England,Luton,0,0
United Kingdom,England,Lutterworth,0,0
United Kingdom,England,Lydbrook,0,0
United Kingdom,England,Lydd,0,0
United Kingdom,England,Lydiard Millicent,0,0
United Kingdom,England,Lydney,0,0
United Kingdom,England,Lyme Regis,0,0
United Kingdom,England,Lyminge,0,0
United Kingdom,England,Lymington,0,0
United Kingdom,England,Lymm,0,0
United Kingdom,England,Lympne,0,0
United Kingdom,England,Lympstone,0,0
United Kingdom,England,Lyndhurst,0,0
United Kingdom,England,Lyneham,0,0
United Kingdom,England,Lynemouth,0,0
United Kingdom,England,Lynton,0,0
United Kingdom,England,Lytchett Matravers,0,0
United Kingdom,England,Lytham St Annes,0,0
United Kingdom,England,Mablethorpe,0,0
United Kingdom,England,Macclesfield,0,0
United Kingdom,England,Madeley,0,0
United Kingdom,England,Maghull,0,0
United Kingdom,England,Maiden Newton,0,0
United Kingdom,England,Maidenbower,0,0
United Kingdom,England,Maidenhead,0,0
United Kingdom,England,Maidstone,0,0
United Kingdom,England,Maldon,0,0
United Kingdom,England,Malmesbury,0,0
United Kingdom,England,Malpas,0,0
United Kingdom,England,Maltby,0,0
United Kingdom,England,Malton,0,0
United Kingdom,England,Manby,0,0
United Kingdom,England,Manchester,0,0
United Kingdom,England,Manea,0,0
United Kingdom,England,Mangotsfield,0,0
United Kingdom,England,Manningtree,0,0
United Kingdom,England,Mansfield,0,0
United Kingdom,England,Mansfield Woodhouse,0,0
United Kingdom,England,Manston,0,0
United Kingdom,England,Manton,0,0
United Kingdom,England,Maple Cross,0,0
United Kingdom,England,Marazion,0,0
United Kingdom,England,March,0,0
United Kingdom,England,Marcham,0,0
United Kingdom,England,Marchwood,0,0
United Kingdom,England,Marden,0,0
United Kingdom,England,Margate,0,0
United Kingdom,England,Market Bosworth,0,0
United Kingdom,England,Market Deeping,0,0
United Kingdom,England,Market Drayton,0,0
United Kingdom,England,Market Harborough,0,0
United Kingdom,England,Market Lavington,0,0
United Kingdom,England,Market Overton,0,0
United Kingdom,England,Market Rasen,0,0
United Kingdom,England,Market Warsop,0,0
United Kingdom,England,Market Weighton,0,0
United Kingdom,England,Markfield,0,0
United Kingdom,England,Marks Tey,0,0
United Kingdom,England,Markyate,0,0
United Kingdom,England,Marlborough,0,0
United Kingdom,England,Marldon,0,0
United Kingdom,England,Marlow,0,0
United Kingdom,England,Marnhull,0,0
United Kingdom,England,Marple,0,0
United Kingdom,England,Marr,0,0
United Kingdom,England,Marsden,0,0
United Kingdom,England,Marshfield,0,0
United Kingdom,England,Marske-by-the-Sea,0,0
United Kingdom,England,Marston Moretaine,0,0
United Kingdom,England,Martham,0,0
United Kingdom,England,Martock,0,0
United Kingdom,England,Maryport,0,0
United Kingdom,England,Masham,0,0
United Kingdom,England,Matlock,0,0
United Kingdom,England,Mattishall,0,0
United Kingdom,England,Maulden,0,0
United Kingdom,England,Mayfield,0,0
United Kingdom,England,Mayland,0,0
United Kingdom,England,Measham,0,0
United Kingdom,England,Medway,0,0
United Kingdom,England,Melbourn,0,0
United Kingdom,England,Melbourne,0,0
United Kingdom,England,Meldreth,0,0
United Kingdom,England,Melksham,0,0
United Kingdom,England,Meltham,0,0
United Kingdom,England,Meltham Mills,0,0
United Kingdom,England,Melton Mowbray,0,0
United Kingdom,England,Mendip,0,0
United Kingdom,England,Menston,0,0
United Kingdom,England,Meopham,0,0
United Kingdom,England,Meppershall,0,0
United Kingdom,England,Mere,0,0
United Kingdom,England,Meriden,0,0
United Kingdom,England,Merriott,0,0
United Kingdom,England,Messingham,0,0
United Kingdom,England,Metheringham,0,0
United Kingdom,England,Methley,0,0
United Kingdom,England,Metropolitan Borough of Wirral,0,0
United Kingdom,England,Mevagissey,0,0
United Kingdom,England,Mexborough,0,0
United Kingdom,England,Mickle Trafford,0,0
United Kingdom,England,Mickleton,0,0
United Kingdom,England,Middle Rasen,0,0
United Kingdom,England,Middle Winterslow,0,0
United Kingdom,England,Middlesbrough,0,0
United Kingdom,England,Middlestown,0,0
United Kingdom,England,Middleton,0,0
United Kingdom,England,Middlewich,0,0
United Kingdom,England,Midhurst,0,0
United Kingdom,England,Midsomer Norton,0,0
United Kingdom,England,Milborne Port,0,0
United Kingdom,England,Milborne St Andrew,0,0
United Kingdom,England,Mildenhall,0,0
United Kingdom,England,Milford,0,0
United Kingdom,England,Milford on Sea,0,0
United Kingdom,England,Millbrook,0,0
United Kingdom,England,Millom,0,0
United Kingdom,England,Milnrow,0,0
United Kingdom,England,Milnthorpe,0,0
United Kingdom,England,Milton Keynes,0,0
United Kingdom,England,Milverton,0,0
United Kingdom,England,Minchinhampton,0,0
United Kingdom,England,Minehead,0,0
United Kingdom,England,Minety,0,0
United Kingdom,England,Minster Lovell,0,0
United Kingdom,England,Minsterley,0,0
United Kingdom,England,Mirfield,0,0
United Kingdom,England,Misterton,0,0
United Kingdom,England,Mistley,0,0
United Kingdom,England,Mitcham,0,0
United Kingdom,England,Mitcheldean,0,0
United Kingdom,England,Mobberley,0,0
United Kingdom,England,Modbury,0,0
United Kingdom,England,Moira,0,0
United Kingdom,England,Mollington,0,0
United Kingdom,England,Monk Fryston,0,0
United Kingdom,England,Morchard Bishop,0,0
United Kingdom,England,Morcott,0,0
United Kingdom,England,Morden,0,0
United Kingdom,England,Morecambe,0,0
United Kingdom,England,Moreton,0,0
United Kingdom,England,Moreton in Marsh,0,0
United Kingdom,England,Moretonhampstead,0,0
United Kingdom,England,Morley,0,0
United Kingdom,England,Morpeth,0,0
United Kingdom,England,Moss,0,0
United Kingdom,England,Mossley,0,0
United Kingdom,England,Motcombe,0,0
United Kingdom,England,Mouldsworth,0,0
United Kingdom,England,Moulton Chapel,0,0
United Kingdom,England,Mount Hawke,0,0
United Kingdom,England,Mountsorrel,0,0
United Kingdom,England,Much Hadham,0,0
United Kingdom,England,Much Wenlock,0,0
United Kingdom,England,Mulbarton,0,0
United Kingdom,England,Mullion,0,0
United Kingdom,England,Mundesley,0,0
United Kingdom,England,Mundford,0,0
United Kingdom,England,Murton,0,0
United Kingdom,England,Mylor Bridge,0,0
United Kingdom,England,Mytholmroyd,0,0
United Kingdom,England,Nafferton,0,0
United Kingdom,England,Nailsea,0,0
United Kingdom,England,Nailsworth,0,0
United Kingdom,England,Nanpean,0,0
United Kingdom,England,Nantwich,0,0
United Kingdom,England,Narborough,0,0
United Kingdom,England,Navenby,0,0
United Kingdom,England,Necton,0,0
United Kingdom,England,Needham Market,0,0
United Kingdom,England,Needingworth,0,0
United Kingdom,England,Nelson,0,0
United Kingdom,England,Neston,0,0
United Kingdom,England,Nether Heyford,0,0
United Kingdom,England,Nether Poppleton,0,0
United Kingdom,England,Nether Stowey,0,0
United Kingdom,England,Netheravon,0,0
United Kingdom,England,Netherton,0,0
United Kingdom,England,Netley,0,0
United Kingdom,England,Nettleham,0,0
United Kingdom,England,New Alresford,0,0
United Kingdom,England,New Basford,0,0
United Kingdom,England,New Ferry,0,0
United Kingdom,England,New Malden,0,0
United Kingdom,England,New Marske,0,0
United Kingdom,England,New Mills,0,0
United Kingdom,England,New Milton,0,0
United Kingdom,England,New Romney,0,0
United Kingdom,England,Newark on Trent,0,0
United Kingdom,England,Newbiggin-by-the-Sea,0,0
United Kingdom,England,Newbold Verdon,0,0
United Kingdom,England,Newburn,0,0
United Kingdom,England,Newbury,0,0
United Kingdom,England,Newcastle under Lyme,0,0
United Kingdom,England,Newcastle upon Tyne,0,0
United Kingdom,England,Newchurch,0,0
United Kingdom,England,Newent,0,0
United Kingdom,England,Newhaven,0,0
United Kingdom,England,Newick,0,0
United Kingdom,England,Newington,0,0
United Kingdom,England,Newmarket,0,0
United Kingdom,England,Newport,0,0
United Kingdom,England,Newport Pagnell,0,0
United Kingdom,England,Newquay,0,0
United Kingdom,England,Newton Abbot,0,0
United Kingdom,England,Newton Aycliffe,0,0
United Kingdom,England,Newton Ferrers,0,0
United Kingdom,England,Newton Longville,0,0
United Kingdom,England,Newton Poppleford,0,0
United Kingdom,England,Newton-le-Willows,0,0
United Kingdom,England,Ninfield,0,0
United Kingdom,England,Niton,0,0
United Kingdom,England,Norfolk,0,0
United Kingdom,England,Normandy,0,0
United Kingdom,England,North Baddesley,0,0
United Kingdom,England,North Cave,0,0
United Kingdom,England,North Collingham,0,0
United Kingdom,England,North Duffield,0,0
United Kingdom,England,North East Lincolnshire,0,0
United Kingdom,England,North Elmham,0,0
United Kingdom,England,North Ferriby,0,0
United Kingdom,England,North Leigh,0,0
United Kingdom,England,North Lincolnshire,0,0
United Kingdom,England,North Luffenham,0,0
United Kingdom,England,North Newbald,0,0
United Kingdom,England,North Petherton,0,0
United Kingdom,England,North Shields,0,0
United Kingdom,England,North Somercotes,0,0
United Kingdom,England,North Somerset,0,0
United Kingdom,England,North Sunderland,0,0
United Kingdom,England,North Tawton,0,0
United Kingdom,England,North Thoresby,0,0
United Kingdom,England,North Walsham,0,0
United Kingdom,England,North Yorkshire,0,0
United Kingdom,England,Northallerton,0,0
United Kingdom,England,Northam,0,0
United Kingdom,England,Northampton,0,0
United Kingdom,England,Northamptonshire,0,0
United Kingdom,England,Northborough,0,0
United Kingdom,England,Northiam,0,0
United Kingdom,England,Northleach,0,0
United Kingdom,England,Northolt,0,0
United Kingdom,England,Northorpe,0,0
United Kingdom,England,Northumberland,0,0
United Kingdom,England,Northwich,0,0
United Kingdom,England,Norton,0,0
United Kingdom,England,Norton Canes,0,0
United Kingdom,England,Norwich,0,0
United Kingdom,England,Nottingham,0,0
United Kingdom,England,Nottinghamshire,0,0
United Kingdom,England,Notton,0,0
United Kingdom,England,Nuneaton,0,0
United Kingdom,England,Oadby,0,0
United Kingdom,England,Oakengates,0,0
United Kingdom,England,Oakham,0,0
United Kingdom,England,Oakington,0,0
United Kingdom,England,Oakley,0,0
United Kingdom,England,Odiham,0,0
United Kingdom,England,Okehampton,0,0
United Kingdom,England,Old Basing,0,0
United Kingdom,England,Old Harlow,0,0
United Kingdom,England,Old Leake,0,0
United Kingdom,England,Old Windsor,0,0
United Kingdom,England,Oldbury,0,0
United Kingdom,England,Oldham,0,0
United Kingdom,England,Olney,0,0
United Kingdom,England,Olveston,0,0
United Kingdom,England,Orleton,0,0
United Kingdom,England,Ormesby St Margaret,0,0
United Kingdom,England,Ormskirk,0,0
United Kingdom,England,Orpington,0,0
United Kingdom,England,Orsett,0,0
United Kingdom,England,Orwell,0,0
United Kingdom,England,Ossett,0,0
United Kingdom,England,Oswestry,0,0
United Kingdom,England,Otford,0,0
United Kingdom,England,Otley,0,0
United Kingdom,England,Otterburn,0,0
United Kingdom,England,Ottershaw,0,0
United Kingdom,England,Ottery St Mary,0,0
United Kingdom,England,Ottringham,0,0
United Kingdom,England,Oughtibridge,0,0
United Kingdom,England,Oundle,0,0
United Kingdom,England,Outwell,0,0
United Kingdom,England,Over,0,0
United Kingdom,England,Overcombe,0,0
United Kingdom,England,Overstrand,0,0
United Kingdom,England,Overton,0,0
United Kingdom,England,Owston Ferry,0,0
United Kingdom,England,Oxenhope,0,0
United Kingdom,England,Oxford,0,0
United Kingdom,England,Oxfordshire,0,0
United Kingdom,England,Oxted,0,0
United Kingdom,England,Paddock Wood,0,0
United Kingdom,England,Padiham,0,0
United Kingdom,England,Padstow,0,0
United Kingdom,England,Paignton,0,0
United Kingdom,England,Painswick,0,0
United Kingdom,England,Pangbourne,0,0
United Kingdom,England,Pannal,0,0
United Kingdom,England,Pant,0,0
United Kingdom,England,Papworth Everard,0,0
United Kingdom,England,Par,0,0
United Kingdom,England,Parbold,0,0
United Kingdom,England,Parkstone,0,0
United Kingdom,England,Partington,0,0
United Kingdom,England,Partridge Green,0,0
United Kingdom,England,Pateley Bridge,0,0
United Kingdom,England,Patrington,0,0
United Kingdom,England,Pattingham,0,0
United Kingdom,England,Paulton,0,0
United Kingdom,England,Peacehaven,0,0
United Kingdom,England,Peasedown Saint John,0,0
United Kingdom,England,Peaslake,0,0
United Kingdom,England,Peckham,0,0
United Kingdom,England,Pegswood,0,0
United Kingdom,England,Pelsall,0,0
United Kingdom,England,Pelton,0,0
United Kingdom,England,Pembury,0,0
United Kingdom,England,Penistone,0,0
United Kingdom,England,Penkridge,0,0
United Kingdom,England,Penrith,0,0
United Kingdom,England,Penryn,0,0
United Kingdom,England,Pensilva,0,0
United Kingdom,England,Penzance,0,0
United Kingdom,England,Perranporth,0,0
United Kingdom,England,Perranwell,0,0
United Kingdom,England,Pershore,0,0
United Kingdom,England,Peterborough,0,0
United Kingdom,England,Peterlee,0,0
United Kingdom,England,Petersfield,0,0
United Kingdom,England,Petworth,0,0
United Kingdom,England,Pevensey,0,0
United Kingdom,England,Pevensey Bay,0,0
United Kingdom,England,Pewsey,0,0
United Kingdom,England,Pickering,0,0
United Kingdom,England,Pilning,0,0
United Kingdom,England,Pilsley,0,0
United Kingdom,England,Pimperne,0,0
United Kingdom,England,Pinchbeck,0,0
United Kingdom,England,Pinner,0,0
United Kingdom,England,Pinxton,0,0
United Kingdom,England,Pirton,0,0
United Kingdom,England,Pitsea,0,0
United Kingdom,England,Pitstone,0,0
United Kingdom,England,Plumpton Green,0,0
United Kingdom,England,Plymouth,0,0
United Kingdom,England,Plympton,0,0
United Kingdom,England,Plymstock,0,0
United Kingdom,England,Pocklington,0,0
United Kingdom,England,Podington,0,0
United Kingdom,England,Polesworth,0,0
United Kingdom,England,Pollington,0,0
United Kingdom,England,Polperro,0,0
United Kingdom,England,Polzeath,0,0
United Kingdom,England,Pontefract,0,0
United Kingdom,England,Ponteland,0,0
United Kingdom,England,Pontesbury,0,0
United Kingdom,England,Pool,0,0
United Kingdom,England,Poole,0,0
United Kingdom,England,Poringland,0,0
United Kingdom,England,Porlock,0,0
United Kingdom,England,Porthleven,0,0
United Kingdom,England,Portishead,0,0
United Kingdom,England,Portland,0,0
United Kingdom,England,Portscatho,0,0
United Kingdom,England,Portslade,0,0
United Kingdom,England,Portsmouth,0,0
United Kingdom,England,Potterne,0,0
United Kingdom,England,Potters Bar,0,0
United Kingdom,England,Potterspury,0,0
United Kingdom,England,Potton,0,0
United Kingdom,England,Poulton-le-Fylde,0,0
United Kingdom,England,Poynton,0,0
United Kingdom,England,Prees,0,0
United Kingdom,England,Preesall,0,0
United Kingdom,England,Prenton,0,0
United Kingdom,England,Prescot,0,0
United Kingdom,England,Prestbury,0,0
United Kingdom,England,Preston,0,0
United Kingdom,England,Prestwich,0,0
United Kingdom,England,Princes Risborough,0,0
United Kingdom,England,Princetown,0,0
United Kingdom,England,Priston,0,0
United Kingdom,England,Probus,0,0
United Kingdom,England,Prudhoe,0,0
United Kingdom,England,Publow,0,0
United Kingdom,England,Puckeridge,0,0
United Kingdom,England,Pucklechurch,0,0
United Kingdom,England,Puddletown,0,0
United Kingdom,England,Pudsey,0,0
United Kingdom,England,Pulborough,0,0
United Kingdom,England,Pulloxhill,0,0
United Kingdom,England,Purfleet,0,0
United Kingdom,England,Puriton,0,0
United Kingdom,England,Purley,0,0
United Kingdom,England,Purton,0,0
United Kingdom,England,Queenborough,0,0
United Kingdom,England,Queensbury,0,0
United Kingdom,England,Queniborough,0,0
United Kingdom,England,Quorndon,0,0
United Kingdom,England,Rackheath,0,0
United Kingdom,England,Radcliffe,0,0
United Kingdom,England,Radcliffe on Trent,0,0
United Kingdom,England,Radlett,0,0
United Kingdom,England,Radley,0,0
United Kingdom,England,Radstock,0,0
United Kingdom,England,Rainford,0,0
United Kingdom,England,Rainham,0,0
United Kingdom,England,Rainworth,0,0
United Kingdom,England,Ramsbottom,0,0
United Kingdom,England,Ramsbury,0,0
United Kingdom,England,Ramsey,0,0
United Kingdom,England,Ramsgate,0,0
United Kingdom,England,Ranskill,0,0
United Kingdom,England,Rastrick,0,0
United Kingdom,England,Ratby,0,0
United Kingdom,England,Raunds,0,0
United Kingdom,England,Ravenshead,0,0
United Kingdom,England,Ravenstone,0,0
United Kingdom,England,Rawcliffe,0,0
United Kingdom,England,Rawmarsh,0,0
United Kingdom,England,Rawtenstall,0,0
United Kingdom,England,Rayleigh,0,0
United Kingdom,England,Rayne,0,0
United Kingdom,England,Reading,0,0
United Kingdom,England,Redbourn,0,0
United Kingdom,England,Redbourne,0,0
United Kingdom,England,Redcar,0,0
United Kingdom,England,Redcar and Cleveland,0,0
United Kingdom,England,Redditch,0,0
United Kingdom,England,Redhill,0,0
United Kingdom,England,Redlynch,0,0
United Kingdom,England,Redruth,0,0
United Kingdom,England,Reedham,0,0
United Kingdom,England,Reepham,0,0
United Kingdom,England,Reigate,0,0
United Kingdom,England,Rendlesham,0,0
United Kingdom,England,Repton,0,0
United Kingdom,England,Retford,0,0
United Kingdom,England,Riccall,0,0
United Kingdom,England,Richmond,0,0
United Kingdom,England,Rickinghall,0,0
United Kingdom,England,Rickmansworth,0,0
United Kingdom,England,Ridgmont,0,0
United Kingdom,England,Rillington,0,0
United Kingdom,England,Ringmer,0,0
United Kingdom,England,Ringstead,0,0
United Kingdom,England,Ringwood,0,0
United Kingdom,England,Ripley,0,0
United Kingdom,England,Ripon,0,0
United Kingdom,England,Ripponden,0,0
United Kingdom,England,Riseley,0,0
United Kingdom,England,Rishton,0,0
United Kingdom,England,Roade,0,0
United Kingdom,England,Robertsbridge,0,0
United Kingdom,England,Rochdale,0,0
United Kingdom,England,Roche,0,0
United Kingdom,England,Rochester,0,0
United Kingdom,England,Rochford,0,0
United Kingdom,England,Rock,0,0
United Kingdom,England,Rode,0,0
United Kingdom,England,Rode Heath,0,0
United Kingdom,England,Romford,0,0
United Kingdom,England,Romney Marsh,0,0
United Kingdom,England,Romsey,0,0
United Kingdom,England,Romsley,0,0
United Kingdom,England,Roos,0,0
United Kingdom,England,Ross on Wye,0,0
United Kingdom,England,Rossendale,0,0
United Kingdom,England,Rothbury,0,0
United Kingdom,England,Rotherfield Peppard,0,0
United Kingdom,England,Rotherham,0,0
United Kingdom,England,Rothley,0,0
United Kingdom,England,Rothwell,0,0
United Kingdom,England,Rottingdean,0,0
United Kingdom,England,Rowde,0,0
United Kingdom,England,Rowhedge,0,0
United Kingdom,England,Rowlands Gill,0,0
United Kingdom,England,Rowley Regis,0,0
United Kingdom,England,Roxton,0,0
United Kingdom,England,Royal Borough of Windsor and Maidenhead,0,0
United Kingdom,England,Royal Leamington Spa,0,0
United Kingdom,England,Royal Tunbridge Wells,0,0
United Kingdom,England,Royal Wootton Bassett,0,0
United Kingdom,England,Roydon,0,0
United Kingdom,England,Royston,0,0
United Kingdom,England,Royton,0,0
United Kingdom,England,Ruardean,0,0
United Kingdom,England,Ruddington,0,0
United Kingdom,England,Rudgwick,0,0
United Kingdom,England,Rufford,0,0
United Kingdom,England,Rugby,0,0
United Kingdom,England,Rugeley,0,0
United Kingdom,England,Ruislip,0,0
United Kingdom,England,Runcorn,0,0
United Kingdom,England,Rushden,0,0
United Kingdom,England,Ruskington,0,0
United Kingdom,England,Rusthall,0,0
United Kingdom,England,Rustington,0,0
United Kingdom,England,Ruyton-XI-Towns,0,0
United Kingdom,England,Ryde,0,0
United Kingdom,England,Rye,0,0
United Kingdom,England,Ryhall,0,0
United Kingdom,England,Ryhill,0,0
United Kingdom,England,Ryhope,0,0
United Kingdom,England,Ryton,0,0
United Kingdom,England,Ryton on Dunsmore,0,0
United Kingdom,England,Sabden,0,0
United Kingdom,England,Sacriston,0,0
United Kingdom,England,Saffron Walden,0,0
United Kingdom,England,Saint Agnes,0,0
United Kingdom,England,Saint Bees,0,0
United Kingdom,England,Saint Columb Major,0,0
United Kingdom,England,Saint Dennis,0,0
United Kingdom,England,Saint Leonards-on-Sea,0,0
United Kingdom,England,Saint Neots,0,0
United Kingdom,England,Saint Osyth,0,0
United Kingdom,England,Saint Peters,0,0
United Kingdom,England,Saint Stephen,0,0
United Kingdom,England,Salcombe,0,0
United Kingdom,England,Sale,0,0
United Kingdom,England,Salford,0,0
United Kingdom,England,Salfords,0,0
United Kingdom,England,Salisbury,0,0
United Kingdom,England,Saltash,0,0
United Kingdom,England,Saltburn-by-the-Sea,0,0
United Kingdom,England,Saltford,0,0
United Kingdom,England,Sampford Peverell,0,0
United Kingdom,England,Sandbach,0,0
United Kingdom,England,Sandford,0,0
United Kingdom,England,Sandown,0,0
United Kingdom,England,Sandwell,0,0
United Kingdom,England,Sandwich,0,0
United Kingdom,England,Sandy,0,0
United Kingdom,England,Sapcote,0,0
United Kingdom,England,Saughall,0,0
United Kingdom,England,Sawbridgeworth,0,0
United Kingdom,England,Sawston,0,0
United Kingdom,England,Sawtry,0,0
United Kingdom,England,Saxilby,0,0
United Kingdom,England,Saxmundham,0,0
United Kingdom,England,Scalby,0,0
United Kingdom,England,Scarborough,0,0
United Kingdom,England,Scarcroft,0,0
United Kingdom,England,Scawby,0,0
United Kingdom,England,Scholes,0,0
United Kingdom,England,Scole,0,0
United Kingdom,England,Scorton,0,0
United Kingdom,England,Scotby,0,0
United Kingdom,England,Scotter,0,0
United Kingdom,England,Scunthorpe,0,0
United Kingdom,England,Seaford,0,0
United Kingdom,England,Seaham,0,0
United Kingdom,England,Seahouses,0,0
United Kingdom,England,Seascale,0,0
United Kingdom,England,Seaton,0,0
United Kingdom,England,Seaton Delaval,0,0
United Kingdom,England,Seaview,0,0
United Kingdom,England,Sedbergh,0,0
United Kingdom,England,Sedgefield,0,0
United Kingdom,England,Seend,0,0
United Kingdom,England,Seer Green,0,0
United Kingdom,England,Sefton,0,0
United Kingdom,England,Seghill,0,0
United Kingdom,England,Selby,0,0
United Kingdom,England,Selsey,0,0
United Kingdom,England,Send,0,0
United Kingdom,England,Settle,0,0
United Kingdom,England,Sevenoaks,0,0
United Kingdom,England,Severn Beach,0,0
United Kingdom,England,Shadoxhurst,0,0
United Kingdom,England,Shadwell,0,0
United Kingdom,England,Shaftesbury,0,0
United Kingdom,England,Shalbourne,0,0
United Kingdom,England,Shalfleet,0,0
United Kingdom,England,Shanklin,0,0
United Kingdom,England,Shap,0,0
United Kingdom,England,Sharlston,0,0
United Kingdom,England,Sharnbrook,0,0
United Kingdom,England,Sharpness,0,0
United Kingdom,England,Shaw,0,0
United Kingdom,England,Shawbury,0,0
United Kingdom,England,Sheerness,0,0
United Kingdom,England,Sheffield,0,0
United Kingdom,England,Shefford,0,0
United Kingdom,England,Shelley,0,0
United Kingdom,England,Shenley,0,0
United Kingdom,England,Shenstone,0,0
United Kingdom,England,Shepherdswell,0,0
United Kingdom,England,Shepley,0,0
United Kingdom,England,Shepperton,0,0
United Kingdom,England,Shepshed,0,0
United Kingdom,England,Shepton Mallet,0,0
United Kingdom,England,Sherborne,0,0
United Kingdom,England,Sherborne St John,0,0
United Kingdom,England,Sherburn,0,0
United Kingdom,England,Sherburn Hill,0,0
United Kingdom,England,Sherburn in Elmet,0,0
United Kingdom,England,Sheriff Hutton,0,0
United Kingdom,England,Sheringham,0,0
United Kingdom,England,Sherington,0,0
United Kingdom,England,Sherston,0,0
United Kingdom,England,Shevington,0,0
United Kingdom,England,Shifnal,0,0
United Kingdom,England,Shilbottle,0,0
United Kingdom,England,Shildon,0,0
United Kingdom,England,Shillingstone,0,0
United Kingdom,England,Shillington,0,0
United Kingdom,England,Shipdham,0,0
United Kingdom,England,Shipham,0,0
United Kingdom,England,Shipley,0,0
United Kingdom,England,Shipston on Stour,0,0
United Kingdom,England,Shipton under Wychwood,0,0
United Kingdom,England,Shirebrook,0,0
United Kingdom,England,Shiremoor,0,0
United Kingdom,England,Shirland,0,0
United Kingdom,England,Shirley,0,0
United Kingdom,England,Shoreham-by-Sea,0,0
United Kingdom,England,Shortlands,0,0
United Kingdom,England,Shotley Gate,0,0
United Kingdom,England,Shrewsbury,0,0
United Kingdom,England,Shrewton,0,0
United Kingdom,England,Shrivenham,0,0
United Kingdom,England,Shropshire,0,0
United Kingdom,England,Shurdington,0,0
United Kingdom,England,Sible Hedingham,0,0
United Kingdom,England,Sibsey,0,0
United Kingdom,England,Sidcup,0,0
United Kingdom,England,Sidmouth,0,0
United Kingdom,England,Sileby,0,0
United Kingdom,England,Silkstone,0,0
United Kingdom,England,Silloth,0,0
United Kingdom,England,Silsden,0,0
United Kingdom,England,Silsoe,0,0
United Kingdom,England,Silver End,0,0
United Kingdom,England,Silverdale,0,0
United Kingdom,England,Silverstone,0,0
United Kingdom,England,Silverton,0,0
United Kingdom,England,Sinfin,0,0
United Kingdom,England,Sissinghurst,0,0
United Kingdom,England,Sittingbourne,0,0
United Kingdom,England,Skegness,0,0
United Kingdom,England,Skellingthorpe,0,0
United Kingdom,England,Skelmersdale,0,0
United Kingdom,England,Skelton,0,0
United Kingdom,England,Skidby,0,0
United Kingdom,England,Skinningrove,0,0
United Kingdom,England,Skipsea,0,0
United Kingdom,England,Skipton,0,0
United Kingdom,England,Slaley,0,0
United Kingdom,England,Sleaford,0,0
United Kingdom,England,Sleights,0,0
United Kingdom,England,Slinfold,0,0
United Kingdom,England,Slough,0,0
United Kingdom,England,Smethwick,0,0
United Kingdom,England,Snaith,0,0
United Kingdom,England,Snettisham,0,0
United Kingdom,England,Snodland,0,0
United Kingdom,England,Soham,0,0
United Kingdom,England,Solihull,0,0
United Kingdom,England,Somerset,0,0
United Kingdom,England,Somersham,0,0
United Kingdom,England,Somerton,0,0
United Kingdom,England,Sonning Common,0,0
United Kingdom,England,South Benfleet,0,0
United Kingdom,England,South Brent,0,0
United Kingdom,England,South Cave,0,0
United Kingdom,England,South Cerney,0,0
United Kingdom,England,South Chailey,0,0
United Kingdom,England,South Collingham,0,0
United Kingdom,England,South Croydon,0,0
United Kingdom,England,South Elmsall,0,0
United Kingdom,England,South Gloucestershire,0,0
United Kingdom,England,South Harting,0,0
United Kingdom,England,South Hayling,0,0
United Kingdom,England,South Hetton,0,0
United Kingdom,England,South Littleton,0,0
United Kingdom,England,South Luffenham,0,0
United Kingdom,England,South Milford,0,0
United Kingdom,England,South Molton,0,0
United Kingdom,England,South Nutfield,0,0
United Kingdom,England,South Ockendon,0,0
United Kingdom,England,South Petherton,0,0
United Kingdom,England,South Shields,0,0
United Kingdom,England,South Tyneside,0,0
United Kingdom,England,South Wingfield,0,0
United Kingdom,England,South Witham,0,0
United Kingdom,England,Southall,0,0
United Kingdom,England,Southam,0,0
United Kingdom,England,Southampton,0,0
United Kingdom,England,Southchurch Village,0,0
United Kingdom,England,Southend-on-Sea,0,0
United Kingdom,England,Southery,0,0
United Kingdom,England,Southminster,0,0
United Kingdom,England,Southowram,0,0
United Kingdom,England,Southport,0,0
United Kingdom,England,Southsea,0,0
United Kingdom,England,Southwater,0,0
United Kingdom,England,Southwell,0,0
United Kingdom,England,Southwick,0,0
United Kingdom,England,Southwold,0,0
United Kingdom,England,Sowerby Bridge,0,0
United Kingdom,England,Spalding,0,0
United Kingdom,England,Speldhurst,0,0
United Kingdom,England,Spennymoor,0,0
United Kingdom,England,Spilsby,0,0
United Kingdom,England,Spixworth,0,0
United Kingdom,England,Spofforth,0,0
United Kingdom,England,Spratton,0,0
United Kingdom,England,Sproatley,0,0
United Kingdom,England,St Albans,0,0
United Kingdom,England,St Austell,0,0
United Kingdom,England,St Helens,0,0
United Kingdom,England,St Ives,0,0
United Kingdom,England,St Just,0,0
United Kingdom,England,St Leonards,0,0
United Kingdom,England,St Mary's,0,0
United Kingdom,England,St Mary's Bay,0,0
United Kingdom,England,St. Day,0,0
United Kingdom,England,St. Helens,0,0
United Kingdom,England,Stafford,0,0
United Kingdom,England,Staffordshire,0,0
United Kingdom,England,Stagsden,0,0
United Kingdom,England,Stainburn,0,0
United Kingdom,England,Staindrop,0,0
United Kingdom,England,Staines,0,0
United Kingdom,England,Stainforth,0,0
United Kingdom,England,Stakeford,0,0
United Kingdom,England,Stalbridge,0,0
United Kingdom,England,Stalham,0,0
United Kingdom,England,Stallingborough,0,0
United Kingdom,England,Stalybridge,0,0
United Kingdom,England,Stamford,0,0
United Kingdom,England,Stamford Bridge,0,0
United Kingdom,England,Stanbridge,0,0
United Kingdom,England,Standlake,0,0
United Kingdom,England,Standon,0,0
United Kingdom,England,Stanford in the Vale,0,0
United Kingdom,England,Stanford-le-Hope,0,0
United Kingdom,England,Stanhope,0,0
United Kingdom,England,Stanley,0,0
United Kingdom,England,Stanmore,0,0
United Kingdom,England,Stannington,0,0
United Kingdom,England,Stansted Mountfitchet,0,0
United Kingdom,England,Stanwick,0,0
United Kingdom,England,Staplehurst,0,0
United Kingdom,England,Starcross,0,0
United Kingdom,England,Startforth,0,0
United Kingdom,England,Staveley,0,0
United Kingdom,England,Steeple Bumpstead,0,0
United Kingdom,England,Steeple Claydon,0,0
United Kingdom,England,Steeton,0,0
United Kingdom,England,Stevenage,0,0
United Kingdom,England,Steventon,0,0
United Kingdom,England,Stevington,0,0
United Kingdom,England,Stewartby,0,0
United Kingdom,England,Stewkley,0,0
United Kingdom,England,Steyning,0,0
United Kingdom,England,Stickney,0,0
United Kingdom,England,Stillington,0,0
United Kingdom,England,Stilton,0,0
United Kingdom,England,Stithians,0,0
United Kingdom,England,Stock,0,0
United Kingdom,England,Stockport,0,0
United Kingdom,England,Stocksbridge,0,0
United Kingdom,England,Stocksfield,0,0
United Kingdom,England,Stockton,0,0
United Kingdom,England,Stockton Heath,0,0
United Kingdom,England,Stockton-on-Tees,0,0
United Kingdom,England,Stoke Ferry,0,0
United Kingdom,England,Stoke Gabriel,0,0
United Kingdom,England,Stoke Gifford,0,0
United Kingdom,England,Stoke Golding,0,0
United Kingdom,England,Stoke Goldington,0,0
United Kingdom,England,Stoke Poges,0,0
United Kingdom,England,Stoke Prior,0,0
United Kingdom,England,Stoke-on-Trent,0,0
United Kingdom,England,Stoke-sub-Hamdon,0,0
United Kingdom,England,Stokenchurch,0,0
United Kingdom,England,Stokesley,0,0
United Kingdom,England,Stone,0,0
United Kingdom,England,Stonehouse,0,0
United Kingdom,England,Stonesfield,0,0
United Kingdom,England,Stoney Stanton,0,0
United Kingdom,England,Storrington,0,0
United Kingdom,England,Stotfold,0,0
United Kingdom,England,Stourbridge,0,0
United Kingdom,England,Stourport-on-Severn,0,0
United Kingdom,England,Stow on the Wold,0,0
United Kingdom,England,Stowmarket,0,0
United Kingdom,England,Stradbroke,0,0
United Kingdom,England,Stratfield Mortimer,0,0
United Kingdom,England,Stratford-upon-Avon,0,0
United Kingdom,England,Stratton,0,0
United Kingdom,England,Streatley,0,0
United Kingdom,England,Street,0,0
United Kingdom,England,Streetly,0,0
United Kingdom,England,Strensall,0,0
United Kingdom,England,Stretford,0,0
United Kingdom,England,Stretham,0,0
United Kingdom,England,Strood,0,0
United Kingdom,England,Stroud,0,0
United Kingdom,England,Studley,0,0
United Kingdom,England,Sturminster Marshall,0,0
United Kingdom,England,Sturminster Newton,0,0
United Kingdom,England,Sturry,0,0
United Kingdom,England,Sudbrooke,0,0
United Kingdom,England,Sudbury,0,0
United Kingdom,England,Suffolk,0,0
United Kingdom,England,Sunbury-on-Thames,0,0
United Kingdom,England,Sunderland,0,0
United Kingdom,England,Sundridge,0,0
United Kingdom,England,Surbiton,0,0
United Kingdom,England,Surrey,0,0
United Kingdom,England,Sutterton,0,0
United Kingdom,England,Sutton,0,0
United Kingdom,England,Sutton Benger,0,0
United Kingdom,England,Sutton Bonington,0,0
United Kingdom,England,Sutton Bridge,0,0
United Kingdom,England,Sutton Coldfield,0,0
United Kingdom,England,Sutton Courtenay,0,0
United Kingdom,England,Sutton in Ashfield,0,0
United Kingdom,England,Sutton on Trent,0,0
United Kingdom,England,Sutton upon Derwent,0,0
United Kingdom,England,Swadlincote,0,0
United Kingdom,England,Swaffham,0,0
United Kingdom,England,Swanage,0,0
United Kingdom,England,Swanley,0,0
United Kingdom,England,Swanmore,0,0
United Kingdom,England,Swanscombe,0,0
United Kingdom,England,Swarthmoor,0,0
United Kingdom,England,Swavesey,0,0
United Kingdom,England,Sway,0,0
United Kingdom,England,Swillington,0,0
United Kingdom,England,Swindon,0,0
United Kingdom,England,Swineshead,0,0
United Kingdom,England,Swinton,0,0
United Kingdom,England,Syston,0,0
United Kingdom,England,Sywell,0,0
United Kingdom,England,Tadcaster,0,0
United Kingdom,England,Tadley,0,0
United Kingdom,England,Tadworth,0,0
United Kingdom,England,Takeley,0,0
United Kingdom,England,Tamworth,0,0
United Kingdom,England,Tanfield,0,0
United Kingdom,England,Tangmere,0,0
United Kingdom,England,Tankerton,0,0
United Kingdom,England,Tansley,0,0
United Kingdom,England,Tarleton,0,0
United Kingdom,England,Tarporley,0,0
United Kingdom,England,Tarvin,0,0
United Kingdom,England,Tattenhall,0,0
United Kingdom,England,Taunton,0,0
United Kingdom,England,Tavistock,0,0
United Kingdom,England,Teddington,0,0
United Kingdom,England,Teignmouth,0,0
United Kingdom,England,Telford,0,0
United Kingdom,England,Telford and Wrekin,0,0
United Kingdom,England,Templecombe,0,0
United Kingdom,England,Tempsford,0,0
United Kingdom,England,Tenbury Wells,0,0
United Kingdom,England,Tenterden,0,0
United Kingdom,England,Terrington Saint John,0,0
United Kingdom,England,Terrington St Clement,0,0
United Kingdom,England,Tetbury,0,0
United Kingdom,England,Tetney,0,0
United Kingdom,England,Tewkesbury,0,0
United Kingdom,England,Teynham,0,0
United Kingdom,England,Thame,0,0
United Kingdom,England,Thames Ditton,0,0
United Kingdom,England,Thatcham,0,0
United Kingdom,England,Thaxted,0,0
United Kingdom,England,The Boldons,0,0
United Kingdom,England,Theale,0,0
United Kingdom,England,Thetford,0,0
United Kingdom,England,Theydon Bois,0,0
United Kingdom,England,Thirsk,0,0
United Kingdom,England,Thornaby-on-Tees,0,0
United Kingdom,England,Thornbury,0,0
United Kingdom,England,Thorne,0,0
United Kingdom,England,Thorner,0,0
United Kingdom,England,Thorney,0,0
United Kingdom,England,Thorngumbald,0,0
United Kingdom,England,Thornley,0,0
United Kingdom,England,Thornton Dale,0,0
United Kingdom,England,Thornton Heath,0,0
United Kingdom,England,Thornton-Cleveleys,0,0
United Kingdom,England,Thorp Arch,0,0
United Kingdom,England,Thorpe Hamlet,0,0
United Kingdom,England,Thorpe le Soken,0,0
United Kingdom,England,Thrapston,0,0
United Kingdom,England,Three Legged Cross,0,0
United Kingdom,England,Thurlby,0,0
United Kingdom,England,Thurlton,0,0
United Kingdom,England,Thurston,0,0
United Kingdom,England,Tibshelf,0,0
United Kingdom,England,Ticehurst,0,0
United Kingdom,England,Tickhill,0,0
United Kingdom,England,Tickton,0,0
United Kingdom,England,Tideswell,0,0
United Kingdom,England,Tidworth,0,0
United Kingdom,England,Tilbury,0,0
United Kingdom,England,Timperley,0,0
United Kingdom,England,Timsbury,0,0
United Kingdom,England,Tingewick,0,0
United Kingdom,England,Tintagel,0,0
United Kingdom,England,Tipton,0,0
United Kingdom,England,Tiptree,0,0
United Kingdom,England,Tisbury,0,0
United Kingdom,England,Tiverton,0,0
United Kingdom,England,Toddington,0,0
United Kingdom,England,Todmorden,0,0
United Kingdom,England,Todwick,0,0
United Kingdom,England,Tollesbury,0,0
United Kingdom,England,Tolleshunt Knights,0,0
United Kingdom,England,Tonbridge,0,0
United Kingdom,England,Topsham,0,0
United Kingdom,England,Torpoint,0,0
United Kingdom,England,Torquay,0,0
United Kingdom,England,Totnes,0,0
United Kingdom,England,Totternhoe,0,0
United Kingdom,England,Tottington,0,0
United Kingdom,England,Totton,0,0
United Kingdom,England,Tow Law,0,0
United Kingdom,England,Towcester,0,0
United Kingdom,England,Town Row,0,0
United Kingdom,England,Trafford,0,0
United Kingdom,England,Trafford Park,0,0
United Kingdom,England,Treeton,0,0
United Kingdom,England,Trimdon,0,0
United Kingdom,England,Trimdon Grange,0,0
United Kingdom,England,Tring,0,0
United Kingdom,England,Trowbridge,0,0
United Kingdom,England,Truro,0,0
United Kingdom,England,Tunstall,0,0
United Kingdom,England,Tuxford,0,0
United Kingdom,England,Twyford,0,0
United Kingdom,England,Tyldesley,0,0
United Kingdom,England,Tynemouth,0,0
United Kingdom,England,Tytherington,0,0
United Kingdom,England,Uckfield,0,0
United Kingdom,England,Uffculme,0,0
United Kingdom,England,Ulceby,0,0
United Kingdom,England,Ulrome,0,0
United Kingdom,England,Ulverston,0,0
United Kingdom,England,Uny Lelant,0,0
United Kingdom,England,Upchurch,0,0
United Kingdom,England,Upminster,0,0
United Kingdom,England,Upper Basildon,0,0
United Kingdom,England,Upper Langwith,0,0
United Kingdom,England,Upper Poppleton,0,0
United Kingdom,England,Uppingham,0,0
United Kingdom,England,Upton,0,0
United Kingdom,England,Upton Scudamore,0,0
United Kingdom,England,Upton upon Severn,0,0
United Kingdom,England,Upwell,0,0
United Kingdom,England,Urmston,0,0
United Kingdom,England,Ushaw Moor,0,0
United Kingdom,England,Uttoxeter,0,0
United Kingdom,England,Ventnor,0,0
United Kingdom,England,Verwood,0,0
United Kingdom,England,Virginia Water,0,0
United Kingdom,England,Waddesdon,0,0
United Kingdom,England,Waddington,0,0
United Kingdom,England,Wadebridge,0,0
United Kingdom,England,Wadhurst,0,0
United Kingdom,England,Wadworth,0,0
United Kingdom,England,Wainfleet All Saints,0,0
United Kingdom,England,Wakefield,0,0
United Kingdom,England,Walberton,0,0
United Kingdom,England,Wales,0,0
United Kingdom,England,Walkden,0,0
United Kingdom,England,Walkern,0,0
United Kingdom,England,Walkington,0,0
United Kingdom,England,Wallasey,0,0
United Kingdom,England,Wallingford,0,0
United Kingdom,England,Wallsend,0,0
United Kingdom,England,Walsall,0,0
United Kingdom,England,Walsden,0,0
United Kingdom,England,Waltham,0,0
United Kingdom,England,Waltham Abbey,0,0
United Kingdom,England,Waltham Cross,0,0
United Kingdom,England,Walton,0,0
United Kingdom,England,Walton-on-Thames,0,0
United Kingdom,England,Walton-on-the-Naze,0,0
United Kingdom,England,Wanborough,0,0
United Kingdom,England,Wansford,0,0
United Kingdom,England,Wantage,0,0
United Kingdom,England,Warboys,0,0
United Kingdom,England,Wardle,0,0
United Kingdom,England,Ware,0,0
United Kingdom,England,Wareham,0,0
United Kingdom,England,Wargrave,0,0
United Kingdom,England,Warkworth,0,0
United Kingdom,England,Warlingham,0,0
United Kingdom,England,Warminster,0,0
United Kingdom,England,Warnham,0,0
United Kingdom,England,Warrington,0,0
United Kingdom,England,Warsop,0,0
United Kingdom,England,Warton,0,0
United Kingdom,England,Warwick,0,0
United Kingdom,England,Warwickshire,0,0
United Kingdom,England,Washingborough,0,0
United Kingdom,England,Washington,0,0
United Kingdom,England,Washwood Heath,0,0
United Kingdom,England,Watchet,0,0
United Kingdom,England,Water Eaton,0,0
United Kingdom,England,Water Orton,0,0
United Kingdom,England,Waterbeach,0,0
United Kingdom,England,Wateringbury,0,0
United Kingdom,England,Waterloo,0,0
United Kingdom,England,Waterlooville,0,0
United Kingdom,England,Watford,0,0
United Kingdom,England,Wath upon Dearne,0,0
United Kingdom,England,Watlington,0,0
United Kingdom,England,Wattisham,0,0
United Kingdom,England,Watton,0,0
United Kingdom,England,Watton at Stone,0,0
United Kingdom,England,Weaverham,0,0
United Kingdom,England,Wedmore,0,0
United Kingdom,England,Wednesbury,0,0
United Kingdom,England,Wednesfield,0,0
United Kingdom,England,Weedon Beck,0,0
United Kingdom,England,Weeting,0,0
United Kingdom,England,Welford,0,0
United Kingdom,England,Wellesbourne,0,0
United Kingdom,England,Wellesbourne Mountford,0,0
United Kingdom,England,Welling,0,0
United Kingdom,England,Wellingborough,0,0
United Kingdom,England,Wellington,0,0
United Kingdom,England,Wellow,0,0
United Kingdom,England,Wells,0,0
United Kingdom,England,Wells-next-the-Sea,0,0
United Kingdom,England,Welwyn,0,0
United Kingdom,England,Welwyn Garden City,0,0
United Kingdom,England,Wem,0,0
United Kingdom,England,Wembley,0,0
United Kingdom,England,Wembury,0,0
United Kingdom,England,Wendover,0,0
United Kingdom,England,Wentworth,0,0
United Kingdom,England,Weobley,0,0
United Kingdom,England,West Bergholt,0,0
United Kingdom,England,West Berkshire,0,0
United Kingdom,England,West Bridgford,0,0
United Kingdom,England,West Bromwich,0,0
United Kingdom,England,West Byfleet,0,0
United Kingdom,England,West Clandon,0,0
United Kingdom,England,West Coker,0,0
United Kingdom,England,West Cornforth,0,0
United Kingdom,England,West Drayton,0,0
United Kingdom,England,West End,0,0
United Kingdom,England,West End of London,0,0
United Kingdom,England,West Haddon,0,0
United Kingdom,England,West Hallam,0,0
United Kingdom,England,West Horsley,0,0
United Kingdom,England,West Ilsley,0,0
United Kingdom,England,West Kingsdown,0,0
United Kingdom,England,West Kirby,0,0
United Kingdom,England,West Malling,0,0
United Kingdom,England,West Mersea,0,0
United Kingdom,England,West Molesey,0,0
United Kingdom,England,West Rainton,0,0
United Kingdom,England,West Sussex,0,0
United Kingdom,England,West Thurrock,0,0
United Kingdom,England,West Walton,0,0
United Kingdom,England,West Wellow,0,0
United Kingdom,England,West Wickham,0,0
United Kingdom,England,Westbury,0,0
United Kingdom,England,Westcliff-on-Sea,0,0
United Kingdom,England,Westcott,0,0
United Kingdom,England,Westergate,0,0
United Kingdom,England,Westerham,0,0
United Kingdom,England,Westfield,0,0
United Kingdom,England,Westgate on Sea,0,0
United Kingdom,England,Westhoughton,0,0
United Kingdom,England,Weston,0,0
United Kingdom,England,Weston Turville,0,0
United Kingdom,England,Weston-super-Mare,0,0
United Kingdom,England,Westoning,0,0
United Kingdom,England,Westonzoyland,0,0
United Kingdom,England,Westwood,0,0
United Kingdom,England,Wetheral,0,0
United Kingdom,England,Wetherby,0,0
United Kingdom,England,Wetwang,0,0
United Kingdom,England,Weybridge,0,0
United Kingdom,England,Weymouth,0,0
United Kingdom,England,Whaley Bridge,0,0
United Kingdom,England,Whalley,0,0
United Kingdom,England,Whaplode,0,0
United Kingdom,England,Wheathampstead,0,0
United Kingdom,England,Wheatley,0,0
United Kingdom,England,Wheaton Aston,0,0
United Kingdom,England,Wheldrake,0,0
United Kingdom,England,Whickham,0,0
United Kingdom,England,Whimple,0,0
United Kingdom,England,Whitburn,0,0
United Kingdom,England,Whitby,0,0
United Kingdom,England,Whitchurch,0,0
United Kingdom,England,White Waltham,0,0
United Kingdom,England,Whitefield,0,0
United Kingdom,England,Whitehaven,0,0
United Kingdom,England,Whiteparish,0,0
United Kingdom,England,Whitley,0,0
United Kingdom,England,Whitley Bay,0,0
United Kingdom,England,Whitstable,0,0
United Kingdom,England,Whittingham,0,0
United Kingdom,England,Whittington,0,0
United Kingdom,England,Whittlesey,0,0
United Kingdom,England,Whittlesford,0,0
United Kingdom,England,Whitwell,0,0
United Kingdom,England,Whitworth,0,0
United Kingdom,England,Whyteleafe,0,0
United Kingdom,England,Wick,0,0
United Kingdom,England,Wickford,0,0
United Kingdom,England,Wickham,0,0
United Kingdom,England,Wickham Bishops,0,0
United Kingdom,England,Wickham Market,0,0
United Kingdom,England,Wickwar,0,0
United Kingdom,England,Wideopen,0,0
United Kingdom,England,Widnes,0,0
United Kingdom,England,Wigan,0,0
United Kingdom,England,Wigmore,0,0
United Kingdom,England,Wigston Magna,0,0
United Kingdom,England,Wigton,0,0
United Kingdom,England,Wilberfoss,0,0
United Kingdom,England,Wilburton,0,0
United Kingdom,England,Willand,0,0
United Kingdom,England,Willaston,0,0
United Kingdom,England,Willenhall,0,0
United Kingdom,England,Willingham,0,0
United Kingdom,England,Willington,0,0
United Kingdom,England,Williton,0,0
United Kingdom,England,Wilmcote,0,0
United Kingdom,England,Wilmslow,0,0
United Kingdom,England,Wilsden,0,0
United Kingdom,England,Wilstead,0,0
United Kingdom,England,Wilton,0,0
United Kingdom,England,Wiltshire,0,0
United Kingdom,England,Wimblington,0,0
United Kingdom,England,Wimborne Minster,0,0
United Kingdom,England,Wincanton,0,0
United Kingdom,England,Winchcombe,0,0
United Kingdom,England,Winchelsea Beach,0,0
United Kingdom,England,Winchester,0,0
United Kingdom,England,Windermere,0,0
United Kingdom,England,Windlesham,0,0
United Kingdom,England,Windsor,0,0
United Kingdom,England,Winford,0,0
United Kingdom,England,Wing,0,0
United Kingdom,England,Wingate,0,0
United Kingdom,England,Wingerworth,0,0
United Kingdom,England,Wingham,0,0
United Kingdom,England,Wingrave,0,0
United Kingdom,England,Winkleigh,0,0
United Kingdom,England,Winscombe,0,0
United Kingdom,England,Winsford,0,0
United Kingdom,England,Winslow,0,0
United Kingdom,England,Winterbourne,0,0
United Kingdom,England,Winterton,0,0
United Kingdom,England,Winwick,0,0
United Kingdom,England,Wirksworth,0,0
United Kingdom,England,Wisbech,0,0
United Kingdom,England,Witchford,0,0
United Kingdom,England,Witham,0,0
United Kingdom,England,Witheridge,0,0
United Kingdom,England,Withernsea,0,0
United Kingdom,England,Witley,0,0
United Kingdom,England,Witney,0,0
United Kingdom,England,Wittering,0,0
United Kingdom,England,Witton Gilbert,0,0
United Kingdom,England,Wiveliscombe,0,0
United Kingdom,England,Wivelsfield Green,0,0
United Kingdom,England,Wivenhoe,0,0
United Kingdom,England,Woburn,0,0
United Kingdom,England,Woburn Sands,0,0
United Kingdom,England,Woking,0,0
United Kingdom,England,Wokingham,0,0
United Kingdom,England,Wold Newton,0,0
United Kingdom,England,Woldingham,0,0
United Kingdom,England,Wollaston,0,0
United Kingdom,England,Wolsingham,0,0
United Kingdom,England,Wolston,0,0
United Kingdom,England,Wolvercote,0,0
United Kingdom,England,Wolverhampton,0,0
United Kingdom,England,Wombourn,0,0
United Kingdom,England,Wombwell,0,0
United Kingdom,England,Wood Street Village,0,0
United Kingdom,England,Woodborough,0,0
United Kingdom,England,Woodbridge,0,0
United Kingdom,England,Woodbury,0,0
United Kingdom,England,Woodchurch,0,0
United Kingdom,England,Woodcote,0,0
United Kingdom,England,Woodford,0,0
United Kingdom,England,Woodford Green,0,0
United Kingdom,England,Woodhall Spa,0,0
United Kingdom,England,Woodsetts,0,0
United Kingdom,England,Woodstock,0,0
United Kingdom,England,Wool,0,0
United Kingdom,England,Woolavington,0,0
United Kingdom,England,Wooler,0,0
United Kingdom,England,Woolley,0,0
United Kingdom,England,Woolpit,0,0
United Kingdom,England,Wootton,0,0
United Kingdom,England,Worcester,0,0
United Kingdom,England,Worcester Park,0,0
United Kingdom,England,Worcestershire,0,0
United Kingdom,England,Workington,0,0
United Kingdom,England,Worksop,0,0
United Kingdom,England,Worlaby,0,0
United Kingdom,England,Wormley,0,0
United Kingdom,England,Worthing,0,0
United Kingdom,England,Worton,0,0
United Kingdom,England,Wotton-under-Edge,0,0
United Kingdom,England,Wouldham,0,0
United Kingdom,England,Wragby,0,0
United Kingdom,England,Wrawby,0,0
United Kingdom,England,Wrea Green,0,0
United Kingdom,England,Wrington,0,0
United Kingdom,England,Writtle,0,0
United Kingdom,England,Wrotham,0,0
United Kingdom,England,Wroughton,0,0
United Kingdom,England,Wroxall,0,0
United Kingdom,England,Wychbold,0,0
United Kingdom,England,Wye,0,0
United Kingdom,England,Wylam,0,0
United Kingdom,England,Wymeswold,0,0
United Kingdom,England,Yalding,0,0
United Kingdom,England,Yapton,0,0
United Kingdom,England,Yarm,0,0
United Kingdom,England,Yarmouth,0,0
United Kingdom,England,Yarnton,0,0
United Kingdom,England,Yate,0,0
United Kingdom,England,Yateley,0,0
United Kingdom,England,Yatton,0,0
United Kingdom,England,Yaxley,0,0
United Kingdom,England,Yeadon,0,0
United Kingdom,England,Yealmpton,0,0
United Kingdom,England,Yelverton,0,0
United Kingdom,England,Yeovil,0,0
United Kingdom,England,Yetminster,0,0
United Kingdom,England,York,0,0
United Kingdom,England,Youlgreave,0,0
United Kingdom,England,Yoxall,0,0
United Kingdom,Northern Ireland,Ahoghill,0,0
United Kingdom,Northern Ireland,Annahilt,0,0
United Kingdom,Northern Ireland,Annalong,0,0
United Kingdom,Northern Ireland,Antrim,0,0
United Kingdom,Northern Ireland,Antrim and Newtownabbey,0,0
United Kingdom,Northern Ireland,Ardglass,0,0
United Kingdom,Northern Ireland,Ards and North Down,0,0
United Kingdom,Northern Ireland,Armagh,0,0
United Kingdom,Northern Ireland,Armagh City Banbridge and Craigavon,0,0
United Kingdom,Northern Ireland,Ballinamallard,0,0
United Kingdom,Northern Ireland,Ballintoy Harbour,0,0
United Kingdom,Northern Ireland,Ballycastle,0,0
United Kingdom,Northern Ireland,Ballyclare,0,0
United Kingdom,Northern Ireland,Ballygowan,0,0
United Kingdom,Northern Ireland,Ballykelly,0,0
United Kingdom,Northern Ireland,Ballymena,0,0
United Kingdom,Northern Ireland,Ballymoney,0,0
United Kingdom,Northern Ireland,Ballynahinch,0,0
United Kingdom,Northern Ireland,Ballypatrick,0,0
United Kingdom,Northern Ireland,Ballywalter,0,0
United Kingdom,Northern Ireland,Banbridge,0,0
United Kingdom,Northern Ireland,Bangor,0,0
United Kingdom,Northern Ireland,Belfast,0,0
United Kingdom,Northern Ireland,Bellaghy,0,0
United Kingdom,Northern Ireland,Broughshane,0,0
United Kingdom,Northern Ireland,Bushmills,0,0
United Kingdom,Northern Ireland,Carnlough,0,0
United Kingdom,Northern Ireland,Carnmoney,0,0
United Kingdom,Northern Ireland,Carrickfergus,0,0
United Kingdom,Northern Ireland,Carryduff,0,0
United Kingdom,Northern Ireland,Castledawson,0,0
United Kingdom,Northern Ireland,Castlederg,0,0
United Kingdom,Northern Ireland,Castlereagh,0,0
United Kingdom,Northern Ireland,Castlerock,0,0
United Kingdom,Northern Ireland,Castlewellan,0,0
United Kingdom,Northern Ireland,Causeway Coast and Glens,0,0
United Kingdom,Northern Ireland,City of Belfast,0,0
United Kingdom,Northern Ireland,Coalisland,0,0
United Kingdom,Northern Ireland,Coleraine,0,0
United Kingdom,Northern Ireland,Comber,0,0
United Kingdom,Northern Ireland,Connor,0,0
United Kingdom,Northern Ireland,Cookstown,0,0
United Kingdom,Northern Ireland,Craigavon,0,0
United Kingdom,Northern Ireland,Crossgar,0,0
United Kingdom,Northern Ireland,Crossmaglen,0,0
United Kingdom,Northern Ireland,Crumlin,0,0
United Kingdom,Northern Ireland,Cullybackey,0,0
United Kingdom,Northern Ireland,Culmore,0,0
United Kingdom,Northern Ireland,Cushendall,0,0
United Kingdom,Northern Ireland,Derry,0,0
United Kingdom,Northern Ireland,Derry City and Strabane,0,0
United Kingdom,Northern Ireland,Doagh,0,0
United Kingdom,Northern Ireland,Donaghadee,0,0
United Kingdom,Northern Ireland,Downpatrick,0,0
United Kingdom,Northern Ireland,Draperstown,0,0
United Kingdom,Northern Ireland,Dromore,0,0
United Kingdom,Northern Ireland,Dundonald,0,0
United Kingdom,Northern Ireland,Dundrum,0,0
United Kingdom,Northern Ireland,Dungannon,0,0
United Kingdom,Northern Ireland,Dungiven,0,0
United Kingdom,Northern Ireland,Dunloy,0,0
United Kingdom,Northern Ireland,Eglinton,0,0
United Kingdom,Northern Ireland,Enniskillen,0,0
United Kingdom,Northern Ireland,Fermanagh and Omagh,0,0
United Kingdom,Northern Ireland,Fintona,0,0
United Kingdom,Northern Ireland,Fivemiletown,0,0
United Kingdom,Northern Ireland,Garvagh,0,0
United Kingdom,Northern Ireland,Gilford,0,0
United Kingdom,Northern Ireland,Glenariff,0,0
United Kingdom,Northern Ireland,Glenavy,0,0
United Kingdom,Northern Ireland,Greenisland,0,0
United Kingdom,Northern Ireland,Greyabbey,0,0
United Kingdom,Northern Ireland,Hillsborough,0,0
United Kingdom,Northern Ireland,Holywood,0,0
United Kingdom,Northern Ireland,Irvinestown,0,0
United Kingdom,Northern Ireland,Jordanstown,0,0
United Kingdom,Northern Ireland,Keady,0,0
United Kingdom,Northern Ireland,Kilkeel,0,0
United Kingdom,Northern Ireland,Killyleagh,0,0
United Kingdom,Northern Ireland,Kilrea,0,0
United Kingdom,Northern Ireland,Kircubbin,0,0
United Kingdom,Northern Ireland,Larne,0,0
United Kingdom,Northern Ireland,Limavady,0,0
United Kingdom,Northern Ireland,Lisburn,0,0
United Kingdom,Northern Ireland,Lisburn and Castlereagh,0,0
United Kingdom,Northern Ireland,Lisnaskea,0,0
United Kingdom,Northern Ireland,Londonderry County Borough,0,0
United Kingdom,Northern Ireland,Maghera,0,0
United Kingdom,Northern Ireland,Magherafelt,0,0
United Kingdom,Northern Ireland,Magheralin,0,0
United Kingdom,Northern Ireland,Mid and East Antrim,0,0
United Kingdom,Northern Ireland,Mid Ulster,0,0
United Kingdom,Northern Ireland,Millisle,0,0
United Kingdom,Northern Ireland,Moira,0,0
United Kingdom,Northern Ireland,Moneymore,0,0
United Kingdom,Northern Ireland,Moy,0,0
United Kingdom,Northern Ireland,Newcastle,0,0
United Kingdom,Northern Ireland,Newry,0,0
United Kingdom,Northern Ireland,Newry Mourne and Down,0,0
United Kingdom,Northern Ireland,Newtownabbey,0,0
United Kingdom,Northern Ireland,Newtownards,0,0
United Kingdom,Northern Ireland,Newtownstewart,0,0
United Kingdom,Northern Ireland,Omagh,0,0
United Kingdom,Northern Ireland,Portadown,0,0
United Kingdom,Northern Ireland,Portaferry,0,0
United Kingdom,Northern Ireland,Portavogie,0,0
United Kingdom,Northern Ireland,Portglenone,0,0
United Kingdom,Northern Ireland,Portrush,0,0
United Kingdom,Northern Ireland,Portstewart,0,0
United Kingdom,Northern Ireland,Randalstown,0,0
United Kingdom,Northern Ireland,Rathfriland,0,0
United Kingdom,Northern Ireland,Rostrevor,0,0
United Kingdom,Northern Ireland,Saintfield,0,0
United Kingdom,Northern Ireland,Sion Mills,0,0
United Kingdom,Northern Ireland,Strabane,0,0
United Kingdom,Northern Ireland,Tandragee,0,0
United Kingdom,Northern Ireland,Templepatrick,0,0
United Kingdom,Northern Ireland,Waringstown,0,0
United Kingdom,Northern Ireland,Warrenpoint,0,0
United Kingdom,Northern Ireland,Whitehead,0,0
United Kingdom,Scotland,Aberchirder,0,0
United Kingdom,Scotland,Aberdeen,0,0
United Kingdom,Scotland,Aberdeen City,0,0
United Kingdom,Scotland,Aberdeenshire,0,0
United Kingdom,Scotland,Aberdour,0,0
United Kingdom,Scotland,Aberfeldy,0,0
United Kingdom,Scotland,Aberlady,0,0
United Kingdom,Scotland,Abernethy,0,0
United Kingdom,Scotland,Aboyne,0,0
United Kingdom,Scotland,Addiebrownhill,0,0
United Kingdom,Scotland,Airdrie,0,0
United Kingdom,Scotland,Airth,0,0
United Kingdom,Scotland,Alexandria,0,0
United Kingdom,Scotland,Alford,0,0
United Kingdom,Scotland,Allanton,0,0
United Kingdom,Scotland,Alloa,0,0
United Kingdom,Scotland,Almondbank,0,0
United Kingdom,Scotland,Alness,0,0
United Kingdom,Scotland,Alva,0,0
United Kingdom,Scotland,Alyth,0,0
United Kingdom,Scotland,Angus,0,0
United Kingdom,Scotland,Annan,0,0
United Kingdom,Scotland,Anstruther,0,0
United Kingdom,Scotland,Arbroath,0,0
United Kingdom,Scotland,Ardersier,0,0
United Kingdom,Scotland,Ardrishaig,0,0
United Kingdom,Scotland,Ardrossan,0,0
United Kingdom,Scotland,Argyll and Bute,0,0
United Kingdom,Scotland,Armadale,0,0
United Kingdom,Scotland,Ashgill,0,0
United Kingdom,Scotland,Auchinleck,0,0
United Kingdom,Scotland,Auchterarder,0,0
United Kingdom,Scotland,Auchtermuchty,0,0
United Kingdom,Scotland,Aviemore,0,0
United Kingdom,Scotland,Ayr,0,0
United Kingdom,Scotland,Balerno,0,0
United Kingdom,Scotland,Balfron,0,0
United Kingdom,Scotland,Balintore,0,0
United Kingdom,Scotland,Ballater,0,0
United Kingdom,Scotland,Ballingry,0,0
United Kingdom,Scotland,Balloch,0,0
United Kingdom,Scotland,Balmedie,0,0
United Kingdom,Scotland,Balmullo,0,0
United Kingdom,Scotland,Banchory,0,0
United Kingdom,Scotland,Banff,0,0
United Kingdom,Scotland,Bankfoot,0,0
United Kingdom,Scotland,Banknock,0,0
United Kingdom,Scotland,Bannockburn,0,0
United Kingdom,Scotland,Bargeddie,0,0
United Kingdom,Scotland,Barra,0,0
United Kingdom,Scotland,Barrhead,0,0
United Kingdom,Scotland,Bathgate,0,0
United Kingdom,Scotland,Bearsden,0,0
United Kingdom,Scotland,Beauly,0,0
United Kingdom,Scotland,Beith,0,0
United Kingdom,Scotland,Bellsbank,0,0
United Kingdom,Scotland,Bellshill,0,0
United Kingdom,Scotland,Benbecula,0,0
United Kingdom,Scotland,Biggar,0,0
United Kingdom,Scotland,Bilston,0,0
United Kingdom,Scotland,Bishopbriggs,0,0
United Kingdom,Scotland,Bishopton,0,0
United Kingdom,Scotland,Blackburn,0,0
United Kingdom,Scotland,Blackridge,0,0
United Kingdom,Scotland,Blackwood,0,0
United Kingdom,Scotland,Blairgowrie,0,0
United Kingdom,Scotland,Blantyre,0,0
United Kingdom,Scotland,Bo’ness,0,0
United Kingdom,Scotland,Boddam,0,0
United Kingdom,Scotland,Bonhill,0,0
United Kingdom,Scotland,Bonnybridge,0,0
United Kingdom,Scotland,Bonnyrigg,0,0
United Kingdom,Scotland,Bothwell,0,0
United Kingdom,Scotland,Brechin,0,0
United Kingdom,Scotland,Bridge of Allan,0,0
United Kingdom,Scotland,Bridge of Earn,0,0
United Kingdom,Scotland,Bridge of Weir,0,0
United Kingdom,Scotland,Brightons,0,0
United Kingdom,Scotland,Brora,0,0
United Kingdom,Scotland,Broxburn,0,0
United Kingdom,Scotland,Buckhaven,0,0
United Kingdom,Scotland,Buckie,0,0
United Kingdom,Scotland,Burghead,0,0
United Kingdom,Scotland,Burntisland,0,0
United Kingdom,Scotland,Busby,0,0
United Kingdom,Scotland,Cairneyhill,0,0
United Kingdom,Scotland,Cairnryan,0,0
United Kingdom,Scotland,Calderbank,0,0
United Kingdom,Scotland,Caldercruix,0,0
United Kingdom,Scotland,Callander,0,0
United Kingdom,Scotland,Cambuslang,0,0
United Kingdom,Scotland,Campbeltown,0,0
United Kingdom,Scotland,Caol,0,0
United Kingdom,Scotland,Cardenden,0,0
United Kingdom,Scotland,Cardross,0,0
United Kingdom,Scotland,Carfin,0,0
United Kingdom,Scotland,Carluke,0,0
United Kingdom,Scotland,Carmunnock,0,0
United Kingdom,Scotland,Carnoustie,0,0
United Kingdom,Scotland,Carnwath,0,0
United Kingdom,Scotland,Carron,0,0
United Kingdom,Scotland,Carronshore,0,0
United Kingdom,Scotland,Castle Douglas,0,0
United Kingdom,Scotland,Catrine,0,0
United Kingdom,Scotland,Chapelhall,0,0
United Kingdom,Scotland,Charlestown of Aberlour,0,0
United Kingdom,Scotland,Chirnside,0,0
United Kingdom,Scotland,Chryston,0,0
United Kingdom,Scotland,City of Edinburgh,0,0
United Kingdom,Scotland,Clackmannan,0,0
United Kingdom,Scotland,Clackmannanshire,0,0
United Kingdom,Scotland,Clarkston,0,0
United Kingdom,Scotland,Cleland,0,0
United Kingdom,Scotland,Clydebank,0,0
United Kingdom,Scotland,Coalburn,0,0
United Kingdom,Scotland,Coaltown of Balgonie,0,0
United Kingdom,Scotland,Coatbridge,0,0
United Kingdom,Scotland,Cockenzie,0,0
United Kingdom,Scotland,Coldstream,0,0
United Kingdom,Scotland,Colinton,0,0
United Kingdom,Scotland,Comrie,0,0
United Kingdom,Scotland,Conon Bridge,0,0
United Kingdom,Scotland,Coupar Angus,0,0
United Kingdom,Scotland,Cove,0,0
United Kingdom,Scotland,Cowdenbeath,0,0
United Kingdom,Scotland,Cowie,0,0
United Kingdom,Scotland,Coylton,0,0
United Kingdom,Scotland,Crail,0,0
United Kingdom,Scotland,Crieff,0,0
United Kingdom,Scotland,Crossford,0,0
United Kingdom,Scotland,Crossgates,0,0
United Kingdom,Scotland,Crosshouse,0,0
United Kingdom,Scotland,Croy,0,0
United Kingdom,Scotland,Cruden Bay,0,0
United Kingdom,Scotland,Cullen,0,0
United Kingdom,Scotland,Culloden,0,0
United Kingdom,Scotland,Cults,0,0
United Kingdom,Scotland,Cumbernauld,0,0
United Kingdom,Scotland,Cumnock,0,0
United Kingdom,Scotland,Cupar,0,0
United Kingdom,Scotland,Currie,0,0
United Kingdom,Scotland,Dalbeattie,0,0
United Kingdom,Scotland,Dalgety Bay,0,0
United Kingdom,Scotland,Dalkeith,0,0
United Kingdom,Scotland,Dalmellington,0,0
United Kingdom,Scotland,Dalry,0,0
United Kingdom,Scotland,Dalrymple,0,0
United Kingdom,Scotland,Dalserf,0,0
United Kingdom,Scotland,Danderhall,0,0
United Kingdom,Scotland,Darvel,0,0
United Kingdom,Scotland,Denny,0,0
United Kingdom,Scotland,Dennyloanhead,0,0
United Kingdom,Scotland,Dingwall,0,0
United Kingdom,Scotland,Dollar,0,0
United Kingdom,Scotland,Dornoch,0,0
United Kingdom,Scotland,Douglas,0,0
United Kingdom,Scotland,Doune,0,0
United Kingdom,Scotland,Dreghorn,0,0
United Kingdom,Scotland,Drongan,0,0
United Kingdom,Scotland,Drumnadrochit,0,0
United Kingdom,Scotland,Dufftown,0,0
United Kingdom,Scotland,Dumbarton,0,0
United Kingdom,Scotland,Dumfries,0,0
United Kingdom,Scotland,Dumfries and Galloway,0,0
United Kingdom,Scotland,Dunbar,0,0
United Kingdom,Scotland,Dunblane,0,0
United Kingdom,Scotland,Dundee,0,0
United Kingdom,Scotland,Dundee City,0,0
United Kingdom,Scotland,Dundonald,0,0
United Kingdom,Scotland,Dunfermline,0,0
United Kingdom,Scotland,Dunipace,0,0
United Kingdom,Scotland,Dunlop,0,0
United Kingdom,Scotland,Dunoon,0,0
United Kingdom,Scotland,Duns,0,0
United Kingdom,Scotland,Duntocher,0,0
United Kingdom,Scotland,Dyce,0,0
United Kingdom,Scotland,Eaglesham,0,0
United Kingdom,Scotland,Earlston,0,0
United Kingdom,Scotland,East Ayrshire,0,0
United Kingdom,Scotland,East Calder,0,0
United Kingdom,Scotland,East Dunbartonshire,0,0
United Kingdom,Scotland,East Kilbride,0,0
United Kingdom,Scotland,East Linton,0,0
United Kingdom,Scotland,East Lothian,0,0
United Kingdom,Scotland,East Renfrewshire,0,0
United Kingdom,Scotland,East Wemyss,0,0
United Kingdom,Scotland,East Whitburn,0,0
United Kingdom,Scotland,Eastriggs,0,0
United Kingdom,Scotland,Edinburgh,0,0
United Kingdom,Scotland,Eilean Siar,0,0
United Kingdom,Scotland,Elderslie,0,0
United Kingdom,Scotland,Elgin,0,0
United Kingdom,Scotland,Ellon,0,0
United Kingdom,Scotland,Errol,0,0
United Kingdom,Scotland,Erskine,0,0
United Kingdom,Scotland,Evanton,0,0
United Kingdom,Scotland,Eyemouth,0,0
United Kingdom,Scotland,Faifley,0,0
United Kingdom,Scotland,Fairlie,0,0
United Kingdom,Scotland,Falkirk,0,0
United Kingdom,Scotland,Falkland,0,0
United Kingdom,Scotland,Fallin,0,0
United Kingdom,Scotland,Fauldhouse,0,0
United Kingdom,Scotland,Fenwick,0,0
United Kingdom,Scotland,Fife,0,0
United Kingdom,Scotland,Findochty,0,0
United Kingdom,Scotland,Fochabers,0,0
United Kingdom,Scotland,Forfar,0,0
United Kingdom,Scotland,Forres,0,0
United Kingdom,Scotland,Fort William,0,0
United Kingdom,Scotland,Forth,0,0
United Kingdom,Scotland,Fortrose,0,0
United Kingdom,Scotland,Fraserburgh,0,0
United Kingdom,Scotland,Freuchie,0,0
United Kingdom,Scotland,Friockheim,0,0
United Kingdom,Scotland,Galashiels,0,0
United Kingdom,Scotland,Galston,0,0
United Kingdom,Scotland,Garelochhead,0,0
United Kingdom,Scotland,Gartcosh,0,0
United Kingdom,Scotland,Giffnock,0,0
United Kingdom,Scotland,Girvan,0,0
United Kingdom,Scotland,Glasgow,0,0
United Kingdom,Scotland,Glasgow City,0,0
United Kingdom,Scotland,Glenboig,0,0
United Kingdom,Scotland,Glenmavis,0,0
United Kingdom,Scotland,Glenrothes,0,0
United Kingdom,Scotland,Golspie,0,0
United Kingdom,Scotland,Gorebridge,0,0
United Kingdom,Scotland,Gourock,0,0
United Kingdom,Scotland,Grangemouth,0,0
United Kingdom,Scotland,Grantown on Spey,0,0
United Kingdom,Scotland,Greenhill,0,0
United Kingdom,Scotland,Greenock,0,0
United Kingdom,Scotland,Gretna,0,0
United Kingdom,Scotland,Gullane,0,0
United Kingdom,Scotland,Haddington,0,0
United Kingdom,Scotland,Halkirk,0,0
United Kingdom,Scotland,Hallglen,0,0
United Kingdom,Scotland,Hamilton,0,0
United Kingdom,Scotland,Harthill,0,0
United Kingdom,Scotland,Hawick,0,0
United Kingdom,Scotland,Head of Muir,0,0
United Kingdom,Scotland,Helensburgh,0,0
United Kingdom,Scotland,High Blantyre,0,0
United Kingdom,Scotland,High Valleyfield,0,0
United Kingdom,Scotland,Highland,0,0
United Kingdom,Scotland,Hillside,0,0
United Kingdom,Scotland,Holytown,0,0
United Kingdom,Scotland,Hopeman,0,0
United Kingdom,Scotland,Houston,0,0
United Kingdom,Scotland,Howwood,0,0
United Kingdom,Scotland,Huntly,0,0
United Kingdom,Scotland,Inchinnan,0,0
United Kingdom,Scotland,Inchture,0,0
United Kingdom,Scotland,Innerleithen,0,0
United Kingdom,Scotland,Insch,0,0
United Kingdom,Scotland,Inverbervie,0,0
United Kingdom,Scotland,Inverclyde,0,0
United Kingdom,Scotland,Invergordon,0,0
United Kingdom,Scotland,Invergowrie,0,0
United Kingdom,Scotland,Inverkeithing,0,0
United Kingdom,Scotland,Inverkip,0,0
United Kingdom,Scotland,Inverness,0,0
United Kingdom,Scotland,Inverurie,0,0
United Kingdom,Scotland,Irvine,0,0
United Kingdom,Scotland,Isle of Arran,0,0
United Kingdom,Scotland,Isle of Bute,0,0
United Kingdom,Scotland,Isle of Cumbrae,0,0
United Kingdom,Scotland,Isle of Islay,0,0
United Kingdom,Scotland,Isle of Lewis,0,0
United Kingdom,Scotland,Isle Of Mull,0,0
United Kingdom,Scotland,Isle of North Uist,0,0
United Kingdom,Scotland,Isle of South Uist,0,0
United Kingdom,Scotland,Jedburgh,0,0
United Kingdom,Scotland,Johnstone,0,0
United Kingdom,Scotland,Keith,0,0
United Kingdom,Scotland,Kelso,0,0
United Kingdom,Scotland,Kelty,0,0
United Kingdom,Scotland,Kemnay,0,0
United Kingdom,Scotland,Kennoway,0,0
United Kingdom,Scotland,Kilbarchan,0,0
United Kingdom,Scotland,Kilbirnie,0,0
United Kingdom,Scotland,Kilcreggan,0,0
United Kingdom,Scotland,Killearn,0,0
United Kingdom,Scotland,Kilmacolm,0,0
United Kingdom,Scotland,Kilmarnock,0,0
United Kingdom,Scotland,Kilmaurs,0,0
United Kingdom,Scotland,Kilsyth,0,0
United Kingdom,Scotland,Kilwinning,0,0
United Kingdom,Scotland,Kincardine,0,0
United Kingdom,Scotland,Kinghorn,0,0
United Kingdom,Scotland,Kinglassie,0,0
United Kingdom,Scotland,Kingskettle,0,0
United Kingdom,Scotland,Kingswells,0,0
United Kingdom,Scotland,Kingussie,0,0
United Kingdom,Scotland,Kinloss,0,0
United Kingdom,Scotland,Kinross,0,0
United Kingdom,Scotland,Kintore,0,0
United Kingdom,Scotland,Kippen,0,0
United Kingdom,Scotland,Kirkcaldy,0,0
United Kingdom,Scotland,Kirkconnel,0,0
United Kingdom,Scotland,Kirkcudbright,0,0
United Kingdom,Scotland,Kirkintilloch,0,0
United Kingdom,Scotland,Kirkliston,0,0
United Kingdom,Scotland,Kirknewton,0,0
United Kingdom,Scotland,Kirkwall,0,0
United Kingdom,Scotland,Kirriemuir,0,0
United Kingdom,Scotland,Ladybank,0,0
United Kingdom,Scotland,Lamlash,0,0
United Kingdom,Scotland,Lanark,0,0
United Kingdom,Scotland,Langholm,0,0
United Kingdom,Scotland,Larbert,0,0
United Kingdom,Scotland,Largs,0,0
United Kingdom,Scotland,Larkhall,0,0
United Kingdom,Scotland,Lauder,0,0
United Kingdom,Scotland,Laurencekirk,0,0
United Kingdom,Scotland,Laurieston,0,0
United Kingdom,Scotland,Law,0,0
United Kingdom,Scotland,Lennoxtown,0,0
United Kingdom,Scotland,Lenzie,0,0
United Kingdom,Scotland,Lerwick,0,0
United Kingdom,Scotland,Leslie,0,0
United Kingdom,Scotland,Lesmahagow,0,0
United Kingdom,Scotland,Letham,0,0
United Kingdom,Scotland,Leuchars,0,0
United Kingdom,Scotland,Leven,0,0
United Kingdom,Scotland,Lhanbryde,0,0
United Kingdom,Scotland,Limekilns,0,0
United Kingdom,Scotland,Linlithgow,0,0
United Kingdom,Scotland,Linwood,0,0
United Kingdom,Scotland,Livingston,0,0
United Kingdom,Scotland,Loanhead,0,0
United Kingdom,Scotland,Locharbriggs,0,0
United Kingdom,Scotland,Lochgelly,0,0
United Kingdom,Scotland,Lochgilphead,0,0
United Kingdom,Scotland,Lochmaben,0,0
United Kingdom,Scotland,Lochwinnoch,0,0
United Kingdom,Scotland,Lockerbie,0,0
United Kingdom,Scotland,Logan,0,0
United Kingdom,Scotland,Longforgan,0,0
United Kingdom,Scotland,Longniddry,0,0
United Kingdom,Scotland,Lossiemouth,0,0
United Kingdom,Scotland,Luncarty,0,0
United Kingdom,Scotland,Lundin Links,0,0
United Kingdom,Scotland,Macduff,0,0
United Kingdom,Scotland,Macmerry,0,0
United Kingdom,Scotland,Maddiston,0,0
United Kingdom,Scotland,Markinch,0,0
United Kingdom,Scotland,Maryburgh,0,0
United Kingdom,Scotland,Mauchline,0,0
United Kingdom,Scotland,Maxwellheugh,0,0
United Kingdom,Scotland,Maybole,0,0
United Kingdom,Scotland,Mayfield,0,0
United Kingdom,Scotland,Melrose,0,0
United Kingdom,Scotland,Menstrie,0,0
United Kingdom,Scotland,Methil,0,0
United Kingdom,Scotland,Methven,0,0
United Kingdom,Scotland,Mid Calder,0,0
United Kingdom,Scotland,Midlothian,0,0
United Kingdom,Scotland,Millport,0,0
United Kingdom,Scotland,Milltimber,0,0
United Kingdom,Scotland,Milnathort,0,0
United Kingdom,Scotland,Milngavie,0,0
United Kingdom,Scotland,Milton of Campsie,0,0
United Kingdom,Scotland,Milton of Leys,0,0
United Kingdom,Scotland,Mintlaw,0,0
United Kingdom,Scotland,Moffat,0,0
United Kingdom,Scotland,Monifieth,0,0
United Kingdom,Scotland,Montrose,0,0
United Kingdom,Scotland,Moodiesburn,0,0
United Kingdom,Scotland,Moray,0,0
United Kingdom,Scotland,Mossblown,0,0
United Kingdom,Scotland,Motherwell,0,0
United Kingdom,Scotland,Muir of Ord,0,0
United Kingdom,Scotland,Muirhead,0,0
United Kingdom,Scotland,Muirkirk,0,0
United Kingdom,Scotland,Musselburgh,0,0
United Kingdom,Scotland,Nairn,0,0
United Kingdom,Scotland,Neilston,0,0
United Kingdom,Scotland,Netherlee,0,0
United Kingdom,Scotland,New Cumnock,0,0
United Kingdom,Scotland,New Pitsligo,0,0
United Kingdom,Scotland,New Stevenston,0,0
United Kingdom,Scotland,Newarthill,0,0
United Kingdom,Scotland,Newbridge,0,0
United Kingdom,Scotland,Newburgh,0,0
United Kingdom,Scotland,Newmacher,0,0
United Kingdom,Scotland,Newmains,0,0
United Kingdom,Scotland,Newmilns,0,0
United Kingdom,Scotland,Newport-on-Tay,0,0
United Kingdom,Scotland,Newton Mearns,0,0
United Kingdom,Scotland,Newton Stewart,0,0
United Kingdom,Scotland,Newtonhill,0,0
United Kingdom,Scotland,Newtonmore,0,0
United Kingdom,Scotland,Newtown St Boswells,0,0
United Kingdom,Scotland,North Ayrshire,0,0
United Kingdom,Scotland,North Berwick,0,0
United Kingdom,Scotland,North Lanarkshire,0,0
United Kingdom,Scotland,North Queensferry,0,0
United Kingdom,Scotland,Oakley,0,0
United Kingdom,Scotland,Oban,0,0
United Kingdom,Scotland,Ochiltree,0,0
United Kingdom,Scotland,Old Kilpatrick,0,0
United Kingdom,Scotland,Oldmeldrum,0,0
United Kingdom,Scotland,Orkney,0,0
United Kingdom,Scotland,Orkney Islands,0,0
United Kingdom,Scotland,Ormiston,0,0
United Kingdom,Scotland,Overtown,0,0
United Kingdom,Scotland,Paisley,0,0
United Kingdom,Scotland,Patna,0,0
United Kingdom,Scotland,Peebles,0,0
United Kingdom,Scotland,Pencaitland,0,0
United Kingdom,Scotland,Penicuik,0,0
United Kingdom,Scotland,Perth,0,0
United Kingdom,Scotland,Perth and Kinross,0,0
United Kingdom,Scotland,Peterculter,0,0
United Kingdom,Scotland,Peterhead,0,0
United Kingdom,Scotland,Pitlochry,0,0
United Kingdom,Scotland,Pitmedden,0,0
United Kingdom,Scotland,Pittenweem,0,0
United Kingdom,Scotland,Plains,0,0
United Kingdom,Scotland,Plean,0,0
United Kingdom,Scotland,Polbeth,0,0
United Kingdom,Scotland,Polmont,0,0
United Kingdom,Scotland,Port Bannatyne,0,0
United Kingdom,Scotland,Port Erroll,0,0
United Kingdom,Scotland,Port Glasgow,0,0
United Kingdom,Scotland,Portknockie,0,0
United Kingdom,Scotland,Portlethen,0,0
United Kingdom,Scotland,Portree,0,0
United Kingdom,Scotland,Portsoy,0,0
United Kingdom,Scotland,Prestonpans,0,0
United Kingdom,Scotland,Prestwick,0,0
United Kingdom,Scotland,Queensferry,0,0
United Kingdom,Scotland,Ratho,0,0
United Kingdom,Scotland,Ratho Station,0,0
United Kingdom,Scotland,Redding,0,0
United Kingdom,Scotland,Reddingmuirhead,0,0
United Kingdom,Scotland,Renfrew,0,0
United Kingdom,Scotland,Renfrewshire,0,0
United Kingdom,Scotland,Renton,0,0
United Kingdom,Scotland,Rhu,0,0
United Kingdom,Scotland,Rosehearty,0,0
United Kingdom,Scotland,Rosewell,0,0
United Kingdom,Scotland,Roslin,0,0
United Kingdom,Scotland,Rosneath,0,0
United Kingdom,Scotland,Rosyth,0,0
United Kingdom,Scotland,Rothes,0,0
United Kingdom,Scotland,Rothesay,0,0
United Kingdom,Scotland,Rothienorman,0,0
United Kingdom,Scotland,Rutherglen,0,0
United Kingdom,Scotland,Saint Andrews,0,0
United Kingdom,Scotland,Saint Boswells,0,0
United Kingdom,Scotland,Saint Cyrus,0,0
United Kingdom,Scotland,Saint Monans,0,0
United Kingdom,Scotland,Saline,0,0
United Kingdom,Scotland,Salsburgh,0,0
United Kingdom,Scotland,Saltcoats,0,0
United Kingdom,Scotland,Sandbank,0,0
United Kingdom,Scotland,Sandwick,0,0
United Kingdom,Scotland,Sanquhar,0,0
United Kingdom,Scotland,Scalloway,0,0
United Kingdom,Scotland,Scone,0,0
United Kingdom,Scotland,Seafield,0,0
United Kingdom,Scotland,Selkirk,0,0
United Kingdom,Scotland,Shetland Islands,0,0
United Kingdom,Scotland,Shieldhill,0,0
United Kingdom,Scotland,Shotts,0,0
United Kingdom,Scotland,Skelmorlie,0,0
United Kingdom,Scotland,Slamannan,0,0
United Kingdom,Scotland,Smithton,0,0
United Kingdom,Scotland,South Ayrshire,0,0
United Kingdom,Scotland,South Lanarkshire,0,0
United Kingdom,Scotland,Springside,0,0
United Kingdom,Scotland,Stanley,0,0
United Kingdom,Scotland,Stenhousemuir,0,0
United Kingdom,Scotland,Stepps,0,0
United Kingdom,Scotland,Stevenston,0,0
United Kingdom,Scotland,Stewarton,0,0
United Kingdom,Scotland,Stirling,0,0
United Kingdom,Scotland,Stonehaven,0,0
United Kingdom,Scotland,Stonehouse,0,0
United Kingdom,Scotland,Stoneyburn,0,0
United Kingdom,Scotland,Stornoway,0,0
United Kingdom,Scotland,Stranraer,0,0
United Kingdom,Scotland,Strathaven,0,0
United Kingdom,Scotland,Strathblane,0,0
United Kingdom,Scotland,Strathpeffer,0,0
United Kingdom,Scotland,Stromness,0,0
United Kingdom,Scotland,Symington,0,0
United Kingdom,Scotland,Tain,0,0
United Kingdom,Scotland,Tarbert,0,0
United Kingdom,Scotland,Tarbolton,0,0
United Kingdom,Scotland,Tayport,0,0
United Kingdom,Scotland,The Scottish Borders,0,0
United Kingdom,Scotland,Thornhill,0,0
United Kingdom,Scotland,Thornliebank,0,0
United Kingdom,Scotland,Thornton,0,0
United Kingdom,Scotland,Thurso,0,0
United Kingdom,Scotland,Tillicoultry,0,0
United Kingdom,Scotland,Tobermory,0,0
United Kingdom,Scotland,Torphins,0,0
United Kingdom,Scotland,Torrance,0,0
United Kingdom,Scotland,Townhill,0,0
United Kingdom,Scotland,Tranent,0,0
United Kingdom,Scotland,Troon,0,0
United Kingdom,Scotland,Tullibody,0,0
United Kingdom,Scotland,Turriff,0,0
United Kingdom,Scotland,Twechar,0,0
United Kingdom,Scotland,Tweedbank,0,0
United Kingdom,Scotland,Uddingston,0,0
United Kingdom,Scotland,Ullapool,0,0
United Kingdom,Scotland,Vale of Leven,0,0
United Kingdom,Scotland,Viewpark,0,0
United Kingdom,Scotland,Waterfoot,0,0
United Kingdom,Scotland,Wemyss Bay,0,0
United Kingdom,Scotland,West Calder,0,0
United Kingdom,Scotland,West Dunbartonshire,0,0
United Kingdom,Scotland,West Kilbride,0,0
United Kingdom,Scotland,West Linton,0,0
United Kingdom,Scotland,West Lothian,0,0
United Kingdom,Scotland,Westhill,0,0
United Kingdom,Scotland,Westquarter,0,0
United Kingdom,Scotland,Whitburn,0,0
United Kingdom,Scotland,Whitecraig,0,0
United Kingdom,Scotland,Whitehills,0,0
United Kingdom,Scotland,Wick,0,0
United Kingdom,Scotland,Winchburgh,0,0
United Kingdom,Scotland,Windygates,0,0
United Kingdom,Scotland,Wishaw,0,0
United Kingdom,Wales,Aberaeron,0,0
United Kingdom,Wales,Abercanaid,0,0
United Kingdom,Wales,Abercarn,0,0
United Kingdom,Wales,Abercynon,0,0
United Kingdom,Wales,Aberdare,0,0
United Kingdom,Wales,Aberfan,0,0
United Kingdom,Wales,Abergavenny,0,0
United Kingdom,Wales,Abergele,0,0
United Kingdom,Wales,Aberkenfig,0,0
United Kingdom,Wales,Aberporth,0,0
United Kingdom,Wales,Abertillery,0,0
United Kingdom,Wales,Abertridwr,0,0
United Kingdom,Wales,Aberystwyth,0,0
United Kingdom,Wales,Amlwch,0,0
United Kingdom,Wales,Ammanford,0,0
United Kingdom,Wales,Anglesey,0,0
United Kingdom,Wales,Bagillt,0,0
United Kingdom,Wales,Bala,0,0
United Kingdom,Wales,Bangor,0,0
United Kingdom,Wales,Bargoed,0,0
United Kingdom,Wales,Barmouth,0,0
United Kingdom,Wales,Barry,0,0
United Kingdom,Wales,Beaumaris,0,0
United Kingdom,Wales,Beddau,0,0
United Kingdom,Wales,Bedlinog,0,0
United Kingdom,Wales,Bedwas,0,0
United Kingdom,Wales,Benllech,0,0
United Kingdom,Wales,Bethesda,0,0
United Kingdom,Wales,Betws,0,0
United Kingdom,Wales,Betws-y-Coed,0,0
United Kingdom,Wales,Bishopston,0,0
United Kingdom,Wales,Blackwood,0,0
United Kingdom,Wales,Blaenau Gwent,0,0
United Kingdom,Wales,Blaenau-Ffestiniog,0,0
United Kingdom,Wales,Blaenavon,0,0
United Kingdom,Wales,Blaengwynfi,0,0
United Kingdom,Wales,Bodedern,0,0
United Kingdom,Wales,Bodelwyddan,0,0
United Kingdom,Wales,Borth,0,0
United Kingdom,Wales,Bow Street,0,0
United Kingdom,Wales,Brecon,0,0
United Kingdom,Wales,Bridgend,0,0
United Kingdom,Wales,Bridgend county borough,0,0
United Kingdom,Wales,Briton Ferry,0,0
United Kingdom,Wales,Broughton,0,0
United Kingdom,Wales,Brymbo,0,0
United Kingdom,Wales,Bryn,0,0
United Kingdom,Wales,Brynamman,0,0
United Kingdom,Wales,Brynmawr,0,0
United Kingdom,Wales,Brynna,0,0
United Kingdom,Wales,Buckley,0,0
United Kingdom,Wales,Builth Wells,0,0
United Kingdom,Wales,Burry Port,0,0
United Kingdom,Wales,Caergwrle,0,0
United Kingdom,Wales,Caerleon,0,0
United Kingdom,Wales,Caernarfon,0,0
United Kingdom,Wales,Caerphilly,0,0
United Kingdom,Wales,Caerphilly County Borough,0,0
United Kingdom,Wales,Caerwent,0,0
United Kingdom,Wales,Caldicot,0,0
United Kingdom,Wales,Cardiff,0,0
United Kingdom,Wales,Cardigan,0,0
United Kingdom,Wales,Carmarthen,0,0
United Kingdom,Wales,Carmarthenshire,0,0
United Kingdom,Wales,Cefn Cribwr,0,0
United Kingdom,Wales,Cemaes Bay,0,0
United Kingdom,Wales,Chepstow,0,0
United Kingdom,Wales,Chirk,0,0
United Kingdom,Wales,City and County of Swansea,0,0
United Kingdom,Wales,Clydach,0,0
United Kingdom,Wales,Coedpoeth,0,0
United Kingdom,Wales,Coity,0,0
United Kingdom,Wales,Colwyn Bay,0,0
United Kingdom,Wales,Conwy,0,0
United Kingdom,Wales,County of Ceredigion,0,0
United Kingdom,Wales,County of Flintshire,0,0
United Kingdom,Wales,Cowbridge,0,0
United Kingdom,Wales,Criccieth,0,0
United Kingdom,Wales,Crickhowell,0,0
United Kingdom,Wales,Croeserw,0,0
United Kingdom,Wales,Crofty,0,0
United Kingdom,Wales,Cross Hands,0,0
United Kingdom,Wales,Crumlin,0,0
United Kingdom,Wales,Crymych,0,0
United Kingdom,Wales,Crynant,0,0
United Kingdom,Wales,Cwm,0,0
United Kingdom,Wales,Cwmafan,0,0
United Kingdom,Wales,Cwmbach,0,0
United Kingdom,Wales,Cwmbran,0,0
United Kingdom,Wales,Deeside,0,0
United Kingdom,Wales,Deganwy,0,0
United Kingdom,Wales,Deiniolen,0,0
United Kingdom,Wales,Denbigh,0,0
United Kingdom,Wales,Denbighshire,0,0
United Kingdom,Wales,Deri,0,0
United Kingdom,Wales,Dinas Powys,0,0
United Kingdom,Wales,Dolgellau,0,0
United Kingdom,Wales,Dyffryn Ardudwy,0,0
United Kingdom,Wales,Dyserth,0,0
United Kingdom,Wales,Ebbw Vale,0,0
United Kingdom,Wales,Ferndale,0,0
United Kingdom,Wales,Fishguard,0,0
United Kingdom,Wales,Flint,0,0
United Kingdom,Wales,Fochriw,0,0
United Kingdom,Wales,Four Crosses,0,0
United Kingdom,Wales,Gaerwen,0,0
United Kingdom,Wales,Gelligaer,0,0
United Kingdom,Wales,Gilfach Goch,0,0
United Kingdom,Wales,Gilwern,0,0
United Kingdom,Wales,Glanamman,0,0
United Kingdom,Wales,Glandwr,0,0
United Kingdom,Wales,Glyn-neath,0,0
United Kingdom,Wales,Glyncorrwg,0,0
United Kingdom,Wales,Goodwick,0,0
United Kingdom,Wales,Gorseinon,0,0
United Kingdom,Wales,Govilon,0,0
United Kingdom,Wales,Greenfield,0,0
United Kingdom,Wales,Gresford,0,0
United Kingdom,Wales,Gronant,0,0
United Kingdom,Wales,Grovesend,0,0
United Kingdom,Wales,Guilsfield,0,0
United Kingdom,Wales,Gwynedd,0,0
United Kingdom,Wales,Harlech,0,0
United Kingdom,Wales,Haverfordwest,0,0
United Kingdom,Wales,Hawarden,0,0
United Kingdom,Wales,Hay,0,0
United Kingdom,Wales,Hengoed,0,0
United Kingdom,Wales,Henllan,0,0
United Kingdom,Wales,Hirwaun,0,0
United Kingdom,Wales,Holyhead,0,0
United Kingdom,Wales,Holywell,0,0
United Kingdom,Wales,Hook,0,0
United Kingdom,Wales,Hope,0,0
United Kingdom,Wales,Hundleton,0,0
United Kingdom,Wales,Johnston,0,0
United Kingdom,Wales,Kidwelly,0,0
United Kingdom,Wales,Kilgetty,0,0
United Kingdom,Wales,Knighton,0,0
United Kingdom,Wales,Lampeter,0,0
United Kingdom,Wales,Leeswood,0,0
United Kingdom,Wales,Letterston,0,0
United Kingdom,Wales,Llanarth,0,0
United Kingdom,Wales,Llanbedr,0,0
United Kingdom,Wales,Llanberis,0,0
United Kingdom,Wales,Llanbradach,0,0
United Kingdom,Wales,Llandeilo,0,0
United Kingdom,Wales,Llandovery,0,0
United Kingdom,Wales,Llandrindod Wells,0,0
United Kingdom,Wales,Llandudno,0,0
United Kingdom,Wales,Llandybie,0,0
United Kingdom,Wales,Llandysul,0,0
United Kingdom,Wales,Llanelli,0,0
United Kingdom,Wales,Llanerchymedd,0,0
United Kingdom,Wales,Llanfair Caereinion,0,0
United Kingdom,Wales,Llanfairfechan,0,0
United Kingdom,Wales,Llanfairpwllgwyngyll,0,0
United Kingdom,Wales,Llanfyllin,0,0
United Kingdom,Wales,Llangefni,0,0
United Kingdom,Wales,Llangoed,0,0
United Kingdom,Wales,Llangollen,0,0
United Kingdom,Wales,Llangwm,0,0
United Kingdom,Wales,Llangybi,0,0
United Kingdom,Wales,Llangynidr,0,0
United Kingdom,Wales,Llanharan,0,0
United Kingdom,Wales,Llanharry,0,0
United Kingdom,Wales,Llanidloes,0,0
United Kingdom,Wales,Llanilar,0,0
United Kingdom,Wales,Llanrhaeadr-ym-Mochnant,0,0
United Kingdom,Wales,Llanrug,0,0
United Kingdom,Wales,Llanrwst,0,0
United Kingdom,Wales,Llansantffraid Glan Conwy,0,0
United Kingdom,Wales,Llansteffan,0,0
United Kingdom,Wales,Llantrisant,0,0
United Kingdom,Wales,Llantwit Fardre,0,0
United Kingdom,Wales,Llantwit Major,0,0
United Kingdom,Wales,Llwynypia,0,0
United Kingdom,Wales,Machen,0,0
United Kingdom,Wales,Machynlleth,0,0
United Kingdom,Wales,Maesteg,0,0
United Kingdom,Wales,Magor,0,0
United Kingdom,Wales,Marchwiel,0,0
United Kingdom,Wales,Marshfield,0,0
United Kingdom,Wales,Menai Bridge,0,0
United Kingdom,Wales,Merthyr Tydfil,0,0
United Kingdom,Wales,Merthyr Tydfil County Borough,0,0
United Kingdom,Wales,Milford Haven,0,0
United Kingdom,Wales,Moelfre,0,0
United Kingdom,Wales,Mold,0,0
United Kingdom,Wales,Monmouth,0,0
United Kingdom,Wales,Monmouthshire,0,0
United Kingdom,Wales,Mostyn,0,0
United Kingdom,Wales,Mountain Ash,0,0
United Kingdom,Wales,Narberth,0,0
United Kingdom,Wales,Neath,0,0
United Kingdom,Wales,Neath Port Talbot,0,0
United Kingdom,Wales,Nefyn,0,0
United Kingdom,Wales,Nelson,0,0
United Kingdom,Wales,New Quay,0,0
United Kingdom,Wales,New Tredegar,0,0
United Kingdom,Wales,Newbridge,0,0
United Kingdom,Wales,Newcastle Emlyn,0,0
United Kingdom,Wales,Newport,0,0
United Kingdom,Wales,Newtown,0,0
United Kingdom,Wales,Neyland,0,0
United Kingdom,Wales,Northop,0,0
United Kingdom,Wales,Ogmore Vale,0,0
United Kingdom,Wales,Overton,0,0
United Kingdom,Wales,Pembroke,0,0
United Kingdom,Wales,Pembroke Dock,0,0
United Kingdom,Wales,Pembrokeshire,0,0
United Kingdom,Wales,Pen-clawdd,0,0
United Kingdom,Wales,Penally,0,0
United Kingdom,Wales,Penarth,0,0
United Kingdom,Wales,Pencader,0,0
United Kingdom,Wales,Pencoed,0,0
United Kingdom,Wales,Penmaenmawr,0,0
United Kingdom,Wales,Penparcau,0,0
United Kingdom,Wales,Penrhyndeudraeth,0,0
United Kingdom,Wales,Pentre,0,0
United Kingdom,Wales,Pentyrch,0,0
United Kingdom,Wales,Penyffordd,0,0
United Kingdom,Wales,Penygroes,0,0
United Kingdom,Wales,Pont Rhyd-y-cyff,0,0
United Kingdom,Wales,Pontarddulais,0,0
United Kingdom,Wales,Pontlliw,0,0
United Kingdom,Wales,Pontyates,0,0
United Kingdom,Wales,Pontyberem,0,0
United Kingdom,Wales,Pontyclun,0,0
United Kingdom,Wales,Pontycymer,0,0
United Kingdom,Wales,Pontypool,0,0
United Kingdom,Wales,Pontypridd,0,0
United Kingdom,Wales,Port Talbot,0,0
United Kingdom,Wales,Porthcawl,0,0
United Kingdom,Wales,Porthmadog,0,0
United Kingdom,Wales,Prestatyn,0,0
United Kingdom,Wales,Presteigne,0,0
United Kingdom,Wales,Price Town,0,0
United Kingdom,Wales,Pwllheli,0,0
United Kingdom,Wales,Pyle,0,0
United Kingdom,Wales,Radyr,0,0
United Kingdom,Wales,Raglan,0,0
United Kingdom,Wales,Resolven,0,0
United Kingdom,Wales,Rhayader,0,0
United Kingdom,Wales,Rhondda,0,0
United Kingdom,Wales,Rhondda Cynon Taf,0,0
United Kingdom,Wales,Rhoose,0,0
United Kingdom,Wales,Rhosllanerchrugog,0,0
United Kingdom,Wales,Rhosneigr,0,0
United Kingdom,Wales,Rhuddlan,0,0
United Kingdom,Wales,Rhyl,0,0
United Kingdom,Wales,Rhymney,0,0
United Kingdom,Wales,Risca,0,0
United Kingdom,Wales,Rogiet,0,0
United Kingdom,Wales,Rossett,0,0
United Kingdom,Wales,Ruabon,0,0
United Kingdom,Wales,Ruthin,0,0
United Kingdom,Wales,Saint Asaph,0,0
United Kingdom,Wales,Saint Clears,0,0
United Kingdom,Wales,Saint Davids,0,0
United Kingdom,Wales,Saundersfoot,0,0
United Kingdom,Wales,Seven Sisters,0,0
United Kingdom,Wales,Sir Powys,0,0
United Kingdom,Wales,Southgate,0,0
United Kingdom,Wales,Spittal,0,0
United Kingdom,Wales,Steynton,0,0
United Kingdom,Wales,Swansea,0,0
United Kingdom,Wales,Taibach,0,0
United Kingdom,Wales,Tal-y-bont,0,0
United Kingdom,Wales,Talgarth,0,0
United Kingdom,Wales,Talysarn,0,0
United Kingdom,Wales,Templeton,0,0
United Kingdom,Wales,Tenby,0,0
United Kingdom,Wales,Three Crosses,0,0
United Kingdom,Wales,Tintern,0,0
United Kingdom,Wales,Tonypandy,0,0
United Kingdom,Wales,Tonyrefail,0,0
United Kingdom,Wales,Torfaen County Borough,0,0
United Kingdom,Wales,Trawsfynydd,0,0
United Kingdom,Wales,Tredegar,0,0
United Kingdom,Wales,Trefnant,0,0
United Kingdom,Wales,Tregaron,0,0
United Kingdom,Wales,Tregarth,0,0
United Kingdom,Wales,Treharris,0,0
United Kingdom,Wales,Treorchy,0,0
United Kingdom,Wales,Treuddyn,0,0
United Kingdom,Wales,Trimsaran,0,0
United Kingdom,Wales,Tumble,0,0
United Kingdom,Wales,Tycroes,0,0
United Kingdom,Wales,Tywyn,0,0
United Kingdom,Wales,Undy,0,0
United Kingdom,Wales,Usk,0,0
United Kingdom,Wales,Vale of Glamorgan,0,0
United Kingdom,Wales,Valley,0,0
United Kingdom,Wales,Victoria,0,0
United Kingdom,Wales,Welshpool,0,0
United Kingdom,Wales,Wenvoe,0,0
United Kingdom,Wales,Whitland,0,0
United Kingdom,Wales,Wick,0,0
United Kingdom,Wales,Wrexham,0,0
United Kingdom,Wales,Y Felinheli,0,0
United Kingdom,Wales,Ynysybwl,0,0
United Kingdom,Wales,Ystalyfera,0,0
