country,state,city
India,Andaman and Nicobar Islands,Bamboo Flat
India,Andaman and Nicobar Islands,Nicobar
India,Andaman and Nicobar Islands,Port Blair
India,Andaman and Nicobar Islands,South Andaman
India,Andhra Pradesh,Addanki
India,Andhra Pradesh,Adoni
India,Andhra Pradesh,Akasahebpet
India,Andhra Pradesh,Akividu
India,Andhra Pradesh,Akkarampalle
India,Andhra Pradesh,Amalapuram
India,Andhra Pradesh,Amudalavalasa
India,Andhra Pradesh,Anakapalle
India,Andhra Pradesh,Anantapur
India,Andhra Pradesh,Atmakur
India,Andhra Pradesh,Attili
India,Andhra Pradesh,Avanigadda
India,Andhra Pradesh,Badvel
India,Andhra Pradesh,Banganapalle
India,Andhra Pradesh,Bapatla
India,Andhra Pradesh,Betamcherla
India,Andhra Pradesh,Bhattiprolu
India,Andhra Pradesh,Bhimavaram
India,Andhra Pradesh,Bhimunipatnam
India,Andhra Pradesh,Bobbili
India,Andhra Pradesh,Challapalle
India,Andhra Pradesh,Chemmumiahpet
India,Andhra Pradesh,Chilakalurupet
India,Andhra Pradesh,Chinnachowk
India,Andhra Pradesh,Chipurupalle
India,Andhra Pradesh,Chirala
India,Andhra Pradesh,Chittoor
India,Andhra Pradesh,Chodavaram
India,Andhra Pradesh,Cuddapah
India,Andhra Pradesh,Cumbum
India,Andhra Pradesh,Darsi
India,Andhra Pradesh,Dharmavaram
India,Andhra Pradesh,Dhone
India,Andhra Pradesh,Diguvametta
India,Andhra Pradesh,East Godavari
India,Andhra Pradesh,Elamanchili
India,Andhra Pradesh,Ellore
India,Andhra Pradesh,Emmiganur
India,Andhra Pradesh,Erraguntla
India,Andhra Pradesh,Etikoppaka
India,Andhra Pradesh,Gajuwaka
India,Andhra Pradesh,Ganguvada
India,Andhra Pradesh,Gannavaram
India,Andhra Pradesh,Giddalur
India,Andhra Pradesh,Gokavaram
India,Andhra Pradesh,Gorantla
India,Andhra Pradesh,GovindapuramChilakaluripetGuntur
India,Andhra Pradesh,Gudivada
India,Andhra Pradesh,Gudlavalleru
India,Andhra Pradesh,Gudur
India,Andhra Pradesh,Guntakal Junction
India,Andhra Pradesh,Guntur
India,Andhra Pradesh,Hindupur
India,Andhra Pradesh,Ichchapuram
India,Andhra Pradesh,Jaggayyapeta
India,Andhra Pradesh,Jammalamadugu
India,Andhra Pradesh,Kadiri
India,Andhra Pradesh,Kaikalur
India,Andhra Pradesh,Kakinada
India,Andhra Pradesh,Kalyandurg
India,Andhra Pradesh,Kamalapuram
India,Andhra Pradesh,Kandukur
India,Andhra Pradesh,Kanigiri
India,Andhra Pradesh,Kankipadu
India,Andhra Pradesh,Kanuru
India,Andhra Pradesh,Kavali
India,Andhra Pradesh,Kolanukonda
India,Andhra Pradesh,Kondapalle
India,Andhra Pradesh,Korukollu
India,Andhra Pradesh,Kosigi
India,Andhra Pradesh,Kovvur
India,Andhra Pradesh,Krishna
India,Andhra Pradesh,Kuppam
India,Andhra Pradesh,Kurnool
India,Andhra Pradesh,Macherla
India,Andhra Pradesh,Machilipatnam
India,Andhra Pradesh,Madanapalle
India,Andhra Pradesh,Madugula
India,Andhra Pradesh,Mandapeta
India,Andhra Pradesh,Mandasa
India,Andhra Pradesh,Mangalagiri
India,Andhra Pradesh,Markapur
India,Andhra Pradesh,Nagari
India,Andhra Pradesh,Nagireddipalli
India,Andhra Pradesh,Nandigama
India,Andhra Pradesh,Nandikotkur
India,Andhra Pradesh,Nandyal
India,Andhra Pradesh,Narasannapeta
India,Andhra Pradesh,Narasapur
India,Andhra Pradesh,Narasaraopet
India,Andhra Pradesh,Narasingapuram
India,Andhra Pradesh,Narayanavanam
India,Andhra Pradesh,Narsipatnam
India,Andhra Pradesh,Nayudupet
India,Andhra Pradesh,Nellore
India,Andhra Pradesh,Nidadavole
India,Andhra Pradesh,Nuzvid
India,Andhra Pradesh,Ongole
India,Andhra Pradesh,Pakala
India,Andhra Pradesh,Palakollu
India,Andhra Pradesh,Palasa
India,Andhra Pradesh,Palkonda
India,Andhra Pradesh,Pallevada
India,Andhra Pradesh,Palmaner
India,Andhra Pradesh,Parlakimidi
India,Andhra Pradesh,Parvatipuram
India,Andhra Pradesh,Pavuluru
India,Andhra Pradesh,Pedana
India,Andhra Pradesh,pedda nakkalapalem
India,Andhra Pradesh,Peddapuram
India,Andhra Pradesh,Penugonda
India,Andhra Pradesh,Penukonda
India,Andhra Pradesh,Phirangipuram
India,Andhra Pradesh,Pippara
India,Andhra Pradesh,Pithapuram
India,Andhra Pradesh,Polavaram
India,Andhra Pradesh,Ponnur
India,Andhra Pradesh,Ponnuru
India,Andhra Pradesh,Prakasam
India,Andhra Pradesh,Proddatur
India,Andhra Pradesh,Pulivendla
India,Andhra Pradesh,Punganuru
India,Andhra Pradesh,Puttaparthi
India,Andhra Pradesh,Puttur
India,Andhra Pradesh,Rajahmundry
India,Andhra Pradesh,Ramachandrapuram
India,Andhra Pradesh,Ramanayyapeta
India,Andhra Pradesh,Ramapuram
India,Andhra Pradesh,Rampachodavaram
India,Andhra Pradesh,Rayachoti
India,Andhra Pradesh,Rayadrug
India,Andhra Pradesh,Razam
India,Andhra Pradesh,Razampeta
India,Andhra Pradesh,Razole
India,Andhra Pradesh,Renigunta
India,Andhra Pradesh,Repalle
India,Andhra Pradesh,Salur
India,Andhra Pradesh,Samalkot
India,Andhra Pradesh,Sattenapalle
India,Andhra Pradesh,Singarayakonda
India,Andhra Pradesh,Sompeta
India,Andhra Pradesh,Srikakulam
India,Andhra Pradesh,Srisailain
India,Andhra Pradesh,Suluru
India,Andhra Pradesh,Tadepalle
India,Andhra Pradesh,Tadepallegudem
India,Andhra Pradesh,Tadpatri
India,Andhra Pradesh,Tanuku
India,Andhra Pradesh,Tekkali
India,Andhra Pradesh,Tirumala
India,Andhra Pradesh,Tirupati
India,Andhra Pradesh,Tuni
India,Andhra Pradesh,Uravakonda
India,Andhra Pradesh,vadlamuru
India,Andhra Pradesh,Vadlapudi
India,Andhra Pradesh,Venkatagiri
India,Andhra Pradesh,Vepagunta
India,Andhra Pradesh,Vetapalem
India,Andhra Pradesh,Vijayawada
India,Andhra Pradesh,Vinukonda
India,Andhra Pradesh,Visakhapatnam
India,Andhra Pradesh,Vizianagaram
India,Andhra Pradesh,Vizianagaram District
India,Andhra Pradesh,Vuyyuru
India,Andhra Pradesh,West Godavari
India,Andhra Pradesh,Yanam
India,Andhra Pradesh,Yanamalakuduru
India,Andhra Pradesh,Yarada
India,Arunachal Pradesh,Along
India,Arunachal Pradesh,Anjaw
India,Arunachal Pradesh,Basar
India,Arunachal Pradesh,Bomdila
India,Arunachal Pradesh,Changlang
India,Arunachal Pradesh,Dibang Valley
India,Arunachal Pradesh,East Kameng
India,Arunachal Pradesh,East Siang
India,Arunachal Pradesh,Hayuliang
India,Arunachal Pradesh,Itanagar
India,Arunachal Pradesh,Khonsa
India,Arunachal Pradesh,Kurung Kumey
India,Arunachal Pradesh,Lohit District
India,Arunachal Pradesh,Lower Dibang Valley
India,Arunachal Pradesh,Lower Subansiri
India,Arunachal Pradesh,Margherita
India,Arunachal Pradesh,Naharlagun
India,Arunachal Pradesh,Pasighat
India,Arunachal Pradesh,Tawang
India,Arunachal Pradesh,Tezu
India,Arunachal Pradesh,Tirap
India,Arunachal Pradesh,Upper Siang
India,Arunachal Pradesh,Upper Subansiri
India,Arunachal Pradesh,West Kameng
India,Arunachal Pradesh,West Siang
India,Arunachal Pradesh,Ziro
India,Assam,Abhayapuri
India,Assam,Amguri
India,Assam,Badarpur
India,Assam,Baksa
India,Assam,Barpathar
India,Assam,Barpeta
India,Assam,Barpeta Road
India,Assam,Basugaon
India,Assam,Bihpuriagaon
India,Assam,Bijni
India,Assam,Bilasipara
India,Assam,Bokajan
India,Assam,Bokakhat
India,Assam,Bongaigaon
India,Assam,Cachar
India,Assam,Chabua
India,Assam,Chapar
India,Assam,Chirang
India,Assam,Darrang
India,Assam,Dergaon
India,Assam,Dhekiajuli
India,Assam,Dhemaji
India,Assam,Dhing
India,Assam,Dhubri
India,Assam,Dibrugarh
India,Assam,Digboi
India,Assam,Dima Hasao District
India,Assam,Diphu
India,Assam,Dispur
India,Assam,Duliagaon
India,Assam,Dum Duma
India,Assam,Gauripur
India,Assam,Goalpara
India,Assam,Gohpur
India,Assam,Golaghat
India,Assam,Golakganj
India,Assam,Goshaingaon
India,Assam,Guwahati
India,Assam,Haflong
India,Assam,Hailakandi
India,Assam,Hajo
India,Assam,Hojai
India,Assam,Howli
India,Assam,Jogighopa
India,Assam,Jorhat
India,Assam,Kamrup
India,Assam,Kamrup Metropolitan
India,Assam,Karbi Anglong
India,Assam,Karimganj
India,Assam,Kharupatia
India,Assam,Kokrajhar
India,Assam,Lakhimpur
India,Assam,Lakhipur
India,Assam,Lala
India,Assam,Lumding Railway Colony
India,Assam,Mahur
India,Assam,Maibong
India,Assam,Makum
India,Assam,Mangaldai
India,Assam,Mariani
India,Assam,Moranha
India,Assam,Morigaon
India,Assam,Nagaon
India,Assam,Nahorkatiya
India,Assam,Nalbari
India,Assam,Namrup
India,Assam,Nazira
India,Assam,North Guwahati
India,Assam,North Lakhimpur
India,Assam,Numaligarh
India,Assam,Palasbari
India,Assam,Raha
India,Assam,Rangapara
India,Assam,Rangia
India,Assam,Sapatgram
India,Assam,Sarupathar
India,Assam,Sibsagar
India,Assam,Silapathar
India,Assam,Silchar
India,Assam,Soalkuchi
India,Assam,Sonari
India,Assam,Sonitpur
India,Assam,Sorbhog
India,Assam,Tezpur
India,Assam,Tinsukia
India,Assam,Titabar
India,Assam,Udalguri
India,Bihar,Amarpur
India,Bihar,Araria
India,Bihar,Arrah
India,Bihar,Arwal
India,Bihar,Asarganj
India,Bihar,Aurangabad
India,Bihar,Bagaha
India,Bihar,Bahadurganj
India,Bihar,Bairagnia
India,Bihar,Baisi
India,Bihar,Bakhtiyarpur
India,Bihar,Bangaon
India,Bihar,Banka
India,Bihar,Banmankhi
India,Bihar,Bar Bigha
India,Bihar,Barauli
India,Bihar,Barh
India,Bihar,Barhiya
India,Bihar,Bariarpur
India,Bihar,Baruni
India,Bihar,Begusarai
India,Bihar,Belsand
India,Bihar,Bettiah
India,Bihar,Bhabhua
India,Bihar,Bhagalpur
India,Bihar,Bhagirathpur
India,Bihar,Bhawanipur
India,Bihar,Bhojpur
India,Bihar,Bihar Sharif
India,Bihar,Bihariganj
India,Bihar,Bikramganj
India,Bihar,Birpur
India,Bihar,Buddh Gaya
India,Bihar,Buxar
India,Bihar,Chakia
India,Bihar,Chapra
India,Bihar,Chhatapur
India,Bihar,Colgong
India,Bihar,Dalsingh Sarai
India,Bihar,Darbhanga
India,Bihar,Daudnagar
India,Bihar,Dehri
India,Bihar,Dhaka
India,Bihar,Dighwara
India,Bihar,Dinapore
India,Bihar,Dumra
India,Bihar,Dumraon
India,Bihar,Fatwa
India,Bihar,Forbesganj
India,Bihar,Gaya
India,Bihar,Ghoga
India,Bihar,Gopalganj
India,Bihar,Hajipur
India,Bihar,Hilsa
India,Bihar,Hisua
India,Bihar,Islampur
India,Bihar,Jagdispur
India,Bihar,Jahanabad
India,Bihar,Jamalpur
India,Bihar,Jamui
India,Bihar,Jaynagar
India,Bihar,Jehanabad
India,Bihar,Jha-Jha
India,Bihar,Jhanjharpur
India,Bihar,Jogbani
India,Bihar,Kaimur District
India,Bihar,Kasba
India,Bihar,Katihar
India,Bihar,Khagaria
India,Bihar,Khagaul
India,Bihar,Kharagpur
India,Bihar,Khusropur
India,Bihar,Kishanganj
India,Bihar,Koath
India,Bihar,Koelwar
India,Bihar,Lakhisarai
India,Bihar,Lalganj
India,Bihar,Luckeesarai
India,Bihar,Madhepura
India,Bihar,Madhubani
India,Bihar,Maharajgani
India,Bihar,Mairwa
India,Bihar,Maner
India,Bihar,Manihari
India,Bihar,Marhaura
India,Bihar,Masaurhi Buzurg
India,Bihar,Mohiuddi nagar
India,Bihar,Mokameh
India,Bihar,Monghyr
India,Bihar,Mothihari
India,Bihar,Munger
India,Bihar,Murliganj
India,Bihar,Muzaffarpur
India,Bihar,Nabinagar
India,Bihar,Nalanda
India,Bihar,Nasriganj
India,Bihar,Naugachhia
India,Bihar,Nawada
India,Bihar,Nirmali
India,Bihar,Pashchim Champaran
India,Bihar,Patna
India,Bihar,Piro
India,Bihar,Pupri
India,Bihar,Purba Champaran
India,Bihar,Purnia
India,Bihar,Rafiganj
India,Bihar,Raghunathpur
India,Bihar,Rajgir
India,Bihar,Ramnagar
India,Bihar,Raxaul
India,Bihar,Revelganj
India,Bihar,Rohtas
India,Bihar,Rusera
India,Bihar,Sagauli
India,Bihar,Saharsa
India,Bihar,Samastipur
India,Bihar,Saran
India,Bihar,Shahbazpur
India,Bihar,Shahpur
India,Bihar,Sheikhpura
India,Bihar,Sheohar
India,Bihar,Sherghati
India,Bihar,Silao
India,Bihar,Sitamarhi
India,Bihar,Siwan
India,Bihar,Supaul
India,Bihar,Teghra
India,Bihar,Tekari
India,Bihar,Thakurganj
India,Bihar,Vaishali
India,Bihar,Waris Aliganj
India,Chandigarh,Chandigarh
India,Chhattisgarh,Akaltara
India,Chhattisgarh,Ambagarh Chauki
India,Chhattisgarh,Ambikapur
India,Chhattisgarh,Arang
India,Chhattisgarh,Baikunthpur
India,Chhattisgarh,Balod
India,Chhattisgarh,Baloda
India,Chhattisgarh,Baloda Bazar
India,Chhattisgarh,Basna
India,Chhattisgarh,Bastar
India,Chhattisgarh,Bemetara
India,Chhattisgarh,Bhanpuri
India,Chhattisgarh,Bhatapara
India,Chhattisgarh,Bhatgaon
India,Chhattisgarh,Bhilai
India,Chhattisgarh,Bijapur
India,Chhattisgarh,Bilaspur
India,Chhattisgarh,Champa
India,Chhattisgarh,Chhuikhadan
India,Chhattisgarh,Dantewada
India,Chhattisgarh,Deori
India,Chhattisgarh,Dhamtari
India,Chhattisgarh,Dongargaon
India,Chhattisgarh,Dongargarh
India,Chhattisgarh,Durg
India,Chhattisgarh,Gandai
India,Chhattisgarh,Gariaband
India,Chhattisgarh,Gaurela
India,Chhattisgarh,Gharghoda
India,Chhattisgarh,Gidam
India,Chhattisgarh,Jagdalpur
India,Chhattisgarh,Janjgir
India,Chhattisgarh,Janjgir-Champa
India,Chhattisgarh,Jashpur
India,Chhattisgarh,Jashpurnagar
India,Chhattisgarh,Junagarh
India,Chhattisgarh,Kabeerdham
India,Chhattisgarh,Kanker
India,Chhattisgarh,Katghora
India,Chhattisgarh,Kawardha
India,Chhattisgarh,Khairagarh
India,Chhattisgarh,Khamharia
India,Chhattisgarh,Kharod
India,Chhattisgarh,Kharsia
India,Chhattisgarh,Kirandul
India,Chhattisgarh,Kondagaon
India,Chhattisgarh,Korba
India,Chhattisgarh,Koria
India,Chhattisgarh,Kota
India,Chhattisgarh,Kotaparh
India,Chhattisgarh,Kumhari
India,Chhattisgarh,Kurud
India,Chhattisgarh,Lormi
India,Chhattisgarh,Mahasamund
India,Chhattisgarh,Mungeli
India,Chhattisgarh,Narayanpur
India,Chhattisgarh,Narharpur
India,Chhattisgarh,Pandaria
India,Chhattisgarh,Pandatarai
India,Chhattisgarh,Pasan
India,Chhattisgarh,Patan
India,Chhattisgarh,Pathalgaon
India,Chhattisgarh,Pendra
India,Chhattisgarh,Pithora
India,Chhattisgarh,Raigarh
India,Chhattisgarh,Raipur
India,Chhattisgarh,Raj Nandgaon
India,Chhattisgarh,Ramanuj Ganj
India,Chhattisgarh,Ratanpur
India,Chhattisgarh,Sakti
India,Chhattisgarh,Saraipali
India,Chhattisgarh,Sarangarh
India,Chhattisgarh,Seorinarayan
India,Chhattisgarh,Simga
India,Chhattisgarh,Surguja
India,Chhattisgarh,Takhatpur
India,Chhattisgarh,Umarkot
India,Chhattisgarh,Uttar Bastar Kanker
India,Dadra and Nagar Haveli and Daman and Diu,Amli
India,Dadra and Nagar Haveli and Daman and Diu,Dadra
India,Dadra and Nagar Haveli and Daman and Diu,Dadra & Nagar Haveli
India,Dadra and Nagar Haveli and Daman and Diu,Daman
India,Dadra and Nagar Haveli and Daman and Diu,Diu
India,Dadra and Nagar Haveli and Daman and Diu,Silvassa
India,Delhi,Alipur
India,Delhi,Bawana
India,Delhi,Central Delhi
India,Delhi,Delhi
India,Delhi,Deoli
India,Delhi,East Delhi
India,Delhi,Karol Bagh
India,Delhi,Najafgarh
India,Delhi,Nangloi Jat
India,Delhi,Narela
India,Delhi,New Delhi
India,Delhi,North Delhi
India,Delhi,North East Delhi
India,Delhi,North West Delhi
India,Delhi,Pitampura
India,Delhi,Rohini
India,Delhi,South Delhi
India,Delhi,South West Delhi
India,Delhi,West Delhi
India,Goa,Aldona
India,Goa,Arambol
India,Goa,Baga
India,Goa,Bambolim
India,Goa,Bandora
India,Goa,Benaulim
India,Goa,Calangute
India,Goa,Candolim
India,Goa,Carapur
India,Goa,Cavelossim
India,Goa,Chicalim
India,Goa,Chinchinim
India,Goa,Colovale
India,Goa,Colva
India,Goa,Cortalim
India,Goa,Cuncolim
India,Goa,Curchorem
India,Goa,Curti
India,Goa,Davorlim
India,Goa,Dicholi
India,Goa,Goa Velha
India,Goa,Guirim
India,Goa,Jua
India,Goa,Kankon
India,Goa,Madgaon
India,Goa,Mapuca
India,Goa,Morjim
India,Goa,Mormugao
India,Goa,Navelim
India,Goa,North Goa
India,Goa,Palle
India,Goa,Panaji
India,Goa,Pernem
India,Goa,Ponda
India,Goa,Quepem
India,Goa,Queula
India,Goa,Raia
India,Goa,Saligao
India,Goa,Sancoale
India,Goa,Sanguem
India,Goa,Sanquelim
India,Goa,Sanvordem
India,Goa,Serula
India,Goa,Solim
India,Goa,South Goa
India,Goa,Taleigao
India,Goa,Vagator
India,Goa,Valpoy
India,Goa,Varca
India,Goa,Vasco da Gama
India,Gujarat,Abrama
India,Gujarat,Adalaj
India,Gujarat,Agol
India,Gujarat,Ahmedabad
India,Gujarat,Ahwa
India,Gujarat,Akrund
India,Gujarat,Amod
India,Gujarat,Amod
India,Gujarat,Amreli
India,Gujarat,Amroli
India,Gujarat,Anand
India,Gujarat,Anjar
India,Gujarat,Ankleshwar
India,Gujarat,Babra
India,Gujarat,Bagasara
India,Gujarat,Bagasra
India,Gujarat,Bakharla
India,Gujarat,Balagam
India,Gujarat,Balasinor
India,Gujarat,Balisana
India,Gujarat,Bamanbore
India,Gujarat,Banas Kantha
India,Gujarat,Bandia
India,Gujarat,Bantva
India,Gujarat,Bardoli
India,Gujarat,Bedi
India,Gujarat,Bhachau
India,Gujarat,Bhadran
India,Gujarat,Bhandu
India,Gujarat,Bhanvad
India,Gujarat,Bharuch
India,Gujarat,Bhatha
India,Gujarat,Bhavnagar
India,Gujarat,Bhayavadar
India,Gujarat,Bhildi
India,Gujarat,Bhojpur Dharampur
India,Gujarat,Bhuj
India,Gujarat,Bilimora
India,Gujarat,Bilkha
India,Gujarat,Borsad
India,Gujarat,Botad
India,Gujarat,Chaklasi
India,Gujarat,Chalala
India,Gujarat,Chaloda
India,Gujarat,Champaner
India,Gujarat,Chanasma
India,Gujarat,Chhala
India,Gujarat,Chhota Udepur
India,Gujarat,Chikhli
India,Gujarat,Chotila
India,Gujarat,Chuda
India,Gujarat,Dabhoda
India,Gujarat,Dabhoi
India,Gujarat,Dahegam
India,Gujarat,Dahod
India,Gujarat,Dakor
India,Gujarat,Damnagar
India,Gujarat,Dandi
India,Gujarat,Dangs (India)
India,Gujarat,Danta
India,Gujarat,Dayapar
India,Gujarat,Delvada
India,Gujarat,Delwada
India,Gujarat,Detroj
India,Gujarat,Devbhumi Dwarka
India,Gujarat,Devgadh Bariya
India,Gujarat,Dhandhuka
India,Gujarat,Dhanera
India,Gujarat,Dhansura
India,Gujarat,Dharampur
India,Gujarat,Dharasana
India,Gujarat,Dhari
India,Gujarat,Dhasa
India,Gujarat,Dhola
India,Gujarat,Dholera
India,Gujarat,Dholka
India,Gujarat,Dhoraji
India,Gujarat,Dhrangadhra
India,Gujarat,Dhrol
India,Gujarat,Dhuwaran
India,Gujarat,Disa
India,Gujarat,Dohad
India,Gujarat,Dumkhal
India,Gujarat,Dungarpur
India,Gujarat,Dwarka
India,Gujarat,Gadhada
India,Gujarat,Gandevi
India,Gujarat,Gandhidham
India,Gujarat,Gandhinagar
India,Gujarat,Gariadhar
India,Gujarat,Ghodasar
India,Gujarat,Ghogha
India,Gujarat,Gir Somnath
India,Gujarat,Godhra
India,Gujarat,Gondal
India,Gujarat,Gorwa
India,Gujarat,Halenda
India,Gujarat,Halol
India,Gujarat,Halvad
India,Gujarat,Hansot
India,Gujarat,Harij
India,Gujarat,Harsol
India,Gujarat,Hathuran
India,Gujarat,Himatnagar
India,Gujarat,Idar
India,Gujarat,Jakhau
India,Gujarat,Jalalpore
India,Gujarat,Jalalpur
India,Gujarat,Jalia
India,Gujarat,Jambuda
India,Gujarat,Jambusar
India,Gujarat,Jamnagar
India,Gujarat,Jarod
India,Gujarat,Jasdan
India,Gujarat,Jetalpur
India,Gujarat,Jetalsar
India,Gujarat,Jetpur
India,Gujarat,Jetpur (Navagadh)
India,Gujarat,Jhalod
India,Gujarat,Jhulasan
India,Gujarat,Jodhpur
India,Gujarat,Jodhpur (Ahmedabad)
India,Gujarat,Jodia
India,Gujarat,Jodiya Bandar
India,Gujarat,Junagadh
India,Gujarat,Kachchh
India,Gujarat,Kachholi
India,Gujarat,Kadi
India,Gujarat,Kadod
India,Gujarat,Kalavad
India,Gujarat,Kalol
India,Gujarat,Kandla
India,Gujarat,Kandla port
India,Gujarat,Kanodar
India,Gujarat,Kapadvanj
India,Gujarat,Karamsad
India,Gujarat,Kariana
India,Gujarat,Karjan
India,Gujarat,Kathor
India,Gujarat,Katpur
India,Gujarat,Kawant
India,Gujarat,Kayavarohan
India,Gujarat,Kerwada
India,Gujarat,Keshod
India,Gujarat,Khambhalia
India,Gujarat,Khambhat
India,Gujarat,Khavda
India,Gujarat,Kheda
India,Gujarat,Khedbrahma
India,Gujarat,Khedoi
India,Gujarat,Kherali
India,Gujarat,Kheralu
India,Gujarat,Kodinar
India,Gujarat,Kosamba
India,Gujarat,Kothara
India,Gujarat,Kotharia
India,Gujarat,Kukarmunda
India,Gujarat,Kukma
India,Gujarat,Kundla
India,Gujarat,Kutch district
India,Gujarat,Kutiyana
India,Gujarat,Ladol
India,Gujarat,Lakhpat
India,Gujarat,Lakhtar
India,Gujarat,Lalpur
India,Gujarat,Langhnaj
India,Gujarat,Lathi
India,Gujarat,Limbdi
India,Gujarat,Limkheda
India,Gujarat,Lunavada
India,Gujarat,Madhavpur Ghed
India,Gujarat,Madhi
India,Gujarat,Mahemdavad
India,Gujarat,Mahesana
India,Gujarat,Mahisa
India,Gujarat,Mahudha
India,Gujarat,Mahuva
India,Gujarat,Mahuva (Surat)
India,Gujarat,Malpur
India,Gujarat,Manavadar
India,Gujarat,Mandal
India,Gujarat,Mandvi
India,Gujarat,Mandvi (Surat)
India,Gujarat,Mangrol
India,Gujarat,Mangrol (Junagadh)
India,Gujarat,Mansa
India,Gujarat,Meghraj
India,Gujarat,Mehsana
India,Gujarat,Mendarda
India,Gujarat,Mithapur
India,Gujarat,Modasa
India,Gujarat,Morbi
India,Gujarat,Morva (Hadaf)
India,Gujarat,Morwa
India,Gujarat,Mundra
India,Gujarat,Nadiad
India,Gujarat,Nadiad
India,Gujarat,Nagwa
India,Gujarat,Naldhara
India,Gujarat,Naliya
India,Gujarat,Nargol
India,Gujarat,Narmada
India,Gujarat,Naroda
India,Gujarat,Navsari
India,Gujarat,Nikora
India,Gujarat,Nizar
India,Gujarat,Odadar
India,Gujarat,Okha
India,Gujarat,Olpad
India,Gujarat,Paddhari
India,Gujarat,Padra
India,Gujarat,Palanpur
India,Gujarat,Palanswa
India,Gujarat,Palitana
India,Gujarat,Paliyad
India,Gujarat,Palsana
India,Gujarat,Panch Mahals
India,Gujarat,Panchmahal district
India,Gujarat,Pardi
India,Gujarat,Parnera
India,Gujarat,Patan
India,Gujarat,Pavi Jetpur
India,Gujarat,Petlad
India,Gujarat,Pipavav
India,Gujarat,Piplod
India,Gujarat,Porbandar
India,Gujarat,Prabhas Patan
India,Gujarat,Prantij
India,Gujarat,Radhanpur
India,Gujarat,Rajkot
India,Gujarat,Rajpipla
India,Gujarat,Rajula
India,Gujarat,Ranavav
India,Gujarat,Ranpur
India,Gujarat,Rapar
India,Gujarat,Reha
India,Gujarat,Roha
India,Gujarat,Sabar Kantha
India,Gujarat,Sachin
India,Gujarat,Salaya
India,Gujarat,Samakhiali
India,Gujarat,Sanand
India,Gujarat,Sankheda
India,Gujarat,Sarbhon
India,Gujarat,Sardoi
India,Gujarat,Sarkhej
India,Gujarat,Sathamba
India,Gujarat,Savarkundla
India,Gujarat,Savli
India,Gujarat,Sayla
India,Gujarat,Shahpur
India,Gujarat,Shivrajpur
India,Gujarat,Siddhpur
India,Gujarat,Sihor
India,Gujarat,Sikka
India,Gujarat,Sinor
India,Gujarat,Sojitra
India,Gujarat,Songadh
India,Gujarat,Supedi
India,Gujarat,Surat
India,Gujarat,Surendranagar
India,Gujarat,Sutrapada
India,Gujarat,Talaja
India,Gujarat,Tankara
India,Gujarat,Tapi
India,Gujarat,Than
India,Gujarat,Thangadh
India,Gujarat,Tharad
India,Gujarat,Thasra
India,Gujarat,The Dangs
India,Gujarat,Umarpada
India,Gujarat,Umrala
India,Gujarat,Umreth
India,Gujarat,Un
India,Gujarat,Una
India,Gujarat,Unjha
India,Gujarat,Upleta
India,Gujarat,Utran
India,Gujarat,Vadgam
India,Gujarat,Vadnagar
India,Gujarat,Vadodara
India,Gujarat,Vaghodia
India,Gujarat,Vaghodia INA
India,Gujarat,Vallabh Vidyanagar
India,Gujarat,Vallabhipur
India,Gujarat,Valsad
India,Gujarat,Vanala
India,Gujarat,Vansda
India,Gujarat,Vanthli
India,Gujarat,Vapi
India,Gujarat,Vartej
India,Gujarat,Vasa
India,Gujarat,Vasavad
India,Gujarat,Vaso
India,Gujarat,Vataman
India,Gujarat,Vejalpur
India,Gujarat,Veraval
India,Gujarat,Vijapur
India,Gujarat,Vinchhiya
India,Gujarat,Viramgam
India,Gujarat,Virpur
India,Gujarat,Visavadar
India,Gujarat,Visnagar
India,Gujarat,Vyara
India,Gujarat,Wadhai
India,Gujarat,Wadhwan
India,Gujarat,Waghai
India,Gujarat,Wankaner
India,Haryana,Ambala
India,Haryana,Asandh
India,Haryana,Ateli Mandi
India,Haryana,Bahadurgarh
India,Haryana,Bara Uchana
India,Haryana,Barwala
India,Haryana,Bawal
India,Haryana,Beri Khas
India,Haryana,Bhiwani
India,Haryana,Bilaspur
India,Haryana,Buriya
India,Haryana,Charkhi Dadri
India,Haryana,Chhachhrauli
India,Haryana,Dabwali
India,Haryana,Dharuhera
India,Haryana,Ellenabad
India,Haryana,Faridabad
India,Haryana,Farrukhnagar
India,Haryana,Fatehabad
India,Haryana,Firozpur Jhirka
India,Haryana,Gharaunda
India,Haryana,Gohana
India,Haryana,Gorakhpur
India,Haryana,Gurgaon
India,Haryana,Hansi
India,Haryana,Hasanpur
India,Haryana,Hisar
India,Haryana,Hodal
India,Haryana,Inda Chhoi
India,Haryana,Indri
India,Haryana,Jagadhri
India,Haryana,Jakhal
India,Haryana,Jhajjar
India,Haryana,Jind
India,Haryana,Kaithal
India,Haryana,Kalanaur
India,Haryana,Kalanwali
India,Haryana,Kanina Khas
India,Haryana,Karnal
India,Haryana,Kharkhauda
India,Haryana,Kheri Sampla
India,Haryana,Kurukshetra
India,Haryana,Ladwa
India,Haryana,Loharu
India,Haryana,Maham
India,Haryana,Mahendragarh
India,Haryana,Mandholi Kalan
India,Haryana,Mustafabad
India,Haryana,Narayangarh
India,Haryana,Narnaul
India,Haryana,Narnaund
India,Haryana,Narwana
India,Haryana,Nilokheri
India,Haryana,Nuh
India,Haryana,Palwal
India,Haryana,Panchkula
India,Haryana,Panipat
India,Haryana,Pataudi
India,Haryana,Pehowa
India,Haryana,Pinjaur
India,Haryana,Punahana
India,Haryana,Pundri
India,Haryana,Radaur
India,Haryana,Rania
India,Haryana,Ratia
India,Haryana,Rewari
India,Haryana,Rohtak
India,Haryana,Safidon
India,Haryana,Samalkha
India,Haryana,Shadipur Julana
India,Haryana,Shahabad
India,Haryana,Sirsa
India,Haryana,Sohna
India,Haryana,Sonipat
India,Haryana,Taoru
India,Haryana,Thanesar
India,Haryana,Tohana
India,Haryana,Tosham
India,Haryana,Uklana
India,Haryana,Yamunanagar
India,Himachal Pradesh,Arki
India,Himachal Pradesh,Baddi
India,Himachal Pradesh,Banjar
India,Himachal Pradesh,Bilaspur
India,Himachal Pradesh,Chamba
India,Himachal Pradesh,Chaupal
India,Himachal Pradesh,Chowari
India,Himachal Pradesh,Chuari Khas
India,Himachal Pradesh,Dagshai
India,Himachal Pradesh,Dalhousie
India,Himachal Pradesh,Daulatpur
India,Himachal Pradesh,Dera Gopipur
India,Himachal Pradesh,Dharamsala
India,Himachal Pradesh,Gagret
India,Himachal Pradesh,Ghumarwin
India,Himachal Pradesh,Hamirpur
India,Himachal Pradesh,Jawala Mukhi
India,Himachal Pradesh,Jogindarnagar
India,Himachal Pradesh,Jubbal
India,Himachal Pradesh,Jutogh
India,Himachal Pradesh,Kalka
India,Himachal Pradesh,Kangar
India,Himachal Pradesh,Kangra
India,Himachal Pradesh,Kasauli
India,Himachal Pradesh,Kinnaur
India,Himachal Pradesh,Kotkhai
India,Himachal Pradesh,Kotla
India,Himachal Pradesh,Kulu
India,Himachal Pradesh,Kyelang
India,Himachal Pradesh,Lahul and Spiti
India,Himachal Pradesh,Manali
India,Himachal Pradesh,Mandi
India,Himachal Pradesh,Nadaun
India,Himachal Pradesh,Nagar
India,Himachal Pradesh,Nagrota
India,Himachal Pradesh,Nahan
India,Himachal Pradesh,Nalagarh
India,Himachal Pradesh,Palampur
India,Himachal Pradesh,Pandoh
India,Himachal Pradesh,Paonta Sahib
India,Himachal Pradesh,Parwanoo
India,Himachal Pradesh,Rajgarh
India,Himachal Pradesh,Rampur
India,Himachal Pradesh,Rohru
India,Himachal Pradesh,Sabathu
India,Himachal Pradesh,Santokhgarh
India,Himachal Pradesh,Sarahan
India,Himachal Pradesh,Sarka Ghat
India,Himachal Pradesh,Seoni
India,Himachal Pradesh,Shimla
India,Himachal Pradesh,Sirmaur
India,Himachal Pradesh,Solan
India,Himachal Pradesh,Sundarnagar
India,Himachal Pradesh,Theog
India,Himachal Pradesh,Tira Sujanpur
India,Himachal Pradesh,Una
India,Himachal Pradesh,Yol
India,Jammu and Kashmir,Akhnur
India,Jammu and Kashmir,Anantnag
India,Jammu and Kashmir,Awantipur
India,Jammu and Kashmir,Badgam
India,Jammu and Kashmir,Bandipore
India,Jammu and Kashmir,Banihal
India,Jammu and Kashmir,Baramula
India,Jammu and Kashmir,Batoti
India,Jammu and Kashmir,Bhadarwah
India,Jammu and Kashmir,Bijbehara
India,Jammu and Kashmir,Bishnah
India,Jammu and Kashmir,Doda
India,Jammu and Kashmir,Ganderbal
India,Jammu and Kashmir,Gho Brahmanan de
India,Jammu and Kashmir,Hajan
India,Jammu and Kashmir,Hiranagar
India,Jammu and Kashmir,Jammu
India,Jammu and Kashmir,Jaurian
India,Jammu and Kashmir,Kathua
India,Jammu and Kashmir,Katra
India,Jammu and Kashmir,Khaur
India,Jammu and Kashmir,Kishtwar
India,Jammu and Kashmir,Kud
India,Jammu and Kashmir,Kulgam
India,Jammu and Kashmir,Kupwara
India,Jammu and Kashmir,Ladakh
India,Jammu and Kashmir,Magam
India,Jammu and Kashmir,Nawanshahr
India,Jammu and Kashmir,Noria
India,Jammu and Kashmir,Padam
India,Jammu and Kashmir,Pahlgam
India,Jammu and Kashmir,Parol
India,Jammu and Kashmir,Pattan
India,Jammu and Kashmir,Pulwama
India,Jammu and Kashmir,Punch
India,Jammu and Kashmir,Qazigund
India,Jammu and Kashmir,Rajaori
India,Jammu and Kashmir,Rajauri
India,Jammu and Kashmir,Ramban
India,Jammu and Kashmir,Ramgarh
India,Jammu and Kashmir,Ramnagar
India,Jammu and Kashmir,Riasi
India,Jammu and Kashmir,Samba
India,Jammu and Kashmir,Shupiyan
India,Jammu and Kashmir,Sopur
India,Jammu and Kashmir,Soyibug
India,Jammu and Kashmir,Srinagar
India,Jammu and Kashmir,Sumbal
India,Jammu and Kashmir,Thang
India,Jammu and Kashmir,Thanna Mandi
India,Jammu and Kashmir,Tral
India,Jammu and Kashmir,Tsrar Sharif
India,Jammu and Kashmir,Udhampur
India,Jammu and Kashmir,Uri
India,Jharkhand,Bagra
India,Jharkhand,Barka Kana
India,Jharkhand,Barki Saria
India,Jharkhand,Barwadih
India,Jharkhand,Bhojudih
India,Jharkhand,Bokaro
India,Jharkhand,Bundu
India,Jharkhand,Chaibasa
India,Jharkhand,Chakradharpur
India,Jharkhand,Chakulia
India,Jharkhand,Chandil
India,Jharkhand,Chas
India,Jharkhand,Chatra
India,Jharkhand,Chiria
India,Jharkhand,Daltonganj
India,Jharkhand,Deogarh
India,Jharkhand,Dhanbad
India,Jharkhand,Dhanwar
India,Jharkhand,Dugda
India,Jharkhand,Dumka
India,Jharkhand,Garhwa
India,Jharkhand,Ghatsila
India,Jharkhand,Giridih
India,Jharkhand,Gobindpur
India,Jharkhand,Godda
India,Jharkhand,Gomoh
India,Jharkhand,Gopinathpur
India,Jharkhand,Gua
India,Jharkhand,Gumia
India,Jharkhand,Gumla
India,Jharkhand,Hazaribag
India,Jharkhand,Hazaribagh
India,Jharkhand,Hesla
India,Jharkhand,Husainabad
India,Jharkhand,Jagannathpur
India,Jharkhand,Jamadoba
India,Jharkhand,Jamshedpur
India,Jharkhand,Jamtara
India,Jharkhand,Jasidih
India,Jharkhand,Jharia
India,Jharkhand,Jugsalai
India,Jharkhand,Jumri Tilaiya
India,Jharkhand,Kalikapur
India,Jharkhand,Kandra
India,Jharkhand,Kanke
India,Jharkhand,Katras
India,Jharkhand,Kenduadih
India,Jharkhand,Kharsawan
India,Jharkhand,Khunti
India,Jharkhand,Kodarma
India,Jharkhand,Kuju
India,Jharkhand,Latehar
India,Jharkhand,Lohardaga
India,Jharkhand,Madhupur
India,Jharkhand,Malkera
India,Jharkhand,Manoharpur
India,Jharkhand,Mugma
India,Jharkhand,Mushabani
India,Jharkhand,Neturhat
India,Jharkhand,Nirsa
India,Jharkhand,Noamundi
India,Jharkhand,Pakur
India,Jharkhand,Palamu
India,Jharkhand,Pashchim Singhbhum
India,Jharkhand,patamda
India,Jharkhand,Pathardih
India,Jharkhand,Purba Singhbhum
India,Jharkhand,Ramgarh
India,Jharkhand,Ranchi
India,Jharkhand,Ray
India,Jharkhand,Sahibganj
India,Jharkhand,Saraikela
India,Jharkhand,Sarubera
India,Jharkhand,Sijua
India,Jharkhand,Simdega
India,Jharkhand,Sini
India,Jharkhand,Topchanchi
India,Karnataka,Afzalpur
India,Karnataka,Ajjampur
India,Karnataka,Aland
India,Karnataka,Alnavar
India,Karnataka,Alur
India,Karnataka,Anekal
India,Karnataka,Ankola
India,Karnataka,Annigeri
India,Karnataka,Arkalgud
India,Karnataka,Arsikere
India,Karnataka,Athni
India,Karnataka,Aurad
India,Karnataka,Badami
India,Karnataka,Bagalkot
India,Karnataka,Bagepalli
India,Karnataka,Bail-Hongal
India,Karnataka,Ballari
India,Karnataka,Banavar
India,Karnataka,Bangalore Rural
India,Karnataka,Bangalore Urban
India,Karnataka,Bangarapet
India,Karnataka,Bannur
India,Karnataka,Bantval
India,Karnataka,Basavakalyan
India,Karnataka,Basavana Bagevadi
India,Karnataka,Belagavi
India,Karnataka,Belluru
India,Karnataka,Beltangadi
India,Karnataka,Belur
India,Karnataka,Bengaluru
India,Karnataka,Bhadravati
India,Karnataka,Bhalki
India,Karnataka,Bhatkal
India,Karnataka,Bidar
India,Karnataka,Bilgi
India,Karnataka,Birur
India,Karnataka,Byadgi
India,Karnataka,Byndoor
India,Karnataka,Canacona
India,Karnataka,Challakere
India,Karnataka,Chamrajnagar
India,Karnataka,Channagiri
India,Karnataka,Channapatna
India,Karnataka,Channarayapatna
India,Karnataka,Chik Ballapur
India,Karnataka,Chikkaballapur
India,Karnataka,Chikkamagaluru
India,Karnataka,Chiknayakanhalli
India,Karnataka,Chikodi
India,Karnataka,Chincholi
India,Karnataka,Chintamani
India,Karnataka,Chitapur
India,Karnataka,Chitradurga
India,Karnataka,Closepet
India,Karnataka,Coondapoor
India,Karnataka,Dakshina Kannada
India,Karnataka,Dandeli
India,Karnataka,Davanagere
India,Karnataka,Devanhalli
India,Karnataka,Dharwad
India,Karnataka,Dod Ballapur
India,Karnataka,French Rocks
India,Karnataka,Gadag
India,Karnataka,Gadag-Betageri
India,Karnataka,Gajendragarh
India,Karnataka,Gangawati
India,Karnataka,Gangolli
India,Karnataka,Gokak
India,Karnataka,Gokarna
India,Karnataka,Goribidnur
India,Karnataka,Gorur
India,Karnataka,Gubbi
India,Karnataka,Gudibanda
India,Karnataka,Guledagudda
India,Karnataka,Gundlupet
India,Karnataka,Gurmatkal
India,Karnataka,Hadagalli
India,Karnataka,Haliyal
India,Karnataka,Hampi
India,Karnataka,Hangal
India,Karnataka,Harihar
India,Karnataka,Harpanahalli
India,Karnataka,Hassan
India,Karnataka,Haveri
India,Karnataka,Heggadadevankote
India,Karnataka,Hirekerur
India,Karnataka,Hiriyur
India,Karnataka,Holalkere
India,Karnataka,Hole Narsipur
India,Karnataka,Homnabad
India,Karnataka,Honavar
India,Karnataka,Honnali
India,Karnataka,Hosanagara
India,Karnataka,Hosangadi
India,Karnataka,Hosdurga
India,Karnataka,Hoskote
India,Karnataka,Hospet
India,Karnataka,Hubballi
India,Karnataka,Hukeri
India,Karnataka,Hungund
India,Karnataka,Hunsur
India,Karnataka,Ilkal
India,Karnataka,Indi
India,Karnataka,Jagalur
India,Karnataka,Jamkhandi
India,Karnataka,Jevargi
India,Karnataka,Kadur
India,Karnataka,Kalaburgi
India,Karnataka,Kalghatgi
India,Karnataka,Kampli
India,Karnataka,Kankanhalli
India,Karnataka,Karkala
India,Karnataka,Karwar
India,Karnataka,Kavalur
India,Karnataka,Kerur
India,Karnataka,Khanapur
India,Karnataka,Kodagu
India,Karnataka,Kodigenahalli
India,Karnataka,Kodlipet
India,Karnataka,Kolar
India,Karnataka,Kollegal
India,Karnataka,Konanur
India,Karnataka,Konnur
India,Karnataka,Koppa
India,Karnataka,Koppal
India,Karnataka,Koratagere
India,Karnataka,Kotturu
India,Karnataka,Krishnarajpet
India,Karnataka,Kudachi
India,Karnataka,Kudligi
India,Karnataka,Kumsi
India,Karnataka,Kumta
India,Karnataka,Kundgol
India,Karnataka,Kunigal
India,Karnataka,Kurgunta
India,Karnataka,Kushalnagar
India,Karnataka,Kushtagi
India,Karnataka,Lakshmeshwar
India,Karnataka,Lingsugur
India,Karnataka,Londa
India,Karnataka,Maddagiri
India,Karnataka,Maddur
India,Karnataka,Madikeri
India,Karnataka,Magadi
India,Karnataka,Mahalingpur
India,Karnataka,Malavalli
India,Karnataka,Malpe
India,Karnataka,Malur
India,Karnataka,Mandya
India,Karnataka,Mangaluru
India,Karnataka,Manipal
India,Karnataka,Manvi
India,Karnataka,Mayakonda
India,Karnataka,Melukote
India,Karnataka,Mudbidri
India,Karnataka,Muddebihal
India,Karnataka,Mudgal
India,Karnataka,Mudgere
India,Karnataka,Mudhol
India,Karnataka,Mulbagal
India,Karnataka,Mulgund
India,Karnataka,Mulki
India,Karnataka,Mundargi
India,Karnataka,Mundgod
India,Karnataka,Munirabad
India,Karnataka,Murudeshwara
India,Karnataka,Mysuru
India,Karnataka,Nagamangala
India,Karnataka,Nanjangud
India,Karnataka,Narasimharajapura
India,Karnataka,Naregal
India,Karnataka,Nargund
India,Karnataka,Navalgund
India,Karnataka,Nelamangala
India,Karnataka,Nyamti
India,Karnataka,Pangala
India,Karnataka,Pavugada
India,Karnataka,Piriyapatna
India,Karnataka,Ponnampet
India,Karnataka,Puttur
India,Karnataka,Rabkavi
India,Karnataka,Raichur
India,Karnataka,Ramanagara
India,Karnataka,Ranibennur
India,Karnataka,Raybag
India,Karnataka,Robertsonpet
India,Karnataka,Ron
India,Karnataka,Sadalgi
India,Karnataka,Sagar
India,Karnataka,Sakleshpur
India,Karnataka,Sandur
India,Karnataka,Sanivarsante
India,Karnataka,Sankeshwar
India,Karnataka,Sargur
India,Karnataka,Saundatti
India,Karnataka,Savanur
India,Karnataka,Seram
India,Karnataka,Shahabad
India,Karnataka,Shahpur
India,Karnataka,Shiggaon
India,Karnataka,Shikarpur
India,Karnataka,Shimoga
India,Karnataka,Shirhatti
India,Karnataka,Shorapur
India,Karnataka,Shrirangapattana
India,Karnataka,Siddapur
India,Karnataka,Sidlaghatta
India,Karnataka,Sindgi
India,Karnataka,Sindhnur
India,Karnataka,Sira
India,Karnataka,Sirsi
India,Karnataka,Siruguppa
India,Karnataka,Someshwar
India,Karnataka,Somvarpet
India,Karnataka,Sorab
India,Karnataka,Sravana Belgola
India,Karnataka,Sringeri
India,Karnataka,Srinivaspur
India,Karnataka,Sulya
India,Karnataka,Suntikoppa
India,Karnataka,Talikota
India,Karnataka,Tarikere
India,Karnataka,Tekkalakote
India,Karnataka,Terdal
India,Karnataka,Tiptur
India,Karnataka,Tirthahalli
India,Karnataka,Tirumakudal Narsipur
India,Karnataka,Tumakuru
India,Karnataka,Turuvekere
India,Karnataka,Udupi
India,Karnataka,Ullal
India,Karnataka,Uttar Kannada
India,Karnataka,Vadigenhalli
India,Karnataka,Vijayapura
India,Karnataka,Virarajendrapet
India,Karnataka,Wadi
India,Karnataka,Yadgir
India,Karnataka,Yelahanka
India,Karnataka,Yelandur
India,Karnataka,Yelbarga
India,Karnataka,Yellapur
India,Kerala,Adur
India,Kerala,Alappuzha
India,Kerala,Aluva
India,Kerala,Alwaye
India,Kerala,Angamali
India,Kerala,Aroor
India,Kerala,Arukutti
India,Kerala,Attingal
India,Kerala,Avanoor
India,Kerala,Azhikkal
India,Kerala,Badagara
India,Kerala,Beypore
India,Kerala,Changanacheri
India,Kerala,Chelakara
India,Kerala,Chengannur
India,Kerala,Cherpulassery
India,Kerala,Cherthala
India,Kerala,Chetwayi
India,Kerala,Chittur
India,Kerala,Cochin
India,Kerala,Dharmadam
India,Kerala,Edakkulam
India,Kerala,Elur
India,Kerala,Erattupetta
India,Kerala,Ernakulam
India,Kerala,Ferokh
India,Kerala,Guruvayur
India,Kerala,Idukki
India,Kerala,Iringal
India,Kerala,Irinjalakuda
India,Kerala,Kadakkavoor
India,Kerala,Kalamassery
India,Kerala,Kalavoor
India,Kerala,Kalpatta
India,Kerala,Kannangad
India,Kerala,Kannavam
India,Kerala,Kannur
India,Kerala,Kasaragod
India,Kerala,Kasaragod District
India,Kerala,Kattanam
India,Kerala,Kayankulam
India,Kerala,Kizhake Chalakudi
India,Kerala,Kodungallur
India,Kerala,Kollam
India,Kerala,Kotamangalam
India,Kerala,Kottayam
India,Kerala,Kovalam
India,Kerala,Kozhikode
India,Kerala,Kumbalam
India,Kerala,Kunnamangalam
India,Kerala,Kunnamkulam
India,Kerala,Kunnumma
India,Kerala,Kutiatodu
India,Kerala,Kuttampuzha
India,Kerala,Lalam
India,Kerala,Mahe
India,Kerala,Malappuram
India,Kerala,Manjeri
India,Kerala,Manjeshvar
India,Kerala,Mannarakkat
India,Kerala,Marayur
India,Kerala,Mattanur
India,Kerala,Mavelikara
India,Kerala,Mavoor
India,Kerala,Muluppilagadu
India,Kerala,Munnar
India,Kerala,Muvattupula
India,Kerala,Muvattupuzha
India,Kerala,Nadapuram
India,Kerala,Naduvannur
India,Kerala,Nedumangad
India,Kerala,Neyyattinkara
India,Kerala,Nileshwar
India,Kerala,Ottappalam
India,Kerala,Palackattumala
India,Kerala,Palakkad district
India,Kerala,Palghat
India,Kerala,Panamaram
India,Kerala,Pappinissheri
India,Kerala,Paravur Tekkumbhagam
India,Kerala,Pariyapuram
India,Kerala,Pathanamthitta
India,Kerala,Pattanamtitta
India,Kerala,Payyannur
India,Kerala,Perumbavoor
India,Kerala,Perumpavur
India,Kerala,Perya
India,Kerala,Piravam
India,Kerala,Ponmana
India,Kerala,Ponnani
India,Kerala,Punalur
India,Kerala,Ramamangalam
India,Kerala,Sharanur
India,Kerala,Shertallai
India,Kerala,Talipparamba
India,Kerala,Tellicherry
India,Kerala,Thanniyam
India,Kerala,Thiruvananthapuram
India,Kerala,Thrissur
India,Kerala,Tirur
India,Kerala,Tiruvalla
India,Kerala,Vaikam
India,Kerala,Varkala
India,Kerala,Vayalar
India,Kerala,Vettur
India,Kerala,Wayanad
India,Ladakh,Kargil
India,Ladakh,Leh
India,Lakshadweep,Kavaratti
India,Lakshadweep,Lakshadweep
India,Madhya Pradesh,Agar
India,Madhya Pradesh,Ajaigarh
India,Madhya Pradesh,Akodia
India,Madhya Pradesh,Alampur
India,Madhya Pradesh,Alirajpur
India,Madhya Pradesh,Alot
India,Madhya Pradesh,Amanganj
India,Madhya Pradesh,Amarkantak
India,Madhya Pradesh,Amarpatan
India,Madhya Pradesh,Amarwara
India,Madhya Pradesh,Ambah
India,Madhya Pradesh,Amla
India,Madhya Pradesh,Anjad
India,Madhya Pradesh,Antri
India,Madhya Pradesh,Anuppur
India,Madhya Pradesh,Aron
India,Madhya Pradesh,Ashoknagar
India,Madhya Pradesh,Ashta
India,Madhya Pradesh,Babai
India,Madhya Pradesh,Badarwas
India,Madhya Pradesh,Badnawar
India,Madhya Pradesh,Bagh
India,Madhya Pradesh,Bagli
India,Madhya Pradesh,Baihar
India,Madhya Pradesh,Baikunthpur
India,Madhya Pradesh,Bakshwaha
India,Madhya Pradesh,Balaghat
India,Madhya Pradesh,Baldeogarh
India,Madhya Pradesh,Bamna
India,Madhya Pradesh,Bamor Kalan
India,Madhya Pradesh,Bamora
India,Madhya Pradesh,Banda
India,Madhya Pradesh,Barela
India,Madhya Pradesh,Barghat
India,Madhya Pradesh,Bargi
India,Madhya Pradesh,Barhi
India,Madhya Pradesh,Barwani
India,Madhya Pradesh,Basoda
India,Madhya Pradesh,Begamganj
India,Madhya Pradesh,Beohari
India,Madhya Pradesh,Berasia
India,Madhya Pradesh,Betma
India,Madhya Pradesh,Betul
India,Madhya Pradesh,Betul Bazar
India,Madhya Pradesh,Bhabhra
India,Madhya Pradesh,Bhainsdehi
India,Madhya Pradesh,Bhander
India,Madhya Pradesh,Bhanpura
India,Madhya Pradesh,Bhawaniganj
India,Madhya Pradesh,Bhikangaon
India,Madhya Pradesh,Bhind
India,Madhya Pradesh,Bhitarwar
India,Madhya Pradesh,Bhopal
India,Madhya Pradesh,Biaora
India,Madhya Pradesh,Bijawar
India,Madhya Pradesh,Bijrauni
India,Madhya Pradesh,Bodri
India,Madhya Pradesh,Burhanpur
India,Madhya Pradesh,Burhar
India,Madhya Pradesh,Chanderi
India,Madhya Pradesh,Chandia
India,Madhya Pradesh,Chandla
India,Madhya Pradesh,Chhatarpur
India,Madhya Pradesh,Chhindwara
India,Madhya Pradesh,Chichli
India,Madhya Pradesh,Chorhat
India,Madhya Pradesh,Daboh
India,Madhya Pradesh,Dabra
India,Madhya Pradesh,Damoh
India,Madhya Pradesh,Datia
India,Madhya Pradesh,Deori Khas
India,Madhya Pradesh,Depalpur
India,Madhya Pradesh,Dewas
India,Madhya Pradesh,Dhamnod
India,Madhya Pradesh,Dhana
India,Madhya Pradesh,Dhar
India,Madhya Pradesh,Dharampuri
India,Madhya Pradesh,Dindori
India,Madhya Pradesh,Etawa
India,Madhya Pradesh,Gadarwara
India,Madhya Pradesh,Garha Brahman
India,Madhya Pradesh,Garhakota
India,Madhya Pradesh,Gautampura
India,Madhya Pradesh,Ghansor
India,Madhya Pradesh,Gogapur
India,Madhya Pradesh,Gohadi
India,Madhya Pradesh,Govindgarh
India,Madhya Pradesh,Guna
India,Madhya Pradesh,Gurh
India,Madhya Pradesh,Gwalior
India,Madhya Pradesh,Harda
India,Madhya Pradesh,Harda Khas
India,Madhya Pradesh,Harpalpur
India,Madhya Pradesh,Harrai
India,Madhya Pradesh,Harsud
India,Madhya Pradesh,Hatod
India,Madhya Pradesh,Hatta
India,Madhya Pradesh,Hindoria
India,Madhya Pradesh,Hoshangabad
India,Madhya Pradesh,Iawar
India,Madhya Pradesh,Ichhawar
India,Madhya Pradesh,Iklehra
India,Madhya Pradesh,Indore
India,Madhya Pradesh,Isagarh
India,Madhya Pradesh,Itarsi
India,Madhya Pradesh,Jabalpur
India,Madhya Pradesh,Jaisinghnagar
India,Madhya Pradesh,Jaithari
India,Madhya Pradesh,Jamai
India,Madhya Pradesh,Jaora
India,Madhya Pradesh,Jatara
India,Madhya Pradesh,Jawad
India,Madhya Pradesh,Jhabua
India,Madhya Pradesh,Jiran
India,Madhya Pradesh,Jobat
India,Madhya Pradesh,Kailaras
India,Madhya Pradesh,Kaimori
India,Madhya Pradesh,Kannod
India,Madhya Pradesh,Kareli
India,Madhya Pradesh,Karera
India,Madhya Pradesh,Karrapur
India,Madhya Pradesh,Kasrawad
India,Madhya Pradesh,Katangi
India,Madhya Pradesh,Katni
India,Madhya Pradesh,Khachrod
India,Madhya Pradesh,Khailar
India,Madhya Pradesh,Khajuraho Group of Monuments
India,Madhya Pradesh,Khamaria
India,Madhya Pradesh,Khandwa
India,Madhya Pradesh,Khargapur
India,Madhya Pradesh,Khargone
India,Madhya Pradesh,Khategaon
India,Madhya Pradesh,Khilchipur
India,Madhya Pradesh,Khirkiyan
India,Madhya Pradesh,Khujner
India,Madhya Pradesh,Khurai
India,Madhya Pradesh,Kolaras
India,Madhya Pradesh,Korwai
India,Madhya Pradesh,Kotar
India,Madhya Pradesh,Kothi
India,Madhya Pradesh,Kotma
India,Madhya Pradesh,Kotwa
India,Madhya Pradesh,Kukshi
India,Madhya Pradesh,Kumbhraj
India,Madhya Pradesh,Lahar
India,Madhya Pradesh,Lakhnadon
India,Madhya Pradesh,Leteri
India,Madhya Pradesh,Lodhikheda
India,Madhya Pradesh,Machalpur
India,Madhya Pradesh,Madhogarh
India,Madhya Pradesh,Maheshwar
India,Madhya Pradesh,Mahgawan
India,Madhya Pradesh,Maihar
India,Madhya Pradesh,Majholi
India,Madhya Pradesh,Maksi
India,Madhya Pradesh,Malhargarh
India,Madhya Pradesh,Manasa
India,Madhya Pradesh,Manawar
India,Madhya Pradesh,Mandideep
India,Madhya Pradesh,Mandla
India,Madhya Pradesh,Mandleshwar
India,Madhya Pradesh,Mandsaur
India,Madhya Pradesh,Mangawan
India,Madhya Pradesh,Manpur
India,Madhya Pradesh,Mau
India,Madhya Pradesh,Mauganj
India,Madhya Pradesh,Mihona
India,Madhya Pradesh,Mohgaon
India,Madhya Pradesh,Morar
India,Madhya Pradesh,Morena
India,Madhya Pradesh,Multai
India,Madhya Pradesh,Mundi
India,Madhya Pradesh,Mungaoli
India,Madhya Pradesh,Murwara
India,Madhya Pradesh,Nagda
India,Madhya Pradesh,Nagod
India,Madhya Pradesh,Naigarhi
India,Madhya Pradesh,Nainpur
India,Madhya Pradesh,Namli
India,Madhya Pradesh,Naraini
India,Madhya Pradesh,Narayangarh
India,Madhya Pradesh,Narsimhapur
India,Madhya Pradesh,Narsinghgarh
India,Madhya Pradesh,Narwar
India,Madhya Pradesh,Nasrullahganj
India,Madhya Pradesh,Neemuch
India,Madhya Pradesh,Nepanagar
India,Madhya Pradesh,Orchha
India,Madhya Pradesh,Pachmarhi
India,Madhya Pradesh,Palera
India,Madhya Pradesh,Pali
India,Madhya Pradesh,Panagar
India,Madhya Pradesh,Panara
India,Madhya Pradesh,Pandhana
India,Madhya Pradesh,Pandhurna
India,Madhya Pradesh,Panna
India,Madhya Pradesh,Pansemal
India,Madhya Pradesh,Parasia
India,Madhya Pradesh,Patan
India,Madhya Pradesh,Patharia
India,Madhya Pradesh,Pawai
India,Madhya Pradesh,Petlawad
India,Madhya Pradesh,Piploda
India,Madhya Pradesh,Pithampur
India,Madhya Pradesh,Porsa
India,Madhya Pradesh,Punasa
India,Madhya Pradesh,Raghogarh
India,Madhya Pradesh,Rahatgarh
India,Madhya Pradesh,Raisen
India,Madhya Pradesh,Rajgarh
India,Madhya Pradesh,Rajnagar
India,Madhya Pradesh,Rajpur
India,Madhya Pradesh,Rampura
India,Madhya Pradesh,Ranapur
India,Madhya Pradesh,Ratangarh
India,Madhya Pradesh,Ratlam
India,Madhya Pradesh,Rehli
India,Madhya Pradesh,Rehti
India,Madhya Pradesh,Rewa
India,Madhya Pradesh,Sabalgarh
India,Madhya Pradesh,Sagar
India,Madhya Pradesh,Sailana
India,Madhya Pradesh,Sanawad
India,Madhya Pradesh,Sanchi
India,Madhya Pradesh,Sanwer
India,Madhya Pradesh,Sarangpur
India,Madhya Pradesh,Satna
India,Madhya Pradesh,Satwas
India,Madhya Pradesh,Saugor
India,Madhya Pradesh,Sausar
India,Madhya Pradesh,Sehore
India,Madhya Pradesh,Sendhwa
India,Madhya Pradesh,Seondha
India,Madhya Pradesh,Seoni
India,Madhya Pradesh,Seoni Malwa
India,Madhya Pradesh,Shahdol
India,Madhya Pradesh,Shahgarh
India,Madhya Pradesh,Shahpur
India,Madhya Pradesh,Shahpura
India,Madhya Pradesh,Shajapur
India,Madhya Pradesh,Shamgarh
India,Madhya Pradesh,Sheopur
India,Madhya Pradesh,Shivpuri
India,Madhya Pradesh,Shujalpur
India,Madhya Pradesh,Sidhi
India,Madhya Pradesh,Sihora
India,Madhya Pradesh,Simaria
India,Madhya Pradesh,Singoli
India,Madhya Pradesh,Singrauli
India,Madhya Pradesh,Sirmaur
India,Madhya Pradesh,Sironj
India,Madhya Pradesh,Sitamau
India,Madhya Pradesh,Sohagi
India,Madhya Pradesh,Sohagpur
India,Madhya Pradesh,Sultanpur
India,Madhya Pradesh,Susner
India,Madhya Pradesh,Tal
India,Madhya Pradesh,Talen
India,Madhya Pradesh,Tarana
India,Madhya Pradesh,Tekanpur
India,Madhya Pradesh,Tendukheda
India,Madhya Pradesh,Teonthar
India,Madhya Pradesh,Thandla
India,Madhya Pradesh,Tikamgarh
India,Madhya Pradesh,Tirodi
India,Madhya Pradesh,Udaipura
India,Madhya Pradesh,Ujjain
India,Madhya Pradesh,Ukwa
India,Madhya Pradesh,Umaria
India,Madhya Pradesh,Umri
India,Madhya Pradesh,Unhel
India,Madhya Pradesh,Vidisha
India,Madhya Pradesh,Waraseoni
India,Maharashtra,Achalpur
India,Maharashtra,Adawad
India,Maharashtra,Agar Panchaitan
India,Maharashtra,Aheri
India,Maharashtra,Ahmadpur
India,Maharashtra,Ahmednagar
India,Maharashtra,Airoli
India,Maharashtra,Ajara
India,Maharashtra,Akalkot
India,Maharashtra,Akluj
India,Maharashtra,Akola
India,Maharashtra,Akolner
India,Maharashtra,Akot
India,Maharashtra,Akrani
India,Maharashtra,Alandi
India,Maharashtra,Ale
India,Maharashtra,Alibag
India,Maharashtra,Alkuti
India,Maharashtra,Allapalli
India,Maharashtra,Amalner
India,Maharashtra,Amarnath
India,Maharashtra,Ambad
India,Maharashtra,Ambajogai
India,Maharashtra,Ambegaon
India,Maharashtra,Ambernath
India,Maharashtra,Amgaon
India,Maharashtra,Amravati
India,Maharashtra,Andheri
India,Maharashtra,Andura
India,Maharashtra,Anjangaon
India,Maharashtra,Anjarle
India,Maharashtra,Anshing
India,Maharashtra,Arag
India,Maharashtra,Arangaon
India,Maharashtra,Ardhapur
India,Maharashtra,Argaon
India,Maharashtra,Artist Village
India,Maharashtra,Arvi
India,Maharashtra,Ashta
India,Maharashtra,Ashti
India,Maharashtra,Asoda
India,Maharashtra,Assaye
India,Maharashtra,Astagaon
India,Maharashtra,Aundh Satara
India,Maharashtra,Aurangabad
India,Maharashtra,Ausa
India,Maharashtra,Badlapur
India,Maharashtra,Badnapur
India,Maharashtra,Badnera
India,Maharashtra,Bagewadi
India,Maharashtra,Balapur
India,Maharashtra,Balapur Akola district
India,Maharashtra,Ballalpur
India,Maharashtra,Ballard Estate
India,Maharashtra,Ballarpur
India,Maharashtra,Banda Maharashtra
India,Maharashtra,Bandra
India,Maharashtra,Baner
India,Maharashtra,Bankot
India,Maharashtra,Baramati
India,Maharashtra,Barsi
India,Maharashtra,Basmat
India,Maharashtra,Bavdhan
India,Maharashtra,Bawanbir
India,Maharashtra,Beed
India,Maharashtra,Beed
India,Maharashtra,Bhadgaon Maharashtra
India,Maharashtra,Bhandara
India,Maharashtra,Bhandardara
India,Maharashtra,Bhandup
India,Maharashtra,Bhayandar
India,Maharashtra,Bhigvan
India,Maharashtra,Bhiwandi
India,Maharashtra,Bhiwapur
India,Maharashtra,Bhokar
India,Maharashtra,Bhokardan
India,Maharashtra,Bhoom
India,Maharashtra,Bhoom
India,Maharashtra,Bhor
India,Maharashtra,Bhudgaon
India,Maharashtra,Bhugaon
India,Maharashtra,Bhusaval
India,Maharashtra,Bijur
India,Maharashtra,Bilashi
India,Maharashtra,Biloli
India,Maharashtra,Boisar
India,Maharashtra,Borgaon Manju
India,Maharashtra,Borivali
India,Maharashtra,Brahmapuri
India,Maharashtra,Breach Candy
India,Maharashtra,Buldana
India,Maharashtra,Byculla
India,Maharashtra,Chakan
India,Maharashtra,Chakur
India,Maharashtra,Chalisgaon
India,Maharashtra,Chanda
India,Maharashtra,Chandgad
India,Maharashtra,Chandor
India,Maharashtra,Chandrapur
India,Maharashtra,Chandur
India,Maharashtra,Chandur Bazar
India,Maharashtra,Chausala
India,Maharashtra,Chembur
India,Maharashtra,Chicholi
India,Maharashtra,Chichondi Patil
India,Maharashtra,Chikhli (Buldhana)
India,Maharashtra,Chikhli (Jalna)
India,Maharashtra,Chimur
India,Maharashtra,Chinchani
India,Maharashtra,Chinchpokli
India,Maharashtra,Chiplun
India,Maharashtra,Chopda
India,Maharashtra,Colaba
India,Maharashtra,Dabhol
India,Maharashtra,Daddi
India,Maharashtra,Dahanu
India,Maharashtra,Dahivel
India,Maharashtra,Dapoli
India,Maharashtra,Darwha
India,Maharashtra,Daryapur
India,Maharashtra,Dattapur
India,Maharashtra,Daulatabad
India,Maharashtra,Daund
India,Maharashtra,Deccan Gymkhana
India,Maharashtra,Deglur
India,Maharashtra,Dehu
India,Maharashtra,Deolali
India,Maharashtra,Deolapar
India,Maharashtra,Deoli
India,Maharashtra,Deoni
India,Maharashtra,Deulgaon Raja
India,Maharashtra,Devrukh
India,Maharashtra,Dharangaon
India,Maharashtra,Dharavi
India,Maharashtra,Dharmabad
India,Maharashtra,Dharur
India,Maharashtra,Dhawalpuri
India,Maharashtra,Dhule
India,Maharashtra,Dhulia
India,Maharashtra,Dighori
India,Maharashtra,Diglur
India,Maharashtra,Digras
India,Maharashtra,Dindori Maharashtra
India,Maharashtra,Diveagar
India,Maharashtra,Dombivli
India,Maharashtra,Dondaicha
India,Maharashtra,Dongri
India,Maharashtra,Dudhani
India,Maharashtra,Durgapur
India,Maharashtra,Durgapur Chandrapur
India,Maharashtra,Erandol
India,Maharashtra,Faizpur
India,Maharashtra,Fort
India,Maharashtra,Gadchiroli
India,Maharashtra,Gadhinglaj
India,Maharashtra,Gangakher
India,Maharashtra,Gangapur
India,Maharashtra,Ganpatipule
India,Maharashtra,Gevrai
India,Maharashtra,Ghargaon
India,Maharashtra,Ghatanji
India,Maharashtra,Ghatkopar
India,Maharashtra,Ghoti Budrukh
India,Maharashtra,Ghugus
India,Maharashtra,Girgaon
India,Maharashtra,Gondia
India,Maharashtra,Gorai
India,Maharashtra,Goregaon
India,Maharashtra,Guhagar
India,Maharashtra,Hadapsar Pune
India,Maharashtra,Hadgaon
India,Maharashtra,Halkarni
India,Maharashtra,Harangul
India,Maharashtra,Harnai
India,Maharashtra,Helwak
India,Maharashtra,Hinganghat
India,Maharashtra,Hingoli
India,Maharashtra,Hirapur
India,Maharashtra,Hirapur Hamesha
India,Maharashtra,Hotgi
India,Maharashtra,Ichalkaranji
India,Maharashtra,Igatpuri
India,Maharashtra,Indapur
India,Maharashtra,Jaisingpur
India,Maharashtra,Jaitapur
India,Maharashtra,Jakhangaon
India,Maharashtra,Jalgaon
India,Maharashtra,Jalgaon Jamod
India,Maharashtra,Jalkot
India,Maharashtra,Jalna
India,Maharashtra,Jamkhed
India,Maharashtra,Jamod
India,Maharashtra,Janephal
India,Maharashtra,Jaoli
India,Maharashtra,Jat Sangli
India,Maharashtra,Jategaon
India,Maharashtra,Jawhar
India,Maharashtra,Jaysingpur
India,Maharashtra,Jejuri
India,Maharashtra,Jintur
India,Maharashtra,Jogeshwari
India,Maharashtra,Juhu
India,Maharashtra,Junnar
India,Maharashtra,Kachurwahi
India,Maharashtra,Kadegaon
India,Maharashtra,Kadus
India,Maharashtra,Kagal
India,Maharashtra,Kaij
India,Maharashtra,Kalamb
India,Maharashtra,Kalamb Osmanabad
India,Maharashtra,Kalamboli
India,Maharashtra,Kalamnuri
India,Maharashtra,Kalas
India,Maharashtra,Kali(DK)
India,Maharashtra,Kalmeshwar
India,Maharashtra,Kalundri
India,Maharashtra,Kalyan
India,Maharashtra,Kalyani Nagar
India,Maharashtra,Kamargaon
India,Maharashtra,Kamatgi
India,Maharashtra,Kamptee
India,Maharashtra,Kandri
India,Maharashtra,Kankauli
India,Maharashtra,Kankavli
India,Maharashtra,Kannad
India,Maharashtra,Karad
India,Maharashtra,Karajagi
India,Maharashtra,Karanja
India,Maharashtra,Karanja Lad
India,Maharashtra,Karjat
India,Maharashtra,Karkamb
India,Maharashtra,Karmala
India,Maharashtra,Kasara
India,Maharashtra,Kasoda
India,Maharashtra,Kati
India,Maharashtra,Katol
India,Maharashtra,Katral
India,Maharashtra,Khadki
India,Maharashtra,Khalapur
India,Maharashtra,Khallar
India,Maharashtra,Khamgaon
India,Maharashtra,Khanapur
India,Maharashtra,Khandala
India,Maharashtra,Khangaon
India,Maharashtra,Khapa
India,Maharashtra,Kharakvasla
India,Maharashtra,Kharda
India,Maharashtra,Kharghar
India,Maharashtra,Kharsundi
India,Maharashtra,Khed
India,Maharashtra,Khetia
India,Maharashtra,Khoni
India,Maharashtra,Khopoli
India,Maharashtra,Khuldabad
India,Maharashtra,Kinwat
India,Maharashtra,Kodoli
India,Maharashtra,Kolhapur
India,Maharashtra,Kondalwadi
India,Maharashtra,Kondhali
India,Maharashtra,Kopar Khairane
India,Maharashtra,Kopargaon
India,Maharashtra,Kopela
India,Maharashtra,Koradi
India,Maharashtra,Koregaon
India,Maharashtra,Koynanagar
India,Maharashtra,Kudal
India,Maharashtra,Kuhi
India,Maharashtra,Kurandvad
India,Maharashtra,Kurankhed
India,Maharashtra,Kurduvadi
India,Maharashtra,Kusumba
India,Maharashtra,Lakhandur
India,Maharashtra,Lanja
India,Maharashtra,Lasalgaon
India,Maharashtra,Latur
India,Maharashtra,Lavasa
India,Maharashtra,Lohogaon
India,Maharashtra,Lonar
India,Maharashtra,Lonavla
India,Maharashtra,Mahabaleshwar
India,Maharashtra,Mahad
India,Maharashtra,Mahape
India,Maharashtra,Mahim
India,Maharashtra,Maindargi
India,Maharashtra,Majalgaon
India,Maharashtra,Makhjan
India,Maharashtra,Malabar Hill
India,Maharashtra,Malad
India,Maharashtra,Malegaon
India,Maharashtra,Malkapur
India,Maharashtra,Malvan
India,Maharashtra,Manchar
India,Maharashtra,Mandangad
India,Maharashtra,Mandhal
India,Maharashtra,Mandwa
India,Maharashtra,Mangaon
India,Maharashtra,Mangrul Pir
India,Maharashtra,Manjlegaon
India,Maharashtra,Mankeshwar
India,Maharashtra,Mankhurd
India,Maharashtra,Manmad
India,Maharashtra,Manor
India,Maharashtra,Mansar
India,Maharashtra,Manwat
India,Maharashtra,Maregaon
India,Maharashtra,Mastiholi
India,Maharashtra,Masur India
India,Maharashtra,Matheran
India,Maharashtra,Matunga
India,Maharashtra,Mazagaon
India,Maharashtra,Mehekar
India,Maharashtra,Mehergaon
India,Maharashtra,Mehkar
India,Maharashtra,Mhasla
India,Maharashtra,Mhasvad
India,Maharashtra,Miraj
India,Maharashtra,Mohadi
India,Maharashtra,Mohol
India,Maharashtra,Mohpa
India,Maharashtra,Mokhada taluka
India,Maharashtra,Mora Maharashtra
India,Maharashtra,Moram
India,Maharashtra,Morsi
India,Maharashtra,Mowad
India,Maharashtra,Mudkhed
India,Maharashtra,Mukher
India,Maharashtra,Mul
India,Maharashtra,Mulher
India,Maharashtra,Mulund
India,Maharashtra,Mumbai
India,Maharashtra,Mumbai Suburban
India,Maharashtra,Murbad
India,Maharashtra,Murgud
India,Maharashtra,Murtajapur
India,Maharashtra,Murud (Raigad)
India,Maharashtra,Murud (Ratnagiri)
India,Maharashtra,Murum
India,Maharashtra,Nadgaon
India,Maharashtra,Nagapur
India,Maharashtra,Nagothana
India,Maharashtra,Nagpur
India,Maharashtra,Nagpur Division
India,Maharashtra,Nala Sopara
India,Maharashtra,Naldurg
India,Maharashtra,Nalegaon
India,Maharashtra,Nampur
India,Maharashtra,Nanded
India,Maharashtra,Nandgaon
India,Maharashtra,Nandnee
India,Maharashtra,Nandura
India,Maharashtra,Nandura Buzurg
India,Maharashtra,Nandurbar
India,Maharashtra,Narayangaon
India,Maharashtra,Nardana
India,Maharashtra,Nariman Point
India,Maharashtra,Narkhed
India,Maharashtra,Nashik
India,Maharashtra,Nashik Division
India,Maharashtra,Navapur
India,Maharashtra,Navi Mumbai
India,Maharashtra,Neral
India,Maharashtra,Nerur
India,Maharashtra,Nevasa
India,Maharashtra,Nighoj
India,Maharashtra,Nilanga
India,Maharashtra,Nipani
India,Maharashtra,Niphad
India,Maharashtra,Nira Narsingpur
India,Maharashtra,Osmanabad
India,Maharashtra,Ozar
India,Maharashtra,Pabal
India,Maharashtra,Pachora
India,Maharashtra,Pahur Maharashtra
India,Maharashtra,Paithan
India,Maharashtra,Palghar
India,Maharashtra,Pali Raigad
India,Maharashtra,Palso
India,Maharashtra,Panchgani
India,Maharashtra,Pandharpur
India,Maharashtra,Pandhurli
India,Maharashtra,Panhala
India,Maharashtra,Panvel
India,Maharashtra,Parbhani
India,Maharashtra,Parel
India,Maharashtra,Parli Vaijnath
India,Maharashtra,Parner
India,Maharashtra,Parola
India,Maharashtra,Parseoni
India,Maharashtra,Partur
India,Maharashtra,Patan
India,Maharashtra,Pathardi
India,Maharashtra,Pathri
India,Maharashtra,Patur
India,Maharashtra,Paturda
India,Maharashtra,Paud
India,Maharashtra,Pauni
India,Maharashtra,Pawni
India,Maharashtra,Pedgaon
India,Maharashtra,Peint
India,Maharashtra,Pen
India,Maharashtra,Phaltan
India,Maharashtra,Phulambri
India,Maharashtra,Piliv
India,Maharashtra,Pimpalgaon Baswant
India,Maharashtra,Pimpalgaon Raja
India,Maharashtra,Pimpri
India,Maharashtra,Pimpri-Chinchwad
India,Maharashtra,Pipri
India,Maharashtra,Powai
India,Maharashtra,Prabhadevi
India,Maharashtra,Prakasha
India,Maharashtra,Pulgaon
India,Maharashtra,Pune
India,Maharashtra,Pune Division
India,Maharashtra,Puntamba
India,Maharashtra,Pural
India,Maharashtra,Purna
India,Maharashtra,Pusad
India,Maharashtra,Radhanagari
India,Maharashtra,Rahata
India,Maharashtra,Rahimatpur
India,Maharashtra,Rahuri
India,Maharashtra,Raigarh
India,Maharashtra,Raireshwar
India,Maharashtra,Rajapur
India,Maharashtra,Rajgurunagar
India,Maharashtra,Rajur
India,Maharashtra,Rajura
India,Maharashtra,Ralegaon
India,Maharashtra,Ramewadi
India,Maharashtra,Ramtek
India,Maharashtra,Ratnagiri
India,Maharashtra,Raver
India,Maharashtra,Renapur
India,Maharashtra,Renavi
India,Maharashtra,Revadanda
India,Maharashtra,Revdanda
India,Maharashtra,Risod
India,Maharashtra,Roha
India,Maharashtra,Sailu
India,Maharashtra,Sakol
India,Maharashtra,Sakoli
India,Maharashtra,Sakri
India,Maharashtra,Samudrapur
India,Maharashtra,Sangameshwar
India,Maharashtra,Sangamner
India,Maharashtra,Sangli
India,Maharashtra,Sangola
India,Maharashtra,Sangrampur Maharashtra
India,Maharashtra,Saoli
India,Maharashtra,Saoner
India,Maharashtra,Sarangkheda
India,Maharashtra,Saswad
India,Maharashtra,Satana
India,Maharashtra,Satara
India,Maharashtra,Satara Division
India,Maharashtra,Satpati
India,Maharashtra,Savantvadi
India,Maharashtra,Savda
India,Maharashtra,Savlaj
India,Maharashtra,Sawantvadi
India,Maharashtra,Selu
India,Maharashtra,Sevagram
India,Maharashtra,Sewri
India,Maharashtra,Shahada
India,Maharashtra,Shahapur
India,Maharashtra,Shedbal
India,Maharashtra,Shegaon
India,Maharashtra,Shevgaon
India,Maharashtra,Shikrapur
India,Maharashtra,Shiraguppi
India,Maharashtra,Shirala
India,Maharashtra,Shirdi
India,Maharashtra,Shirgaon
India,Maharashtra,Shirol
India,Maharashtra,Shirpur
India,Maharashtra,Shirud
India,Maharashtra,Shirwal
India,Maharashtra,Shivaji Nagar
India,Maharashtra,Shrigonda
India,Maharashtra,Sillod
India,Maharashtra,Sindewahi
India,Maharashtra,Sindhudurg
India,Maharashtra,Sindi
India,Maharashtra,Sindkheda
India,Maharashtra,Sinnar
India,Maharashtra,Sion Mumbai
India,Maharashtra,Sironcha
India,Maharashtra,Sirur
India,Maharashtra,Sivala East Godavari district
India,Maharashtra,Solapur
India,Maharashtra,Sonala
India,Maharashtra,Sonegaon
India,Maharashtra,Songir
India,Maharashtra,Sonvad
India,Maharashtra,Soygaon
India,Maharashtra,Srivardhan
India,Maharashtra,Surgana
India,Maharashtra,Taklibhan
India,Maharashtra,Talbid
India,Maharashtra,Talegaon Dabhade
India,Maharashtra,Talegaon Dhamdhere
India,Maharashtra,Taloda
India,Maharashtra,Talode
India,Maharashtra,Tarapur
India,Maharashtra,Tardeo
India,Maharashtra,Tasgaon
India,Maharashtra,Telhara
India,Maharashtra,Thalner
India,Maharashtra,Thane
India,Maharashtra,Trimbak
India,Maharashtra,Trombay
India,Maharashtra,Tuljapur
India,Maharashtra,Tumsar
India,Maharashtra,Udgir
India,Maharashtra,Ulhasnagar
India,Maharashtra,Umarga
India,Maharashtra,Umarkhed
India,Maharashtra,Umred
India,Maharashtra,Uran
India,Maharashtra,Uruli Kanchan
India,Maharashtra,Vada
India,Maharashtra,Vadgaon
India,Maharashtra,Vadner
India,Maharashtra,Vaijapur
India,Maharashtra,Vairag
India,Maharashtra,Valsang
India,Maharashtra,Vangaon
India,Maharashtra,Varangaon
India,Maharashtra,Vashi
India,Maharashtra,Vasind
India,Maharashtra,Vatul
India,Maharashtra,Velas Maharashtra
India,Maharashtra,Velneshwar
India,Maharashtra,Vengurla
India,Maharashtra,Vijaydurg
India,Maharashtra,Vikhroli
India,Maharashtra,Vile Parle
India,Maharashtra,Vinchur
India,Maharashtra,Virar
India,Maharashtra,Vita Maharashtra
India,Maharashtra,Vite
India,Maharashtra,Wadala
India,Maharashtra,Wadgaon
India,Maharashtra,Wadner
India,Maharashtra,Wadwani
India,Maharashtra,Wagholi
India,Maharashtra,Wai
India,Maharashtra,Wakad
India,Maharashtra,Walgaon
India,Maharashtra,Walki
India,Maharashtra,Wani
India,Maharashtra,Wardha
India,Maharashtra,Warora
India,Maharashtra,Warud
India,Maharashtra,Washim
India,Maharashtra,Worli
India,Maharashtra,Yaval
India,Maharashtra,Yavatmal
India,Maharashtra,Yeola
India,Manipur,Bishnupur
India,Manipur,Chandel
India,Manipur,Churachandpur
India,Manipur,Imphal East
India,Manipur,Imphal West
India,Manipur,Jiribam
India,Manipur,Kakching
India,Manipur,Kamjong
India,Manipur,Kangpokpi
India,Manipur,Noney
India,Manipur,Pherzawl
India,Manipur,Senapati
India,Manipur,Tamenglong
India,Manipur,Tengnoupal
India,Manipur,Thoubal
India,Manipur,Ukhrul
India,Meghalaya,Cherrapunji
India,Meghalaya,East Garo Hills
India,Meghalaya,East Jaintia Hills
India,Meghalaya,East Khasi Hills
India,Meghalaya,Mairang
India,Meghalaya,Mankachar
India,Meghalaya,Nongpoh
India,Meghalaya,Nongstoin
India,Meghalaya,North Garo Hills
India,Meghalaya,Ri-Bhoi
India,Meghalaya,Shillong
India,Meghalaya,South Garo Hills
India,Meghalaya,South West Garo Hills
India,Meghalaya,South West Khasi Hills
India,Meghalaya,Tura
India,Meghalaya,West Garo Hills
India,Meghalaya,West Jaintia Hills
India,Meghalaya,West Khasi Hills
India,Mizoram,Aizawl
India,Mizoram,Champhai
India,Mizoram,Darlawn
India,Mizoram,Khawhai
India,Mizoram,Kolasib
India,Mizoram,Lawngtlai
India,Mizoram,Lunglei
India,Mizoram,Mamit
India,Mizoram,North Vanlaiphai
India,Mizoram,Saiha
India,Mizoram,Sairang
India,Mizoram,Saitlaw
India,Mizoram,Serchhip
India,Mizoram,Thenzawl
India,Nagaland,Dimapur
India,Nagaland,Kohima
India,Nagaland,Mokokchung
India,Nagaland,Mon
India,Nagaland,Peren
India,Nagaland,Phek
India,Nagaland,Tuensang
India,Nagaland,Tuensang District
India,Nagaland,Wokha
India,Nagaland,Zunheboto
India,Odisha,Angul
India,Odisha,Angul District
India,Odisha,Asika
India,Odisha,Athagarh
India,Odisha,Bada Barabil
India,Odisha,Balangir
India,Odisha,Balasore
India,Odisha,Baleshwar
India,Odisha,Balimila
India,Odisha,Balugaon
India,Odisha,Banapur
India,Odisha,Banki
India,Odisha,Banposh
India,Odisha,Baragarh
India,Odisha,Barbil
India,Odisha,Bargarh
India,Odisha,Barpali
India,Odisha,Basudebpur
India,Odisha,Baud
India,Odisha,Baudh
India,Odisha,Belaguntha
India,Odisha,Bhadrak
India,Odisha,Bhadrakh
India,Odisha,Bhanjanagar
India,Odisha,Bhawanipatna
India,Odisha,Bhuban
India,Odisha,Bhubaneswar
India,Odisha,Binka
India,Odisha,Birmitrapur
India,Odisha,Bolanikhodan
India,Odisha,Brahmapur
India,Odisha,Brajarajnagar
India,Odisha,Buguda
India,Odisha,Burla
India,Odisha,Champua
India,Odisha,Chandbali
India,Odisha,Chatrapur
India,Odisha,Chikitigarh
India,Odisha,Chittarkonda
India,Odisha,Cuttack
India,Odisha,Daitari
India,Odisha,Deogarh
India,Odisha,Dhenkanal
India,Odisha,Digapahandi
India,Odisha,Gajapati
India,Odisha,Ganjam
India,Odisha,Gopalpur
India,Odisha,Gudari
India,Odisha,Gunupur
India,Odisha,Hinjilikatu
India,Odisha,Hirakud
India,Odisha,Jagatsinghpur
India,Odisha,Jajpur
India,Odisha,Jaleshwar
India,Odisha,Jatani
India,Odisha,Jeypore
India,Odisha,Jharsuguda
India,Odisha,Jharsuguda District
India,Odisha,Kaintragarh
India,Odisha,Kalahandi
India,Odisha,Kamakhyanagar
India,Odisha,Kandhamal
India,Odisha,Kantabanji
India,Odisha,Kantilo
India,Odisha,Kendrapara
India,Odisha,Kendujhar
India,Odisha,Kesinga
India,Odisha,Khallikot
India,Odisha,Kharhial
India,Odisha,Khordha
India,Odisha,Khurda
India,Odisha,Kiri Buru
India,Odisha,Kodala
India,Odisha,Konarka
India,Odisha,Koraput
India,Odisha,Kuchaiburi
India,Odisha,Kuchinda
India,Odisha,Malkangiri
India,Odisha,Mayurbhanj
India,Odisha,Nabarangpur
India,Odisha,Nayagarh
India,Odisha,Nayagarh District
India,Odisha,Nilgiri
India,Odisha,Nimaparha
India,Odisha,Nowrangapur
India,Odisha,Nuapada
India,Odisha,Padampur
India,Odisha,Paradip Garh
India,Odisha,Patamundai
India,Odisha,Patnagarh
India,Odisha,Phulbani
India,Odisha,Pipili
India,Odisha,Polasara
India,Odisha,Puri
India,Odisha,Purushottampur
India,Odisha,Rambha
India,Odisha,Raurkela
India,Odisha,Rayagada
India,Odisha,Remuna
India,Odisha,Rengali
India,Odisha,Sambalpur
India,Odisha,Sonepur
India,Odisha,Sorada
India,Odisha,Soro
India,Odisha,Subarnapur
India,Odisha,Sundargarh
India,Odisha,Talcher
India,Odisha,Tarabha
India,Odisha,Titlagarh
India,Odisha,Udayagiri
India,Puducherry,Karaikal
India,Puducherry,Mahe
India,Puducherry,Puducherry
India,Puducherry,Yanam
India,Punjab,Abohar
India,Punjab,Adampur
India,Punjab,Ajitgarh
India,Punjab,Ajnala
India,Punjab,Akalgarh
India,Punjab,Alawalpur
India,Punjab,Amloh
India,Punjab,Amritsar
India,Punjab,Anandpur Sahib
India,Punjab,Badhni Kalan
India,Punjab,Bagha Purana
India,Punjab,Bakloh
India,Punjab,Balachor
India,Punjab,Banga
India,Punjab,Banur
India,Punjab,Barnala
India,Punjab,Batala
India,Punjab,Begowal
India,Punjab,Bhadaur
India,Punjab,Bhatinda
India,Punjab,Bhawanigarh
India,Punjab,Bhikhi
India,Punjab,Bhogpur
India,Punjab,Bholath
India,Punjab,Budhlada
India,Punjab,Chima
India,Punjab,Dasuya
India,Punjab,Dera Baba Nanak
India,Punjab,Dera Bassi
India,Punjab,Dhanaula
India,Punjab,Dhariwal
India,Punjab,Dhilwan
India,Punjab,Dhudi
India,Punjab,Dhuri
India,Punjab,Dina Nagar
India,Punjab,Dirba
India,Punjab,Doraha
India,Punjab,Faridkot
India,Punjab,Fatehgarh Churian
India,Punjab,Fatehgarh Sahib
India,Punjab,Fazilka
India,Punjab,Firozpur
India,Punjab,Firozpur District
India,Punjab,Gardhiwala
India,Punjab,Garhshankar
India,Punjab,Ghanaur
India,Punjab,Giddarbaha
India,Punjab,Gurdaspur
India,Punjab,Guru Har Sahai
India,Punjab,Hajipur
India,Punjab,Hariana
India,Punjab,Hoshiarpur
India,Punjab,Ishanpur
India,Punjab,Jagraon
India,Punjab,Jaito
India,Punjab,Jalalabad
India,Punjab,Jalandhar
India,Punjab,Jandiala
India,Punjab,Jandiala Guru
India,Punjab,Kalanaur
India,Punjab,Kapurthala
India,Punjab,Kartarpur
India,Punjab,Khamanon
India,Punjab,Khanna
India,Punjab,Kharar
India,Punjab,Khemkaran
India,Punjab,Kot Isa Khan
India,Punjab,Kotkapura
India,Punjab,Laungowal
India,Punjab,Ludhiana
India,Punjab,Machhiwara
India,Punjab,Majitha
India,Punjab,Makhu
India,Punjab,Malaut
India,Punjab,Malerkotla
India,Punjab,Mansa
India,Punjab,Maur Mandi
India,Punjab,Moga
India,Punjab,Mohali
India,Punjab,Morinda
India,Punjab,Mukerian
India,Punjab,Nabha
India,Punjab,Nakodar
India,Punjab,Nangal
India,Punjab,Nawanshahr
India,Punjab,Nurmahal
India,Punjab,Nurpur Kalan
India,Punjab,Pathankot
India,Punjab,Patiala
India,Punjab,Patti
India,Punjab,Phagwara
India,Punjab,Phillaur
India,Punjab,Qadian
India,Punjab,Rahon
India,Punjab,Raikot
India,Punjab,Rajasansi
India,Punjab,Rajpura
India,Punjab,Ram Das
India,Punjab,Rampura
India,Punjab,Rupnagar
India,Punjab,Samrala
India,Punjab,Sanaur
India,Punjab,Sangrur
India,Punjab,Sardulgarh
India,Punjab,Shahid Bhagat Singh Nagar
India,Punjab,Shahkot
India,Punjab,Sham Churasi
India,Punjab,Sirhind-Fategarh
India,Punjab,Sri Muktsar Sahib
India,Punjab,Sultanpur Lodhi
India,Punjab,Sunam
India,Punjab,Talwandi Bhai
India,Punjab,Talwara
India,Punjab,Tarn Taran Sahib
India,Punjab,Zira
India,Rajasthan,Abhaneri
India,Rajasthan,Abu
India,Rajasthan,Abu Road
India,Rajasthan,Ajmer
India,Rajasthan,Aklera
India,Rajasthan,Alwar
India,Rajasthan,Amet
India,Rajasthan,Anta
India,Rajasthan,Anupgarh
India,Rajasthan,Asind
India,Rajasthan,Bagar
India,Rajasthan,Bakani
India,Rajasthan,Bali
India,Rajasthan,Balotra
India,Rajasthan,Bandikui
India,Rajasthan,Banswara
India,Rajasthan,Baran
India,Rajasthan,Bari
India,Rajasthan,Bari Sadri
India,Rajasthan,Barmer
India,Rajasthan,Basi
India,Rajasthan,Basni
India,Rajasthan,Baswa
India,Rajasthan,Bayana
India,Rajasthan,Beawar
India,Rajasthan,Begun
India,Rajasthan,Behror
India,Rajasthan,Bhadasar
India,Rajasthan,Bhadra
India,Rajasthan,Bharatpur
India,Rajasthan,Bhasawar
India,Rajasthan,Bhilwara
India,Rajasthan,Bhindar
India,Rajasthan,Bhinmal
India,Rajasthan,Bhiwadi
India,Rajasthan,Bhuma
India,Rajasthan,Bikaner
India,Rajasthan,Bilara
India,Rajasthan,Bissau
India,Rajasthan,Borkhera
India,Rajasthan,Bundi
India,Rajasthan,Chaksu
India,Rajasthan,Chechat
India,Rajasthan,Chhabra
India,Rajasthan,Chhapar
India,Rajasthan,Chhoti Sadri
India,Rajasthan,Chidawa
India,Rajasthan,Chittaurgarh
India,Rajasthan,Churu
India,Rajasthan,Dariba
India,Rajasthan,Dausa
India,Rajasthan,Deoli
India,Rajasthan,Deshnoke
India,Rajasthan,Devgarh
India,Rajasthan,Dhaulpur
India,Rajasthan,Didwana
India,Rajasthan,Dig
India,Rajasthan,Dungarpur
India,Rajasthan,Fatehpur
India,Rajasthan,Galiakot
India,Rajasthan,Ganganagar
India,Rajasthan,Gangapur
India,Rajasthan,Govindgarh
India,Rajasthan,Gulabpura
India,Rajasthan,Hanumangarh
India,Rajasthan,Hindaun
India,Rajasthan,Jahazpur
India,Rajasthan,Jaipur
India,Rajasthan,Jaisalmer
India,Rajasthan,Jaitaran
India,Rajasthan,Jalor
India,Rajasthan,Jalore
India,Rajasthan,Jhalawar
India,Rajasthan,Jhalrapatan
India,Rajasthan,Jhunjhunun
India,Rajasthan,Jobner
India,Rajasthan,Jodhpur
India,Rajasthan,Kaman
India,Rajasthan,Kanor
India,Rajasthan,Kapren
India,Rajasthan,Karanpur
India,Rajasthan,Karauli
India,Rajasthan,Kekri
India,Rajasthan,Keshorai Patan
India,Rajasthan,Khandela
India,Rajasthan,Khanpur
India,Rajasthan,Khetri
India,Rajasthan,Kishangarh
India,Rajasthan,Kota
India,Rajasthan,Kotputli
India,Rajasthan,Kuchaman
India,Rajasthan,Kuchera
India,Rajasthan,Kumher
India,Rajasthan,Kushalgarh
India,Rajasthan,Lachhmangarh Sikar
India,Rajasthan,Ladnun
India,Rajasthan,Lakheri
India,Rajasthan,Lalsot
India,Rajasthan,Losal
India,Rajasthan,Mahwah
India,Rajasthan,Makrana
India,Rajasthan,Malpura
India,Rajasthan,Mandal
India,Rajasthan,Mandalgarh
India,Rajasthan,Mandawar
India,Rajasthan,Mangrol
India,Rajasthan,Manohar Thana
India,Rajasthan,Manoharpur
India,Rajasthan,Meethari Marwar
India,Rajasthan,Merta
India,Rajasthan,Mundwa
India,Rajasthan,Nadbai
India,Rajasthan,Nagar
India,Rajasthan,Nagaur
India,Rajasthan,Nainwa
India,Rajasthan,Napasar
India,Rajasthan,Naraina
India,Rajasthan,Nasirabad
India,Rajasthan,Nathdwara
India,Rajasthan,Nawa
India,Rajasthan,Nawalgarh
India,Rajasthan,Neem ka Thana
India,Rajasthan,Nimaj
India,Rajasthan,Nimbahera
India,Rajasthan,Niwai
India,Rajasthan,Nohar
India,Rajasthan,Nokha
India,Rajasthan,Padampur
India,Rajasthan,Pali
India,Rajasthan,Partapur
India,Rajasthan,Parvatsar
India,Rajasthan,Phalodi
India,Rajasthan,Phulera
India,Rajasthan,Pilani
India,Rajasthan,Pilibangan
India,Rajasthan,Pindwara
India,Rajasthan,Pipar
India,Rajasthan,Pirawa
India,Rajasthan,Pokaran
India,Rajasthan,Pratapgarh
India,Rajasthan,Pushkar
India,Rajasthan,Raipur
India,Rajasthan,Raisinghnagar
India,Rajasthan,Rajakhera
India,Rajasthan,Rajaldesar
India,Rajasthan,Rajgarh
India,Rajasthan,Rajsamand
India,Rajasthan,Ramganj Mandi
India,Rajasthan,Ramgarh
India,Rajasthan,Rani
India,Rajasthan,Ratangarh
India,Rajasthan,Rawatbhata
India,Rajasthan,Rawatsar
India,Rajasthan,Ringas
India,Rajasthan,Sadri
India,Rajasthan,Salumbar
India,Rajasthan,Sambhar
India,Rajasthan,Samdari
India,Rajasthan,Sanchor
India,Rajasthan,Sangaria
India,Rajasthan,Sangod
India,Rajasthan,Sardarshahr
India,Rajasthan,Sarwar
India,Rajasthan,Sawai Madhopur
India,Rajasthan,Shahpura
India,Rajasthan,Sheoganj
India,Rajasthan,Sikar
India,Rajasthan,Sirohi
India,Rajasthan,Siwana
India,Rajasthan,Sojat
India,Rajasthan,Sri Dungargarh
India,Rajasthan,Sri Madhopur
India,Rajasthan,Sujangarh
India,Rajasthan,Suket
India,Rajasthan,Sunel
India,Rajasthan,Surajgarh
India,Rajasthan,Suratgarh
India,Rajasthan,Takhatgarh
India,Rajasthan,Taranagar
India,Rajasthan,Tijara
India,Rajasthan,Todabhim
India,Rajasthan,Todaraisingh
India,Rajasthan,Tonk
India,Rajasthan,Udaipur
India,Rajasthan,Udpura
India,Rajasthan,Uniara
India,Rajasthan,Wer
India,Sikkim,East District
India,Sikkim,Gangtok
India,Sikkim,Gyalshing
India,Sikkim,Jorethang
India,Sikkim,Mangan
India,Sikkim,Namchi
India,Sikkim,Naya Bazar
India,Sikkim,North District
India,Sikkim,Rangpo
India,Sikkim,Singtam
India,Sikkim,South District
India,Sikkim,West District
India,Tamil Nadu,Abiramam
India,Tamil Nadu,Adirampattinam
India,Tamil Nadu,Aduthurai
India,Tamil Nadu,Alagapuram
India,Tamil Nadu,Alandur
India,Tamil Nadu,Alanganallur
India,Tamil Nadu,Alangayam
India,Tamil Nadu,Alangudi
India,Tamil Nadu,Alangulam
India,Tamil Nadu,Alappakkam
India,Tamil Nadu,Alwa Tirunagari
India,Tamil Nadu,Ambasamudram
India,Tamil Nadu,Ambattur
India,Tamil Nadu,Ambur
India,Tamil Nadu,Ammapettai
India,Tamil Nadu,Anamalais
India,Tamil Nadu,Andippatti
India,Tamil Nadu,Annamalainagar
India,Tamil Nadu,Annavasal
India,Tamil Nadu,Annur
India,Tamil Nadu,Anthiyur
India,Tamil Nadu,Arakkonam
India,Tamil Nadu,Arantangi
India,Tamil Nadu,Arcot
India,Tamil Nadu,Arimalam
India,Tamil Nadu,Ariyalur
India,Tamil Nadu,Arni
India,Tamil Nadu,Arumbavur
India,Tamil Nadu,Arumuganeri
India,Tamil Nadu,Aruppukkottai
India,Tamil Nadu,Aruvankad
India,Tamil Nadu,Attayyampatti
India,Tamil Nadu,Attur
India,Tamil Nadu,Auroville
India,Tamil Nadu,Avadi
India,Tamil Nadu,Avinashi
India,Tamil Nadu,Ayakudi
India,Tamil Nadu,Ayyampettai
India,Tamil Nadu,Belur
India,Tamil Nadu,Bhavani
India,Tamil Nadu,Bodinayakkanur
India,Tamil Nadu,Chengam
India,Tamil Nadu,Chennai
India,Tamil Nadu,Chennimalai
India,Tamil Nadu,Chetput
India,Tamil Nadu,Chettipalaiyam
India,Tamil Nadu,Cheyyar
India,Tamil Nadu,Cheyyur
India,Tamil Nadu,Chidambaram
India,Tamil Nadu,Chingleput
India,Tamil Nadu,Chinna Salem
India,Tamil Nadu,Chinnamanur
India,Tamil Nadu,Chinnasekkadu
India,Tamil Nadu,Cholapuram
India,Tamil Nadu,Coimbatore
India,Tamil Nadu,Colachel
India,Tamil Nadu,Cuddalore
India,Tamil Nadu,Cumbum
India,Tamil Nadu,Denkanikota
India,Tamil Nadu,Desur
India,Tamil Nadu,Devadanappatti
India,Tamil Nadu,Devakottai
India,Tamil Nadu,Dhali
India,Tamil Nadu,Dharapuram
India,Tamil Nadu,Dharmapuri
India,Tamil Nadu,Dindigul
India,Tamil Nadu,Dusi
India,Tamil Nadu,Elayirampannai
India,Tamil Nadu,Elumalai
India,Tamil Nadu,Eral
India,Tamil Nadu,Eraniel
India,Tamil Nadu,Erode
India,Tamil Nadu,Erumaippatti
India,Tamil Nadu,Ettaiyapuram
India,Tamil Nadu,Gandhi Nagar
India,Tamil Nadu,Gangaikondan
India,Tamil Nadu,Gangavalli
India,Tamil Nadu,Gingee
India,Tamil Nadu,Gobichettipalayam
India,Tamil Nadu,Gudalur
India,Tamil Nadu,Gudiyatham
India,Tamil Nadu,Guduvancheri
India,Tamil Nadu,Gummidipundi
India,Tamil Nadu,Harur
India,Tamil Nadu,Hosur
India,Tamil Nadu,Idappadi
India,Tamil Nadu,Ilampillai
India,Tamil Nadu,Iluppur
India,Tamil Nadu,Injambakkam
India,Tamil Nadu,Irugur
India,Tamil Nadu,Jalakandapuram
India,Tamil Nadu,Jalarpet
India,Tamil Nadu,Jayamkondacholapuram
India,Tamil Nadu,Kadambur
India,Tamil Nadu,Kadayanallur
India,Tamil Nadu,Kalakkadu
India,Tamil Nadu,Kalavai
India,Tamil Nadu,Kallakkurichchi
India,Tamil Nadu,Kallidaikurichi
India,Tamil Nadu,Kallupatti
India,Tamil Nadu,Kalugumalai
India,Tamil Nadu,Kamuthi
India,Tamil Nadu,Kanadukattan
India,Tamil Nadu,Kancheepuram
India,Tamil Nadu,Kanchipuram
India,Tamil Nadu,Kangayam
India,Tamil Nadu,Kanniyakumari
India,Tamil Nadu,Karaikkudi
India,Tamil Nadu,Karamadai
India,Tamil Nadu,Karambakkudi
India,Tamil Nadu,Kariapatti
India,Tamil Nadu,Karumbakkam
India,Tamil Nadu,Karur
India,Tamil Nadu,Katpadi
India,Tamil Nadu,Kattivakkam
India,Tamil Nadu,Kattupputtur
India,Tamil Nadu,Kaveripatnam
India,Tamil Nadu,Kayalpattinam
India,Tamil Nadu,Kayattar
India,Tamil Nadu,Keelakarai
India,Tamil Nadu,Kelamangalam
India,Tamil Nadu,Kil Bhuvanagiri
India,Tamil Nadu,Kilvelur
India,Tamil Nadu,Kiranur
India,Tamil Nadu,Kodaikanal
India,Tamil Nadu,Kodumudi
India,Tamil Nadu,Kombai
India,Tamil Nadu,Konganapuram
India,Tamil Nadu,Koothanallur
India,Tamil Nadu,Koradachcheri
India,Tamil Nadu,Korampallam
India,Tamil Nadu,Kotagiri
India,Tamil Nadu,Kottaiyur
India,Tamil Nadu,Kovilpatti
India,Tamil Nadu,Krishnagiri
India,Tamil Nadu,Kulattur
India,Tamil Nadu,Kulittalai
India,Tamil Nadu,Kumaralingam
India,Tamil Nadu,Kumbakonam
India,Tamil Nadu,Kunnattur
India,Tamil Nadu,Kurinjippadi
India,Tamil Nadu,Kuttalam
India,Tamil Nadu,Kuzhithurai
India,Tamil Nadu,Lalgudi
India,Tamil Nadu,Madambakkam
India,Tamil Nadu,Madipakkam
India,Tamil Nadu,Madukkarai
India,Tamil Nadu,Madukkur
India,Tamil Nadu,Madurai
India,Tamil Nadu,Madurantakam
India,Tamil Nadu,Mallapuram
India,Tamil Nadu,Mallasamudram
India,Tamil Nadu,Mallur
India,Tamil Nadu,Manali
India,Tamil Nadu,Manalurpettai
India,Tamil Nadu,Manamadurai
India,Tamil Nadu,Manappakkam
India,Tamil Nadu,Manapparai
India,Tamil Nadu,Manavalakurichi
India,Tamil Nadu,Mandapam
India,Tamil Nadu,Mangalam
India,Tamil Nadu,Mannargudi
India,Tamil Nadu,Marakkanam
India,Tamil Nadu,Marandahalli
India,Tamil Nadu,Masinigudi
India,Tamil Nadu,Mattur
India,Tamil Nadu,Mayiladuthurai
India,Tamil Nadu,Melur
India,Tamil Nadu,Mettuppalaiyam
India,Tamil Nadu,Mettur
India,Tamil Nadu,Minjur
India,Tamil Nadu,Mohanur
India,Tamil Nadu,Mudukulattur
India,Tamil Nadu,Mulanur
India,Tamil Nadu,Musiri
India,Tamil Nadu,Muttupet
India,Tamil Nadu,Naduvattam
India,Tamil Nadu,Nagapattinam
India,Tamil Nadu,Nagercoil
India,Tamil Nadu,Namagiripettai
India,Tamil Nadu,Namakkal
India,Tamil Nadu,Nambiyur
India,Tamil Nadu,Nambutalai
India,Tamil Nadu,Nandambakkam
India,Tamil Nadu,Nangavalli
India,Tamil Nadu,Nangilickondan
India,Tamil Nadu,Nanguneri
India,Tamil Nadu,Nannilam
India,Tamil Nadu,Naravarikuppam
India,Tamil Nadu,Nattam
India,Tamil Nadu,Nattarasankottai
India,Tamil Nadu,Needamangalam
India,Tamil Nadu,Neelankarai
India,Tamil Nadu,Negapatam
India,Tamil Nadu,Nellikkuppam
India,Tamil Nadu,Nilakottai
India,Tamil Nadu,Nilgiris
India,Tamil Nadu,Odugattur
India,Tamil Nadu,Omalur
India,Tamil Nadu,Ooty
India,Tamil Nadu,Padmanabhapuram
India,Tamil Nadu,Palakkodu
India,Tamil Nadu,Palamedu
India,Tamil Nadu,Palani
India,Tamil Nadu,Palavakkam
India,Tamil Nadu,Palladam
India,Tamil Nadu,Pallappatti
India,Tamil Nadu,Pallattur
India,Tamil Nadu,Pallavaram
India,Tamil Nadu,Pallikondai
India,Tamil Nadu,Pallipattu
India,Tamil Nadu,Pallippatti
India,Tamil Nadu,Panruti
India,Tamil Nadu,Papanasam
India,Tamil Nadu,Papireddippatti
India,Tamil Nadu,Papparappatti
India,Tamil Nadu,Paramagudi
India,Tamil Nadu,Pattukkottai
India,Tamil Nadu,Pennadam
India,Tamil Nadu,Pennagaram
India,Tamil Nadu,Pennathur
India,Tamil Nadu,Peraiyur
India,Tamil Nadu,Perambalur
India,Tamil Nadu,Peranamallur
India,Tamil Nadu,Peranampattu
India,Tamil Nadu,Peravurani
India,Tamil Nadu,Periyakulam
India,Tamil Nadu,Periyanayakkanpalaiyam
India,Tamil Nadu,Periyanegamam
India,Tamil Nadu,Periyapatti
India,Tamil Nadu,Periyapattinam
India,Tamil Nadu,Perundurai
India,Tamil Nadu,Perungudi
India,Tamil Nadu,Perur
India,Tamil Nadu,Pollachi
India,Tamil Nadu,Polur
India,Tamil Nadu,Ponnamaravati
India,Tamil Nadu,Ponneri
India,Tamil Nadu,Poonamalle
India,Tamil Nadu,Porur
India,Tamil Nadu,Pudukkottai
India,Tamil Nadu,Puduppatti
India,Tamil Nadu,Pudur
India,Tamil Nadu,Puduvayal
India,Tamil Nadu,Puliyangudi
India,Tamil Nadu,Puliyur
India,Tamil Nadu,Pullambadi
India,Tamil Nadu,Punjai Puliyampatti
India,Tamil Nadu,Rajapalaiyam
India,Tamil Nadu,Ramanathapuram
India,Tamil Nadu,Rameswaram
India,Tamil Nadu,Ranipet
India,Tamil Nadu,Rasipuram
India,Tamil Nadu,Saint Thomas Mount
India,Tamil Nadu,Salem
India,Tamil Nadu,Sathankulam
India,Tamil Nadu,Sathyamangalam
India,Tamil Nadu,Sattur
India,Tamil Nadu,Sayalkudi
India,Tamil Nadu,Seven Pagodas
India,Tamil Nadu,Sholinghur
India,Tamil Nadu,Singanallur
India,Tamil Nadu,Singapperumalkovil
India,Tamil Nadu,Sirkazhi
India,Tamil Nadu,Sirumugai
India,Tamil Nadu,Sivaganga
India,Tamil Nadu,Sivagiri
India,Tamil Nadu,Sivakasi
India,Tamil Nadu,Srimushnam
India,Tamil Nadu,Sriperumbudur
India,Tamil Nadu,Srivaikuntam
India,Tamil Nadu,Srivilliputhur
India,Tamil Nadu,Suchindram
India,Tamil Nadu,Sulur
India,Tamil Nadu,Surandai
India,Tamil Nadu,Swamimalai
India,Tamil Nadu,Tambaram
India,Tamil Nadu,Tanjore
India,Tamil Nadu,Taramangalam
India,Tamil Nadu,Tattayyangarpettai
India,Tamil Nadu,Thanjavur
India,Tamil Nadu,Tharangambadi
India,Tamil Nadu,Theni
India,Tamil Nadu,Thenkasi
India,Tamil Nadu,Thirukattupalli
India,Tamil Nadu,Thiruthani
India,Tamil Nadu,Thiruvaiyaru
India,Tamil Nadu,Thiruvallur
India,Tamil Nadu,Thiruvarur
India,Tamil Nadu,Thiruvidaimaruthur
India,Tamil Nadu,Thoothukudi
India,Tamil Nadu,Tindivanam
India,Tamil Nadu,Tinnanur
India,Tamil Nadu,Tiruchchendur
India,Tamil Nadu,Tiruchengode
India,Tamil Nadu,Tiruchirappalli
India,Tamil Nadu,Tirukkoyilur
India,Tamil Nadu,Tirumullaivasal
India,Tamil Nadu,Tirunelveli
India,Tamil Nadu,Tirunelveli Kattabo
India,Tamil Nadu,Tiruppalaikudi
India,Tamil Nadu,Tirupparangunram
India,Tamil Nadu,Tiruppur
India,Tamil Nadu,Tiruppuvanam
India,Tamil Nadu,Tiruttangal
India,Tamil Nadu,Tiruvannamalai
India,Tamil Nadu,Tiruvottiyur
India,Tamil Nadu,Tisaiyanvilai
India,Tamil Nadu,Tondi
India,Tamil Nadu,Turaiyur
India,Tamil Nadu,Udangudi
India,Tamil Nadu,Udumalaippettai
India,Tamil Nadu,Uppiliyapuram
India,Tamil Nadu,Usilampatti
India,Tamil Nadu,Uttamapalaiyam
India,Tamil Nadu,Uttiramerur
India,Tamil Nadu,Uttukkuli
India,Tamil Nadu,V.S.K.Valasai (Dindigul-Dist.)
India,Tamil Nadu,Vadakku Valliyur
India,Tamil Nadu,Vadakku Viravanallur
India,Tamil Nadu,Vadamadurai
India,Tamil Nadu,Vadippatti
India,Tamil Nadu,Valangaiman
India,Tamil Nadu,Valavanur
India,Tamil Nadu,Vallam
India,Tamil Nadu,Valparai
India,Tamil Nadu,Vandalur
India,Tamil Nadu,Vandavasi
India,Tamil Nadu,Vaniyambadi
India,Tamil Nadu,Vasudevanallur
India,Tamil Nadu,Vattalkundu
India,Tamil Nadu,Vedaraniyam
India,Tamil Nadu,Vedasandur
India,Tamil Nadu,Velankanni
India,Tamil Nadu,Vellanur
India,Tamil Nadu,Vellore
India,Tamil Nadu,Velur
India,Tamil Nadu,Vengavasal
India,Tamil Nadu,Vettaikkaranpudur
India,Tamil Nadu,Vettavalam
India,Tamil Nadu,Vijayapuri
India,Tamil Nadu,Vikravandi
India,Tamil Nadu,Vilattikulam
India,Tamil Nadu,Villupuram
India,Tamil Nadu,Viraganur
India,Tamil Nadu,Virudhunagar
India,Tamil Nadu,Vriddhachalam
India,Tamil Nadu,Walajapet
India,Tamil Nadu,Wallajahbad
India,Tamil Nadu,Wellington
India,Telangana,Adilabad
India,Telangana,Alampur
India,Telangana,Andol
India,Telangana,Asifabad
India,Telangana,Balapur
India,Telangana,Banswada
India,Telangana,Bellampalli
India,Telangana,Bhadrachalam
India,Telangana,Bhadradri Kothagudem
India,Telangana,Bhaisa
India,Telangana,Bhongir
India,Telangana,Bodhan
India,Telangana,Chandur
India,Telangana,Chatakonda
India,Telangana,Dasnapur
India,Telangana,Devarkonda
India,Telangana,Dornakal
India,Telangana,Farrukhnagar
India,Telangana,Gaddi Annaram
India,Telangana,Gadwal
India,Telangana,Ghatkesar
India,Telangana,Gopalur
India,Telangana,Gudur
India,Telangana,Hyderabad
India,Telangana,Jagtial
India,Telangana,Jangaon
India,Telangana,Jayashankar Bhupalapally
India,Telangana,Jogulamba Gadwal
India,Telangana,Kagaznagar
India,Telangana,Kamareddi
India,Telangana,Kamareddy
India,Telangana,Karimnagar
India,Telangana,Khammam
India,Telangana,Kodar
India,Telangana,Koratla
India,Telangana,Kothapet
India,Telangana,Kottagudem
India,Telangana,Kottapalli
India,Telangana,Kukatpally
India,Telangana,Kyathampalle
India,Telangana,Lakshettipet
India,Telangana,Lal Bahadur Nagar
India,Telangana,Mahabubabad
India,Telangana,Mahbubnagar
India,Telangana,Malkajgiri
India,Telangana,Mancheral
India,Telangana,Mandamarri
India,Telangana,Manthani
India,Telangana,Manuguru
India,Telangana,Medak
India,Telangana,Medchal
India,Telangana,Medchal Malkajgiri
India,Telangana,Mirialguda
India,Telangana,Nagar Karnul
India,Telangana,Nalgonda
India,Telangana,Narayanpet
India,Telangana,Narsingi
India,Telangana,Naspur
India,Telangana,Nirmal
India,Telangana,Nizamabad
India,Telangana,Paloncha
India,Telangana,Palwancha
India,Telangana,Patancheru
India,Telangana,Peddapalli
India,Telangana,Quthbullapur
India,Telangana,Rajanna Sircilla
India,Telangana,Ramagundam
India,Telangana,Ramgundam
India,Telangana,Rangareddi
India,Telangana,Sadaseopet
India,Telangana,Sangareddi
India,Telangana,Sathupalli
India,Telangana,Secunderabad
India,Telangana,Serilingampalle
India,Telangana,Siddipet
India,Telangana,Singapur
India,Telangana,Sirpur
India,Telangana,Sirsilla
India,Telangana,Sriramnagar
India,Telangana,Suriapet
India,Telangana,Tandur
India,Telangana,Uppal Kalan
India,Telangana,Vemalwada
India,Telangana,Vikarabad
India,Telangana,Wanparti
India,Telangana,Warangal
India,Telangana,Yellandu
India,Telangana,Zahirabad
India,Tripura,Agartala
India,Tripura,Amarpur
India,Tripura,Ambasa
India,Tripura,Barjala
India,Tripura,Belonia
India,Tripura,Dhalai
India,Tripura,Dharmanagar
India,Tripura,Gomati
India,Tripura,Kailashahar
India,Tripura,Kamalpur
India,Tripura,Khowai
India,Tripura,North Tripura
India,Tripura,Ranir Bazar
India,Tripura,Sabrum
India,Tripura,Sonamura
India,Tripura,South Tripura
India,Tripura,Udaipur
India,Tripura,Unakoti
India,Tripura,West Tripura
India,Uttar Pradesh,Achhnera
India,Uttar Pradesh,Afzalgarh
India,Uttar Pradesh,Agra
India,Uttar Pradesh,Ahraura
India,Uttar Pradesh,Aidalpur
India,Uttar Pradesh,Airwa
India,Uttar Pradesh,Akbarpur
India,Uttar Pradesh,Akola
India,Uttar Pradesh,Aliganj
India,Uttar Pradesh,Aligarh
India,Uttar Pradesh,Allahabad
India,Uttar Pradesh,Allahganj
India,Uttar Pradesh,Amanpur
India,Uttar Pradesh,Amauli
India,Uttar Pradesh,Ambahta
India,Uttar Pradesh,Ambedkar Nagar
India,Uttar Pradesh,Amethi
India,Uttar Pradesh,Amroha
India,Uttar Pradesh,Anandnagar
India,Uttar Pradesh,Antu
India,Uttar Pradesh,Anupshahr
India,Uttar Pradesh,Aonla
India,Uttar Pradesh,Araul
India,Uttar Pradesh,Asalatganj
India,Uttar Pradesh,Atarra
India,Uttar Pradesh,Atrauli
India,Uttar Pradesh,Atraulia
India,Uttar Pradesh,Auraiya
India,Uttar Pradesh,Auras
India,Uttar Pradesh,Ayodhya
India,Uttar Pradesh,Azamgarh
India,Uttar Pradesh,Azizpur
India,Uttar Pradesh,Baberu
India,Uttar Pradesh,Babina
India,Uttar Pradesh,Babrala
India,Uttar Pradesh,Babugarh
India,Uttar Pradesh,Bachhraon
India,Uttar Pradesh,Bachhrawan
India,Uttar Pradesh,Baghpat
India,Uttar Pradesh,Baghra
India,Uttar Pradesh,Bah
India,Uttar Pradesh,Baheri
India,Uttar Pradesh,Bahjoi
India,Uttar Pradesh,Bahraich
India,Uttar Pradesh,Bahraigh
India,Uttar Pradesh,Bahsuma
India,Uttar Pradesh,Bahua
India,Uttar Pradesh,Bajna
India,Uttar Pradesh,Bakewar
India,Uttar Pradesh,Baksar
India,Uttar Pradesh,Balamau
India,Uttar Pradesh,Baldeo
India,Uttar Pradesh,Baldev
India,Uttar Pradesh,Ballia
India,Uttar Pradesh,Balrampur
India,Uttar Pradesh,Banat
India,Uttar Pradesh,Banbasa
India,Uttar Pradesh,Banda
India,Uttar Pradesh,Bangarmau
India,Uttar Pradesh,Bansdih
India,Uttar Pradesh,Bansgaon
India,Uttar Pradesh,Bansi
India,Uttar Pradesh,Banthra
India,Uttar Pradesh,Bara Banki
India,Uttar Pradesh,Baragaon
India,Uttar Pradesh,Baraut
India,Uttar Pradesh,Bareilly
India,Uttar Pradesh,Barhalganj
India,Uttar Pradesh,Barkhera
India,Uttar Pradesh,Barkhera Kalan
India,Uttar Pradesh,Barokhar
India,Uttar Pradesh,Barsana
India,Uttar Pradesh,Barwar (Lakhimpur Kheri)
India,Uttar Pradesh,Basti
India,Uttar Pradesh,Behat
India,Uttar Pradesh,Bela
India,Uttar Pradesh,Belthara
India,Uttar Pradesh,Beniganj
India,Uttar Pradesh,Beswan
India,Uttar Pradesh,Bewar
India,Uttar Pradesh,Bhadarsa
India,Uttar Pradesh,Bhadohi
India,Uttar Pradesh,Bhagwantnagar
India,Uttar Pradesh,Bharatpura
India,Uttar Pradesh,Bhargain
India,Uttar Pradesh,Bharthana
India,Uttar Pradesh,Bharwari
India,Uttar Pradesh,Bhaupur
India,Uttar Pradesh,Bhimtal
India,Uttar Pradesh,Bhinga
India,Uttar Pradesh,Bhognipur
India,Uttar Pradesh,Bhongaon
India,Uttar Pradesh,Bidhnu
India,Uttar Pradesh,Bidhuna
India,Uttar Pradesh,Bighapur
India,Uttar Pradesh,Bighapur Khurd
India,Uttar Pradesh,Bijnor
India,Uttar Pradesh,Bikapur
India,Uttar Pradesh,Bilari
India,Uttar Pradesh,Bilariaganj
India,Uttar Pradesh,Bilaspur
India,Uttar Pradesh,Bilgram
India,Uttar Pradesh,Bilhaur
India,Uttar Pradesh,Bilsanda
India,Uttar Pradesh,Bilsi
India,Uttar Pradesh,Bilthra
India,Uttar Pradesh,Binauli
India,Uttar Pradesh,Binaur
India,Uttar Pradesh,Bindki
India,Uttar Pradesh,Birdpur
India,Uttar Pradesh,Birpur
India,Uttar Pradesh,Bisalpur
India,Uttar Pradesh,Bisanda Buzurg
India,Uttar Pradesh,Bisauli
India,Uttar Pradesh,Bisenda Buzurg
India,Uttar Pradesh,Bishunpur Urf Maharajganj
India,Uttar Pradesh,Biswan
India,Uttar Pradesh,Bithur
India,Uttar Pradesh,Budaun
India,Uttar Pradesh,Budhana
India,Uttar Pradesh,Bulandshahr
India,Uttar Pradesh,Captainganj
India,Uttar Pradesh,Chail
India,Uttar Pradesh,Chakia
India,Uttar Pradesh,Chandauli
India,Uttar Pradesh,Chandauli District
India,Uttar Pradesh,Chandausi
India,Uttar Pradesh,Chandpur
India,Uttar Pradesh,Chanduasi
India,Uttar Pradesh,Charkhari
India,Uttar Pradesh,Charthawal
India,Uttar Pradesh,Chhaprauli
India,Uttar Pradesh,Chharra
India,Uttar Pradesh,Chhata
India,Uttar Pradesh,Chhibramau
India,Uttar Pradesh,Chhitauni
India,Uttar Pradesh,Chhutmalpur
India,Uttar Pradesh,Chillupar
India,Uttar Pradesh,Chirgaon
India,Uttar Pradesh,Chitrakoot
India,Uttar Pradesh,Chitrakoot Dham
India,Uttar Pradesh,Chopan
India,Uttar Pradesh,Chunar
India,Uttar Pradesh,Churk
India,Uttar Pradesh,Colonelganj
India,Uttar Pradesh,Dadri
India,Uttar Pradesh,Dalmau
India,Uttar Pradesh,Dankaur
India,Uttar Pradesh,Daraganj
India,Uttar Pradesh,Daranagar
India,Uttar Pradesh,Dasna
India,Uttar Pradesh,Dataganj
India,Uttar Pradesh,Daurala
India,Uttar Pradesh,Dayal Bagh
India,Uttar Pradesh,Deoband
India,Uttar Pradesh,Deogarh
India,Uttar Pradesh,Deoranian
India,Uttar Pradesh,Deoria
India,Uttar Pradesh,Derapur
India,Uttar Pradesh,Dewa
India,Uttar Pradesh,Dhampur
India,Uttar Pradesh,Dhanaura
India,Uttar Pradesh,Dhanghata
India,Uttar Pradesh,Dharau
India,Uttar Pradesh,Dhaurahra
India,Uttar Pradesh,Dibai
India,Uttar Pradesh,Divrasai
India,Uttar Pradesh,Dohrighat
India,Uttar Pradesh,Domariaganj
India,Uttar Pradesh,Dostpur
India,Uttar Pradesh,Dudhi
India,Uttar Pradesh,Etah
India,Uttar Pradesh,Etawah
India,Uttar Pradesh,Etmadpur
India,Uttar Pradesh,Faizabad
India,Uttar Pradesh,Farah
India,Uttar Pradesh,Faridnagar
India,Uttar Pradesh,Faridpur
India,Uttar Pradesh,Farrukhabad
India,Uttar Pradesh,Fatehabad
India,Uttar Pradesh,Fatehganj West
India,Uttar Pradesh,Fatehgarh
India,Uttar Pradesh,Fatehpur
India,Uttar Pradesh,Fatehpur (Barabanki)
India,Uttar Pradesh,Fatehpur Chaurasi
India,Uttar Pradesh,Fatehpur Sikri
India,Uttar Pradesh,Firozabad
India,Uttar Pradesh,Fyzabad
India,Uttar Pradesh,Gahlon
India,Uttar Pradesh,Gahmar
India,Uttar Pradesh,Gaini
India,Uttar Pradesh,Gajraula
India,Uttar Pradesh,Gangoh
India,Uttar Pradesh,Ganj Dundawara
India,Uttar Pradesh,Ganj Dundwara
India,Uttar Pradesh,Ganj Muradabad
India,Uttar Pradesh,Garautha
India,Uttar Pradesh,Garhi Pukhta
India,Uttar Pradesh,Garhmuktesar
India,Uttar Pradesh,Garhwa
India,Uttar Pradesh,Gauriganj
India,Uttar Pradesh,Gautam Buddha Nagar
India,Uttar Pradesh,Gawan
India,Uttar Pradesh,Ghatampur
India,Uttar Pradesh,Ghaziabad
India,Uttar Pradesh,Ghazipur
India,Uttar Pradesh,Ghiror
India,Uttar Pradesh,Ghorawal
India,Uttar Pradesh,Ghosi
India,Uttar Pradesh,Gohand
India,Uttar Pradesh,Gokul
India,Uttar Pradesh,Gola Bazar
India,Uttar Pradesh,Gola Gokarannath
India,Uttar Pradesh,Gonda
India,Uttar Pradesh,Gopamau
India,Uttar Pradesh,Gorakhpur
India,Uttar Pradesh,Gosainganj
India,Uttar Pradesh,Goshainganj
India,Uttar Pradesh,Govardhan
India,Uttar Pradesh,Greater Noida
India,Uttar Pradesh,Gulaothi
India,Uttar Pradesh,Gunnaur
India,Uttar Pradesh,Gursahaiganj
India,Uttar Pradesh,Gursarai
India,Uttar Pradesh,Gyanpur
India,Uttar Pradesh,Haldaur
India,Uttar Pradesh,Hamirpur
India,Uttar Pradesh,Handia
India,Uttar Pradesh,Hapur
India,Uttar Pradesh,Haraipur
India,Uttar Pradesh,Haraiya
India,Uttar Pradesh,Harchandpur
India,Uttar Pradesh,Hardoi
India,Uttar Pradesh,Harduaganj
India,Uttar Pradesh,Hasanpur
India,Uttar Pradesh,Hastinapur
India,Uttar Pradesh,Hata
India,Uttar Pradesh,Hata (India)
India,Uttar Pradesh,Hathras
India,Uttar Pradesh,Hulas
India,Uttar Pradesh,Ibrahimpur
India,Uttar Pradesh,Iglas
India,Uttar Pradesh,Ikauna
India,Uttar Pradesh,Indergarh
India,Uttar Pradesh,Indragarh
India,Uttar Pradesh,Islamnagar
India,Uttar Pradesh,Islamnagar (Badaun)
India,Uttar Pradesh,Itaunja
India,Uttar Pradesh,Itimadpur
India,Uttar Pradesh,Jagdishpur
India,Uttar Pradesh,Jagnair
India,Uttar Pradesh,Jahanabad
India,Uttar Pradesh,Jahanabad (Pilibhit)
India,Uttar Pradesh,Jahangirabad
India,Uttar Pradesh,Jahangirpur
India,Uttar Pradesh,Jainpur
India,Uttar Pradesh,Jais
India,Uttar Pradesh,Jalalabad
India,Uttar Pradesh,Jalali
India,Uttar Pradesh,Jalalpur
India,Uttar Pradesh,Jalaun
India,Uttar Pradesh,Jalesar
India,Uttar Pradesh,Janghai
India,Uttar Pradesh,Jansath
India,Uttar Pradesh,Jarwa
India,Uttar Pradesh,Jarwal
India,Uttar Pradesh,Jasrana
India,Uttar Pradesh,Jaswantnagar
India,Uttar Pradesh,Jaunpur
India,Uttar Pradesh,Jewar
India,Uttar Pradesh,Jhajhar
India,Uttar Pradesh,Jhalu
India,Uttar Pradesh,Jhansi
India,Uttar Pradesh,Jhinjhak
India,Uttar Pradesh,Jhinjhana
India,Uttar Pradesh,Jhusi
India,Uttar Pradesh,Jiyanpur
India,Uttar Pradesh,Jyotiba Phule Nagar
India,Uttar Pradesh,Kabrai
India,Uttar Pradesh,Kachhwa
India,Uttar Pradesh,Kadaura
India,Uttar Pradesh,Kadipur
India,Uttar Pradesh,Kagarol
India,Uttar Pradesh,Kaimganj
India,Uttar Pradesh,Kairana
India,Uttar Pradesh,Kakori
India,Uttar Pradesh,Kakrala
India,Uttar Pradesh,Kalinagar
India,Uttar Pradesh,Kalpi
India,Uttar Pradesh,Kalyanpur
India,Uttar Pradesh,Kamalganj
India,Uttar Pradesh,Kampil
India,Uttar Pradesh,Kandhla
India,Uttar Pradesh,Kannauj
India,Uttar Pradesh,Kanpur
India,Uttar Pradesh,Kanpur Dehat
India,Uttar Pradesh,Kant
India,Uttar Pradesh,Kanth
India,Uttar Pradesh,Kaptanganj
India,Uttar Pradesh,Kara
India,Uttar Pradesh,Karari
India,Uttar Pradesh,Karbigwan
India,Uttar Pradesh,Karchana
India,Uttar Pradesh,Karhal
India,Uttar Pradesh,Kasganj
India,Uttar Pradesh,Katra
India,Uttar Pradesh,Kausani
India,Uttar Pradesh,Kaushambi District
India,Uttar Pradesh,Kemri
India,Uttar Pradesh,Khada
India,Uttar Pradesh,Khaga
India,Uttar Pradesh,Khailar
India,Uttar Pradesh,Khair
India,Uttar Pradesh,Khairabad
India,Uttar Pradesh,Khalilabad
India,Uttar Pradesh,Khanpur
India,Uttar Pradesh,Kharela
India,Uttar Pradesh,Khargupur
India,Uttar Pradesh,Kharkhauda
India,Uttar Pradesh,Khatauli
India,Uttar Pradesh,Khekra
India,Uttar Pradesh,Kheri
India,Uttar Pradesh,Khudaganj
India,Uttar Pradesh,Khurja
India,Uttar Pradesh,Khutar
India,Uttar Pradesh,Kirakat
India,Uttar Pradesh,Kiraoli
India,Uttar Pradesh,Kiratpur
India,Uttar Pradesh,Kishanpur
India,Uttar Pradesh,Kishanpur baral
India,Uttar Pradesh,Kishni
India,Uttar Pradesh,Kithor
India,Uttar Pradesh,Konch
India,Uttar Pradesh,Kopaganj
India,Uttar Pradesh,Kosi
India,Uttar Pradesh,Kota
India,Uttar Pradesh,Kotra
India,Uttar Pradesh,Kuchesar
India,Uttar Pradesh,Kudarkot
India,Uttar Pradesh,Kulpahar
India,Uttar Pradesh,Kunda
India,Uttar Pradesh,Kundarkhi
India,Uttar Pradesh,Kundarki
India,Uttar Pradesh,Kurara
India,Uttar Pradesh,Kurebharsaidkhanpur
India,Uttar Pradesh,Kushinagar
India,Uttar Pradesh,Kusmara
India,Uttar Pradesh,Kuthaund
India,Uttar Pradesh,Laharpur
India,Uttar Pradesh,Lakhimpur
India,Uttar Pradesh,Lakhna
India,Uttar Pradesh,Lalganj
India,Uttar Pradesh,Lalitpur
India,Uttar Pradesh,Lambhua
India,Uttar Pradesh,Lar
India,Uttar Pradesh,Lawar
India,Uttar Pradesh,Lawar Khas
India,Uttar Pradesh,Loni
India,Uttar Pradesh,Lucknow
India,Uttar Pradesh,Lucknow District
India,Uttar Pradesh,Machhali Shahar
India,Uttar Pradesh,Machhlishahr
India,Uttar Pradesh,Madhoganj
India,Uttar Pradesh,Madhogarh
India,Uttar Pradesh,Maghar
India,Uttar Pradesh,Mahaban
India,Uttar Pradesh,Maharajganj
India,Uttar Pradesh,Mahmudabad
India,Uttar Pradesh,Mahoba
India,Uttar Pradesh,Maholi
India,Uttar Pradesh,Mahrajganj
India,Uttar Pradesh,Mahrajganj (Raebareli)
India,Uttar Pradesh,Mahroni
India,Uttar Pradesh,Mahul
India,Uttar Pradesh,Mailani
India,Uttar Pradesh,Mainpuri
India,Uttar Pradesh,Majhupur
India,Uttar Pradesh,Makanpur
India,Uttar Pradesh,Malasa
India,Uttar Pradesh,Malihabad
India,Uttar Pradesh,Mandawar
India,Uttar Pradesh,Maniar
India,Uttar Pradesh,Manikpur
India,Uttar Pradesh,Manjhanpur
India,Uttar Pradesh,Mankapur
India,Uttar Pradesh,Marahra
India,Uttar Pradesh,Mariahu
India,Uttar Pradesh,Mataundh
India,Uttar Pradesh,Mathura
India,Uttar Pradesh,Mau
India,Uttar Pradesh,Mau Aima
India,Uttar Pradesh,Mau Aimma
India,Uttar Pradesh,Maudaha
India,Uttar Pradesh,Maurawan
India,Uttar Pradesh,Mawana
India,Uttar Pradesh,Mawar
India,Uttar Pradesh,Meerut
India,Uttar Pradesh,Mehdawal
India,Uttar Pradesh,Mehnagar
India,Uttar Pradesh,Mehndawal
India,Uttar Pradesh,Milak
India,Uttar Pradesh,Milkipur
India,Uttar Pradesh,Miranpur
India,Uttar Pradesh,Miranpur Katra
India,Uttar Pradesh,Mirganj
India,Uttar Pradesh,Mirzapur
India,Uttar Pradesh,Misrikh
India,Uttar Pradesh,Mohan
India,Uttar Pradesh,Mohanpur
India,Uttar Pradesh,Moradabad
India,Uttar Pradesh,Moth
India,Uttar Pradesh,Mubarakpur
India,Uttar Pradesh,Mughal Sarai
India,Uttar Pradesh,Muhammadabad
India,Uttar Pradesh,Mukteshwar
India,Uttar Pradesh,Mungra Badshahpur
India,Uttar Pradesh,Munsyari
India,Uttar Pradesh,Muradabad
India,Uttar Pradesh,Muradnagar
India,Uttar Pradesh,Mursan
India,Uttar Pradesh,Musafir-Khana
India,Uttar Pradesh,Musafirkhana
India,Uttar Pradesh,Muzaffarnagar
India,Uttar Pradesh,Nadigaon
India,Uttar Pradesh,Nagina
India,Uttar Pradesh,Nagla
India,Uttar Pradesh,Nagram
India,Uttar Pradesh,Najibabad
India,Uttar Pradesh,Nakur
India,Uttar Pradesh,Nanauta
India,Uttar Pradesh,Nandgaon
India,Uttar Pradesh,Nanpara
India,Uttar Pradesh,Narauli
India,Uttar Pradesh,Naraura
India,Uttar Pradesh,Narora
India,Uttar Pradesh,Naugama
India,Uttar Pradesh,Naurangpur
India,Uttar Pradesh,Nautanwa
India,Uttar Pradesh,Nawabganj
India,Uttar Pradesh,Nawabganj (Barabanki)
India,Uttar Pradesh,Nawabganj (Bareilly)
India,Uttar Pradesh,Newara
India,Uttar Pradesh,Nichlaul
India,Uttar Pradesh,Nigoh
India,Uttar Pradesh,Nihtaur
India,Uttar Pradesh,Niwari
India,Uttar Pradesh,Nizamabad
India,Uttar Pradesh,Noida
India,Uttar Pradesh,Nurpur
India,Uttar Pradesh,Obra
India,Uttar Pradesh,Orai
India,Uttar Pradesh,Oran
India,Uttar Pradesh,Pachperwa
India,Uttar Pradesh,Padrauna
India,Uttar Pradesh,Pahasu
India,Uttar Pradesh,Paigaon
India,Uttar Pradesh,Pali
India,Uttar Pradesh,Palia Kalan
India,Uttar Pradesh,Paras Rampur
India,Uttar Pradesh,Parichha
India,Uttar Pradesh,Parichhatgarh
India,Uttar Pradesh,Parshadepur
India,Uttar Pradesh,Pathakpura
India,Uttar Pradesh,Patiali
India,Uttar Pradesh,Patti
India,Uttar Pradesh,Pawayan
India,Uttar Pradesh,Payagpur
India,Uttar Pradesh,Phalauda
India,Uttar Pradesh,Phaphamau
India,Uttar Pradesh,Phaphund
India,Uttar Pradesh,Phariha
India,Uttar Pradesh,Pheona
India,Uttar Pradesh,Phulpur
India,Uttar Pradesh,Pichhaura
India,Uttar Pradesh,Pihani
India,Uttar Pradesh,Pilibhit
India,Uttar Pradesh,Pilkhua
India,Uttar Pradesh,Pilkhuwa
India,Uttar Pradesh,Pinahat
India,Uttar Pradesh,Pipraich
India,Uttar Pradesh,Pipri
India,Uttar Pradesh,Pratapgarh
India,Uttar Pradesh,Prayagraj (Allahabad)
India,Uttar Pradesh,Pukhrayan
India,Uttar Pradesh,Puranpur
India,Uttar Pradesh,Purmafi
India,Uttar Pradesh,Purwa
India,Uttar Pradesh,Qadirganj
India,Uttar Pradesh,Rabupura
India,Uttar Pradesh,Radha Kund
India,Uttar Pradesh,Radhakund
India,Uttar Pradesh,Raebareli
India,Uttar Pradesh,Rajapur
India,Uttar Pradesh,Ramkola
India,Uttar Pradesh,Ramnagar
India,Uttar Pradesh,Rampur
India,Uttar Pradesh,Rampura
India,Uttar Pradesh,Ranipur
India,Uttar Pradesh,Ranipur Barsi
India,Uttar Pradesh,Rasra
India,Uttar Pradesh,Rasulabad
India,Uttar Pradesh,Rath
India,Uttar Pradesh,Raya
India,Uttar Pradesh,Rehar
India,Uttar Pradesh,Renukoot
India,Uttar Pradesh,Renukut
India,Uttar Pradesh,Reoti
India,Uttar Pradesh,Reotipur
India,Uttar Pradesh,Richha
India,Uttar Pradesh,Robertsganj
India,Uttar Pradesh,Rudarpur
India,Uttar Pradesh,Rudauli
India,Uttar Pradesh,Rura
India,Uttar Pradesh,Sabalpur
India,Uttar Pradesh,Sachendi
India,Uttar Pradesh,Sadabad
India,Uttar Pradesh,Sadat
India,Uttar Pradesh,Safipur
India,Uttar Pradesh,Saharanpur
India,Uttar Pradesh,Sahaspur
India,Uttar Pradesh,Sahaswan
India,Uttar Pradesh,Sahawar
India,Uttar Pradesh,Sahibabad
India,Uttar Pradesh,Sahpau
India,Uttar Pradesh,Saidpur
India,Uttar Pradesh,Sakhanu
India,Uttar Pradesh,Sakit
India,Uttar Pradesh,Salempur
India,Uttar Pradesh,Salon
India,Uttar Pradesh,Sambhal
India,Uttar Pradesh,Samthar
India,Uttar Pradesh,Sandi
India,Uttar Pradesh,Sandila
India,Uttar Pradesh,Sant Kabir Nagar
India,Uttar Pradesh,Sant Ravi Das Nagar
India,Uttar Pradesh,Sarai Akil
India,Uttar Pradesh,Sarai Ekdil
India,Uttar Pradesh,Sarai Mir
India,Uttar Pradesh,Sarauli
India,Uttar Pradesh,Sardhana
India,Uttar Pradesh,Sarila
India,Uttar Pradesh,Sarurpur
India,Uttar Pradesh,Sasni
India,Uttar Pradesh,Satrikh
India,Uttar Pradesh,Saurikh
India,Uttar Pradesh,Sector
India,Uttar Pradesh,Seohara
India,Uttar Pradesh,Shahabad
India,Uttar Pradesh,Shahganj
India,Uttar Pradesh,Shahi
India,Uttar Pradesh,Shahjahanpur
India,Uttar Pradesh,Shahpur
India,Uttar Pradesh,Shamli
India,Uttar Pradesh,Shamsabad
India,Uttar Pradesh,Shankargarh
India,Uttar Pradesh,Shergarh
India,Uttar Pradesh,Sherkot
India,Uttar Pradesh,Shibnagar
India,Uttar Pradesh,Shikarpur
India,Uttar Pradesh,Shikarpur (Bulandshahr)
India,Uttar Pradesh,Shikohabad
India,Uttar Pradesh,Shishgarh
India,Uttar Pradesh,Shivrajpur
India,Uttar Pradesh,Shrawasti
India,Uttar Pradesh,Siddharthnagar
India,Uttar Pradesh,Siddhaur
India,Uttar Pradesh,Sidhauli
India,Uttar Pradesh,Sidhpura
India,Uttar Pradesh,Sikandarabad
India,Uttar Pradesh,Sikandarpur
India,Uttar Pradesh,Sikandra
India,Uttar Pradesh,Sikandra Rao
India,Uttar Pradesh,Sikandrabad
India,Uttar Pradesh,Sirathu
India,Uttar Pradesh,Sirsa
India,Uttar Pradesh,Sirsaganj
India,Uttar Pradesh,Sirsi
India,Uttar Pradesh,Sisauli
India,Uttar Pradesh,Siswa Bazar
India,Uttar Pradesh,Sitapur
India,Uttar Pradesh,Sonbhadra
India,Uttar Pradesh,Soron
India,Uttar Pradesh,Suar
India,Uttar Pradesh,Sultanpur
India,Uttar Pradesh,Surianwan
India,Uttar Pradesh,Tajpur
India,Uttar Pradesh,Talbahat
India,Uttar Pradesh,Talgram
India,Uttar Pradesh,Tanda
India,Uttar Pradesh,Terha
India,Uttar Pradesh,Thakurdwara
India,Uttar Pradesh,Thana Bhawan
India,Uttar Pradesh,Tigri
India,Uttar Pradesh,Tikaitnagar
India,Uttar Pradesh,Tikri
India,Uttar Pradesh,Tilhar
India,Uttar Pradesh,Tilsahri
India,Uttar Pradesh,Tindwari
India,Uttar Pradesh,Titron
India,Uttar Pradesh,Tori Fatehpur
India,Uttar Pradesh,Tori-Fatehpur
India,Uttar Pradesh,Tulsipur
India,Uttar Pradesh,Tundla
India,Uttar Pradesh,Ugu
India,Uttar Pradesh,Ujhani
India,Uttar Pradesh,Umri
India,Uttar Pradesh,Un
India,Uttar Pradesh,Unnao
India,Uttar Pradesh,Usawan
India,Uttar Pradesh,Usehat
India,Uttar Pradesh,Uska
India,Uttar Pradesh,Utraula
India,Uttar Pradesh,Varanasi
India,Uttar Pradesh,Vindhyachal
India,Uttar Pradesh,Vrindavan
India,Uttar Pradesh,Walterganj
India,Uttar Pradesh,Wazirganj
India,Uttar Pradesh,Yusufpur
India,Uttar Pradesh,Zafarabad
India,Uttar Pradesh,Zaidpur
India,Uttar Pradesh,Zamania
India,Uttarakhand,Almora
India,Uttarakhand,Bageshwar
India,Uttarakhand,Barkot
India,Uttarakhand,Bazpur
India,Uttarakhand,Bhim Tal
India,Uttarakhand,Bhowali
India,Uttarakhand,Birbhaddar
India,Uttarakhand,Chakrata
India,Uttarakhand,Chamoli
India,Uttarakhand,Champawat
India,Uttarakhand,Clement Town
India,Uttarakhand,Dehradun
India,Uttarakhand,Devaprayag
India,Uttarakhand,Dharchula
India,Uttarakhand,Doiwala
India,Uttarakhand,Dugadda
India,Uttarakhand,Dwarahat
India,Uttarakhand,Garhwal
India,Uttarakhand,Haldwani
India,Uttarakhand,Harbatpur
India,Uttarakhand,Haridwar
India,Uttarakhand,Jaspur
India,Uttarakhand,Joshimath
India,Uttarakhand,Kaladhungi
India,Uttarakhand,Kalagarh Project Colony
India,Uttarakhand,Kashipur
India,Uttarakhand,Khatima
India,Uttarakhand,Kichha
India,Uttarakhand,Kotdwara
India,Uttarakhand,Laksar
India,Uttarakhand,Lansdowne
India,Uttarakhand,Lohaghat
India,Uttarakhand,Manglaur
India,Uttarakhand,Mussoorie
India,Uttarakhand,Naini Tal
India,Uttarakhand,Narendranagar
India,Uttarakhand,Pauri
India,Uttarakhand,Pipalkoti
India,Uttarakhand,Pithoragarh
India,Uttarakhand,Raipur
India,Uttarakhand,Raiwala Bara
India,Uttarakhand,Ramnagar
India,Uttarakhand,Ranikhet
India,Uttarakhand,Rishikesh
India,Uttarakhand,Roorkee
India,Uttarakhand,Rudraprayag
India,Uttarakhand,Sitarganj
India,Uttarakhand,Srinagar
India,Uttarakhand,Sultanpur
India,Uttarakhand,Tanakpur
India,Uttarakhand,Tehri
India,Uttarakhand,Tehri-Garhwal
India,Uttarakhand,Udham Singh Nagar
India,Uttarakhand,Uttarkashi
India,Uttarakhand,Vikasnagar
India,West Bengal,Adra
India,West Bengal,Ahmedpur
India,West Bengal,Aistala
India,West Bengal,Aknapur
India,West Bengal,Alipurduar
India,West Bengal,Amlagora
India,West Bengal,Amta
India,West Bengal,Amtala
India,West Bengal,Andal
India,West Bengal,Arambagh community development block
India,West Bengal,Asansol
India,West Bengal,Ashoknagar Kalyangarh
India,West Bengal,Badkulla
India,West Bengal,Baduria
India,West Bengal,Bagdogra
India,West Bengal,Bagnan
India,West Bengal,Bagula
India,West Bengal,Bahula
India,West Bengal,Baidyabati
India,West Bengal,Bakreswar
India,West Bengal,Balarampur
India,West Bengal,Bali Chak
India,West Bengal,Bally
India,West Bengal,Balurghat
India,West Bengal,Bamangola community development block
India,West Bengal,Baneswar
India,West Bengal,Bangaon
India,West Bengal,Bankra
India,West Bengal,Bankura
India,West Bengal,Bansberia
India,West Bengal,Bansihari community development block
India,West Bengal,Barabazar
India,West Bengal,Baranagar
India,West Bengal,Barasat
India,West Bengal,Bardhaman
India,West Bengal,Barjora
India,West Bengal,Barrackpore
India,West Bengal,Baruipur
India,West Bengal,Basanti
India,West Bengal,Basirhat
India,West Bengal,Bawali
India,West Bengal,Begampur
India,West Bengal,Belda
India,West Bengal,Beldanga
India,West Bengal,Beliatore
India,West Bengal,Berhampore
India,West Bengal,Bhadreswar
India,West Bengal,Bhandardaha
India,West Bengal,Bhatpara
India,West Bengal,Birbhum district
India,West Bengal,Birpara
India,West Bengal,Bishnupur
India,West Bengal,Bolpur
India,West Bengal,Budge Budge
India,West Bengal,Canning
India,West Bengal,Chakapara
India,West Bengal,Chakdaha
India,West Bengal,Champadanga
India,West Bengal,Champahati
India,West Bengal,Champdani
India,West Bengal,Chandannagar
India,West Bengal,Chandrakona
India,West Bengal,Chittaranjan
India,West Bengal,Churulia
India,West Bengal,Contai
India,West Bengal,Cooch Behar
India,West Bengal,Cossimbazar
India,West Bengal,Dakshin Dinajpur district
India,West Bengal,Dalkola
India,West Bengal,Dam Dam
India,West Bengal,Darjeeling
India,West Bengal,Daulatpur
India,West Bengal,Debagram
India,West Bengal,Debipur
India,West Bengal,Dhaniakhali community development block
India,West Bengal,Dhulagari
India,West Bengal,Dhulian
India,West Bengal,Dhupguri
India,West Bengal,Diamond Harbour
India,West Bengal,Digha
India,West Bengal,Dinhata
India,West Bengal,Domjur
India,West Bengal,Dubrajpur
India,West Bengal,Durgapur
India,West Bengal,Egra
India,West Bengal,Falakata
India,West Bengal,Farakka
India,West Bengal,Fort Gloster
India,West Bengal,Gaighata community development block
India,West Bengal,Gairkata
India,West Bengal,Gangadharpur
India,West Bengal,Gangarampur
India,West Bengal,Garui
India,West Bengal,Garulia
India,West Bengal,Ghatal
India,West Bengal,Giria
India,West Bengal,Gobardanga
India,West Bengal,Gobindapur
India,West Bengal,Gopalpur
India,West Bengal,Gopinathpur
India,West Bengal,Gorubathan
India,West Bengal,Gosaba
India,West Bengal,Gosanimari
India,West Bengal,Gurdaha
India,West Bengal,Guskhara
India,West Bengal,Habra
India,West Bengal,Haldia
India,West Bengal,Haldibari
India,West Bengal,Halisahar
India,West Bengal,Harindanga
India,West Bengal,Haringhata
India,West Bengal,Haripur
India,West Bengal,Hasimara
India,West Bengal,Hindusthan Cables Town
India,West Bengal,Hooghly district
India,West Bengal,Howrah
India,West Bengal,Ichapur
India,West Bengal,Indpur community development block
India,West Bengal,Ingraj Bazar
India,West Bengal,Islampur
India,West Bengal,Jafarpur
India,West Bengal,Jaigaon
India,West Bengal,Jalpaiguri
India,West Bengal,Jamuria
India,West Bengal,Jangipur
India,West Bengal,Jaynagar Majilpur
India,West Bengal,Jejur
India,West Bengal,Jhalida
India,West Bengal,Jhargram
India,West Bengal,Jhilimili
India,West Bengal,Kakdwip
India,West Bengal,Kalaikunda
India,West Bengal,Kaliaganj
India,West Bengal,Kalimpong
India,West Bengal,Kalna
India,West Bengal,Kalyani
India,West Bengal,Kamarhati
India,West Bengal,Kamarpukur
India,West Bengal,Kanchrapara
India,West Bengal,Kandi
India,West Bengal,Karimpur
India,West Bengal,Katwa
India,West Bengal,Kenda
India,West Bengal,Keshabpur
India,West Bengal,Kharagpur
India,West Bengal,Kharar
India,West Bengal,Kharba
India,West Bengal,Khardaha
India,West Bengal,Khatra
India,West Bengal,Kirnahar
India,West Bengal,Kolkata
India,West Bengal,Konnagar
India,West Bengal,Krishnanagar
India,West Bengal,Krishnapur
India,West Bengal,Kshirpai
India,West Bengal,Kulpi
India,West Bengal,Kultali
India,West Bengal,Kulti
India,West Bengal,Kurseong
India,West Bengal,Lalgarh
India,West Bengal,Lalgola
India,West Bengal,Loyabad
India,West Bengal,Madanpur
India,West Bengal,Madhyamgram
India,West Bengal,Mahiari
India,West Bengal,Mahishadal community development block
India,West Bengal,Mainaguri
India,West Bengal,Manikpara
India,West Bengal,Masila
India,West Bengal,Mathabhanga
India,West Bengal,Matiali community development block
India,West Bengal,Matigara community development block
India,West Bengal,Medinipur
India,West Bengal,Mejia community development block
India,West Bengal,Memari
India,West Bengal,Mirik
India,West Bengal,Monoharpur
India,West Bengal,Muragacha
India,West Bengal,Muri
India,West Bengal,Murshidabad
India,West Bengal,Nabadwip
India,West Bengal,Nabagram
India,West Bengal,Nadia district
India,West Bengal,Nagarukhra
India,West Bengal,Nagrakata
India,West Bengal,Naihati
India,West Bengal,Naksalbari
India,West Bengal,Nalhati
India,West Bengal,Nalpur
India,West Bengal,Namkhana community development block
India,West Bengal,Nandigram
India,West Bengal,Nangi
India,West Bengal,Nayagram community development block
India,West Bengal,North 24 Parganas district
India,West Bengal,Odlabari
India,West Bengal,Paikpara
India,West Bengal,Panagarh
India,West Bengal,Panchla
India,West Bengal,Panchmura
India,West Bengal,Pandua
India,West Bengal,Panihati
India,West Bengal,Panskura
India,West Bengal,Parbatipur
India,West Bengal,Paschim Medinipur district
India,West Bengal,Patiram
India,West Bengal,Patrasaer
India,West Bengal,Patuli
India,West Bengal,Pujali
India,West Bengal,Puncha community development block
India,West Bengal,Purba Medinipur district
India,West Bengal,Purulia
India,West Bengal,Raghudebbati
India,West Bengal,Raghunathpur
India,West Bengal,Raiganj
India,West Bengal,Rajmahal
India,West Bengal,Rajnagar community development block
India,West Bengal,Ramchandrapur
India,West Bengal,Ramjibanpur
India,West Bengal,Ramnagar
India,West Bengal,Rampur Hat
India,West Bengal,Ranaghat
India,West Bengal,Raniganj
India,West Bengal,Raypur
India,West Bengal,Rishra
India,West Bengal,Sahapur
India,West Bengal,Sainthia
India,West Bengal,Salanpur community development block
India,West Bengal,Sankarpur
India,West Bengal,Sankrail
India,West Bengal,Santipur
India,West Bengal,Santoshpur
India,West Bengal,Santuri community development block
India,West Bengal,Sarenga
India,West Bengal,Serampore
India,West Bengal,Serpur
India,West Bengal,Shyamnagar West Bengal
India,West Bengal,Siliguri
India,West Bengal,Singur
India,West Bengal,Sodpur
India,West Bengal,Solap
India,West Bengal,Sonada
India,West Bengal,Sonamukhi
India,West Bengal,Sonarpur community development block
India,West Bengal,South 24 Parganas district
India,West Bengal,Srikhanda
India,West Bengal,Srirampur
India,West Bengal,Suri
India,West Bengal,Swarupnagar community development block
India,West Bengal,Takdah
India,West Bengal,Taki
India,West Bengal,Tamluk
India,West Bengal,Tarakeswar
India,West Bengal,Titagarh
India,West Bengal,Tufanganj
India,West Bengal,Tulin
India,West Bengal,Uchalan
India,West Bengal,Ula
India,West Bengal,Uluberia
India,West Bengal,Uttar Dinajpur district
India,West Bengal,Uttarpara Kotrung
United Kingdom,England,Abbey Wood
United Kingdom,England,Abbots Bromley
United Kingdom,England,Abbots Langley
United Kingdom,England,Abbotskerswell
United Kingdom,England,Abbotts Ann
United Kingdom,England,Aberford
United Kingdom,England,Abingdon
United Kingdom,England,Abram
United Kingdom,England,Abridge
United Kingdom,England,Accrington
United Kingdom,England,Acklington
United Kingdom,England,Acle
United Kingdom,England,Acocks Green
United Kingdom,England,Acomb
United Kingdom,England,Acton
United Kingdom,England,Adderbury
United Kingdom,England,Addingham
United Kingdom,England,Addlestone
United Kingdom,England,Adlington
United Kingdom,England,Adwick le Street
United Kingdom,England,Airmyn
United Kingdom,England,Albrighton
United Kingdom,England,Alcester
United Kingdom,England,Alconbury
United Kingdom,England,Aldbourne
United Kingdom,England,Aldbrough
United Kingdom,England,Aldeburgh
United Kingdom,England,Alderbury
United Kingdom,England,Alderholt
United Kingdom,England,Alderley Edge
United Kingdom,England,Aldershot
United Kingdom,England,Aldford
United Kingdom,England,Aldridge
United Kingdom,England,Alford
United Kingdom,England,Alfreton
United Kingdom,England,Allhallows
United Kingdom,England,Almondsbury
United Kingdom,England,Alnwick
United Kingdom,England,Alresford
United Kingdom,England,Alrewas
United Kingdom,England,Alsager
United Kingdom,England,Alston
United Kingdom,England,Althorne
United Kingdom,England,Alton
United Kingdom,England,Altrincham
United Kingdom,England,Alvechurch
United Kingdom,England,Alveley
United Kingdom,England,Alveston
United Kingdom,England,Amble
United Kingdom,England,Ambleside
United Kingdom,England,Ambrosden
United Kingdom,England,Amersham
United Kingdom,England,Amersham on the Hill
United Kingdom,England,Amesbury
United Kingdom,England,Ampthill
United Kingdom,England,Ancaster
United Kingdom,England,Andover
United Kingdom,England,Anna Valley
United Kingdom,England,Annfield Plain
United Kingdom,England,Anstey
United Kingdom,England,Appleby
United Kingdom,England,Appleby-in-Westmorland
United Kingdom,England,Appledore
United Kingdom,England,Appleton Thorn
United Kingdom,England,Appley Bridge
United Kingdom,England,Archway
United Kingdom,England,Ardingly
United Kingdom,England,Arlesey
United Kingdom,England,Armitage
United Kingdom,England,Armthorpe
United Kingdom,England,Arnold
United Kingdom,England,Arnside
United Kingdom,England,Arundel
United Kingdom,England,Ascot
United Kingdom,England,Asfordby
United Kingdom,England,Ash
United Kingdom,England,Ashbourne
United Kingdom,England,Ashburton
United Kingdom,England,Ashby de la Zouch
United Kingdom,England,Ashford
United Kingdom,England,Ashill
United Kingdom,England,Ashington
United Kingdom,England,Ashtead
United Kingdom,England,Ashton in Makerfield
United Kingdom,England,Ashton Keynes
United Kingdom,England,Ashton-under-Lyne
United Kingdom,England,Ashurst
United Kingdom,England,Ashwell
United Kingdom,England,Askam in Furness
United Kingdom,England,Askern
United Kingdom,England,Aslockton
United Kingdom,England,Aspatria
United Kingdom,England,Aston
United Kingdom,England,Aston Clinton
United Kingdom,England,Aston-on-Trent
United Kingdom,England,Astwood Bank
United Kingdom,England,Atherstone
United Kingdom,England,Atherton
United Kingdom,England,Attleborough
United Kingdom,England,Atworth
United Kingdom,England,Auckley
United Kingdom,England,Audlem
United Kingdom,England,Audley
United Kingdom,England,Aveley
United Kingdom,England,Avening
United Kingdom,England,Awsworth
United Kingdom,England,Axbridge
United Kingdom,England,Axminster
United Kingdom,England,Aylesbury
United Kingdom,England,Aylesford
United Kingdom,England,Aylesham
United Kingdom,England,Aylsham
United Kingdom,England,Babworth
United Kingdom,England,Backworth
United Kingdom,England,Bacton
United Kingdom,England,Bacup
United Kingdom,England,Badsey
United Kingdom,England,Badsworth
United Kingdom,England,Bagshot
United Kingdom,England,Bagworth
United Kingdom,England,Baildon
United Kingdom,England,Bakewell
United Kingdom,England,Balcombe
United Kingdom,England,Baldock
United Kingdom,England,Balsall Common
United Kingdom,England,Balsham
United Kingdom,England,Bamburgh
United Kingdom,England,Bampton
United Kingdom,England,Banbury
United Kingdom,England,Banham
United Kingdom,England,Banks
United Kingdom,England,Banstead
United Kingdom,England,Banwell
United Kingdom,England,Bar Hill
United Kingdom,England,Barbican
United Kingdom,England,Bardney
United Kingdom,England,Bardsey
United Kingdom,England,Barham
United Kingdom,England,Barking
United Kingdom,England,Barkisland
United Kingdom,England,Barlaston
United Kingdom,England,Barlborough
United Kingdom,England,Barlby
United Kingdom,England,Barlestone
United Kingdom,England,Barmby on the Marsh
United Kingdom,England,Barnack
United Kingdom,England,Barnard Castle
United Kingdom,England,Barnburgh
United Kingdom,England,Barnet
United Kingdom,England,Barnetby le Wold
United Kingdom,England,Barnham
United Kingdom,England,Barnoldswick
United Kingdom,England,Barnsbury
United Kingdom,England,Barnsley
United Kingdom,England,Barnstaple
United Kingdom,England,Barnt Green
United Kingdom,England,Barnwood
United Kingdom,England,Barrow in Furness
United Kingdom,England,Barrow upon Humber
United Kingdom,England,Barrow upon Soar
United Kingdom,England,Barrowby
United Kingdom,England,Barrowford
United Kingdom,England,Bartley Green
United Kingdom,England,Barton under Needwood
United Kingdom,England,Barton upon Humber
United Kingdom,England,Barton-le-Clay
United Kingdom,England,Baschurch
United Kingdom,England,Basford
United Kingdom,England,Basildon
United Kingdom,England,Basingstoke
United Kingdom,England,Baslow
United Kingdom,England,Bassingbourn
United Kingdom,England,Bassingham
United Kingdom,England,Baston
United Kingdom,England,Bath
United Kingdom,England,Bath and North East Somerset
United Kingdom,England,Batley
United Kingdom,England,Battersea
United Kingdom,England,Battle
United Kingdom,England,Bawtry
United Kingdom,England,Bay Horse
United Kingdom,England,Bayston Hill
United Kingdom,England,Bayswater
United Kingdom,England,Beaconsfield
United Kingdom,England,Beadnell
United Kingdom,England,Beaminster
United Kingdom,England,Bebington
United Kingdom,England,Beccles
United Kingdom,England,Beckenham
United Kingdom,England,Beckingham
United Kingdom,England,Becontree
United Kingdom,England,Bedale
United Kingdom,England,Bedford
United Kingdom,England,Bedlington
United Kingdom,England,Bedworth
United Kingdom,England,Beeford
United Kingdom,England,Beighton
United Kingdom,England,Belbroughton
United Kingdom,England,Belford
United Kingdom,England,Bellingham
United Kingdom,England,Belmont
United Kingdom,England,Belper
United Kingdom,England,Belsize Park
United Kingdom,England,Belton
United Kingdom,England,Belvedere
United Kingdom,England,Bembridge
United Kingdom,England,Bempton
United Kingdom,England,Benson
United Kingdom,England,Bentley
United Kingdom,England,Benwell
United Kingdom,England,Bere Alston
United Kingdom,England,Bere Regis
United Kingdom,England,Berkeley
United Kingdom,England,Berkhamsted
United Kingdom,England,Berwick-Upon-Tweed
United Kingdom,England,Bethnal Green
United Kingdom,England,Betley
United Kingdom,England,Beverley
United Kingdom,England,Bewbush
United Kingdom,England,Bewdley
United Kingdom,England,Bexhill-on-Sea
United Kingdom,England,Bexley
United Kingdom,England,Bicester
United Kingdom,England,Bicknacre
United Kingdom,England,Bicton
United Kingdom,England,Biddenden
United Kingdom,England,Biddestone
United Kingdom,England,Biddulph
United Kingdom,England,Bideford
United Kingdom,England,Bidford-on-Avon
United Kingdom,England,Biggin Hill
United Kingdom,England,Biggleswade
United Kingdom,England,Bildeston
United Kingdom,England,Billericay
United Kingdom,England,Billingborough
United Kingdom,England,Billinge
United Kingdom,England,Billingham
United Kingdom,England,Billinghay
United Kingdom,England,Billingshurst
United Kingdom,England,Billington
United Kingdom,England,Bilsdale
United Kingdom,England,Bilsthorpe
United Kingdom,England,Bilston
United Kingdom,England,Bingham
United Kingdom,England,Bingley
United Kingdom,England,Birchington-on-Sea
United Kingdom,England,Bircotes
United Kingdom,England,Birdham
United Kingdom,England,Birdwell
United Kingdom,England,Birkenhead
United Kingdom,England,Birmingham
United Kingdom,England,Bishop Auckland
United Kingdom,England,Bishop Middleham
United Kingdom,England,Bishop Sutton
United Kingdom,England,Bishop's Castle
United Kingdom,England,Bishops Cleeve
United Kingdom,England,Bishops Lydeard
United Kingdom,England,Bishops Stortford
United Kingdom,England,Bishops Waltham
United Kingdom,England,Bishopsteignton
United Kingdom,England,Bishopstoke
United Kingdom,England,Bishopstone
United Kingdom,England,Bishopsworth
United Kingdom,England,Bishopthorpe
United Kingdom,England,Bishopton
United Kingdom,England,Bitton
United Kingdom,England,Blaby
United Kingdom,England,Black Notley
United Kingdom,England,Blackburn
United Kingdom,England,Blackburn with Darwen
United Kingdom,England,Blackheath
United Kingdom,England,Blackley
United Kingdom,England,Blackmoorfoot
United Kingdom,England,Blackpool
United Kingdom,England,Blackrod
United Kingdom,England,Blackwell
United Kingdom,England,Blacon
United Kingdom,England,Blagdon
United Kingdom,England,Blandford Forum
United Kingdom,England,Blaydon-on-Tyne
United Kingdom,England,Bleadon
United Kingdom,England,Blean
United Kingdom,England,Bletchingley
United Kingdom,England,Bletchley
United Kingdom,England,Blewbury
United Kingdom,England,Blidworth
United Kingdom,England,Blindley Heath
United Kingdom,England,Blisworth
United Kingdom,England,Blockley
United Kingdom,England,Bloxham
United Kingdom,England,Bloxwich
United Kingdom,England,Blunham
United Kingdom,England,Bluntisham
United Kingdom,England,Blyth
United Kingdom,England,Blyton
United Kingdom,England,Bodle Street
United Kingdom,England,Bodmin
United Kingdom,England,Bognor Regis
United Kingdom,England,Bollington
United Kingdom,England,Bolsover
United Kingdom,England,Bolton
United Kingdom,England,Bolton le Sands
United Kingdom,England,Bolton upon Dearne
United Kingdom,England,Boosbeck
United Kingdom,England,Bootle
United Kingdom,England,Bordon
United Kingdom,England,Boreham
United Kingdom,England,Borehamwood
United Kingdom,England,Borough Green
United Kingdom,England,Borough of Bolton
United Kingdom,England,Borough of Bury
United Kingdom,England,Borough of Halton
United Kingdom,England,Borough of North Tyneside
United Kingdom,England,Borough of Oldham
United Kingdom,England,Borough of Rochdale
United Kingdom,England,Borough of Stockport
United Kingdom,England,Borough of Swindon
United Kingdom,England,Borough of Tameside
United Kingdom,England,Borough of Thurrock
United Kingdom,England,Borough of Torbay
United Kingdom,England,Borough of Wigan
United Kingdom,England,Boroughbridge
United Kingdom,England,Borrowash
United Kingdom,England,Bosham
United Kingdom,England,Boston
United Kingdom,England,Boston Spa
United Kingdom,England,Botesdale
United Kingdom,England,Botley
United Kingdom,England,Bottesford
United Kingdom,England,Bottisham
United Kingdom,England,Boughton
United Kingdom,England,Bourne
United Kingdom,England,Bourne End
United Kingdom,England,Bournemouth
United Kingdom,England,Bourton
United Kingdom,England,Bourton on the Water
United Kingdom,England,Bovey Tracey
United Kingdom,England,Bovingdon
United Kingdom,England,Bovington Camp
United Kingdom,England,Bow
United Kingdom,England,Bow Brickhill
United Kingdom,England,Bowburn
United Kingdom,England,Bowdon
United Kingdom,England,Bowthorpe
United Kingdom,England,Box
United Kingdom,England,Boxgrove
United Kingdom,England,Boxted
United Kingdom,England,Bozeat
United Kingdom,England,Bracebridge Heath
United Kingdom,England,Brackley
United Kingdom,England,Bracknell
United Kingdom,England,Bracknell Forest
United Kingdom,England,Bradfield
United Kingdom,England,Bradford
United Kingdom,England,Bradford-on-Avon
United Kingdom,England,Brading
United Kingdom,England,Bradley Cross
United Kingdom,England,Bradninch
United Kingdom,England,Bradwell
United Kingdom,England,Braintree
United Kingdom,England,Bramford
United Kingdom,England,Bramhall
United Kingdom,England,Bramham
United Kingdom,England,Bramhope
United Kingdom,England,Bramley
United Kingdom,England,Brampton
United Kingdom,England,Brandesburton
United Kingdom,England,Brandon
United Kingdom,England,Bransgore
United Kingdom,England,Branston
United Kingdom,England,Bratton
United Kingdom,England,Braunston
United Kingdom,England,Braunton
United Kingdom,England,Brayton
United Kingdom,England,Bream
United Kingdom,England,Bredbury
United Kingdom,England,Bredon
United Kingdom,England,Brenchley
United Kingdom,England,Brent
United Kingdom,England,Brent Knoll
United Kingdom,England,Brentford
United Kingdom,England,Brentwood
United Kingdom,England,Brewood
United Kingdom,England,Bridge
United Kingdom,England,Bridgnorth
United Kingdom,England,Bridgwater
United Kingdom,England,Bridlington
United Kingdom,England,Bridport
United Kingdom,England,Brierfield
United Kingdom,England,Brierley Hill
United Kingdom,England,Brigg
United Kingdom,England,Brighouse
United Kingdom,England,Brighstone
United Kingdom,England,Brightlingsea
United Kingdom,England,Brighton
United Kingdom,England,Brighton and Hove
United Kingdom,England,Brigstock
United Kingdom,England,Brill
United Kingdom,England,Brimscombe
United Kingdom,England,Brinklow
United Kingdom,England,Brinscall
United Kingdom,England,Bristol
United Kingdom,England,Briston
United Kingdom,England,Brixham
United Kingdom,England,Brixton
United Kingdom,England,Brixton Hill
United Kingdom,England,Brixworth
United Kingdom,England,Broad Blunsdon
United Kingdom,England,Broadfield
United Kingdom,England,Broadstairs
United Kingdom,England,Broadstone
United Kingdom,England,Broadwater
United Kingdom,England,Broadway
United Kingdom,England,Brockenhurst
United Kingdom,England,Brockley
United Kingdom,England,Bromborough
United Kingdom,England,Bromham
United Kingdom,England,Brompton
United Kingdom,England,Bromsgrove
United Kingdom,England,Bromyard
United Kingdom,England,Brooke
United Kingdom,England,Broseley
United Kingdom,England,Brotton
United Kingdom,England,Brough
United Kingdom,England,Broughton
United Kingdom,England,Broughton Astley
United Kingdom,England,Brownhills
United Kingdom,England,Broxbourne
United Kingdom,England,Brundall
United Kingdom,England,Bruton
United Kingdom,England,Bubwith
United Kingdom,England,Buckden
United Kingdom,England,Buckfastleigh
United Kingdom,England,Buckhurst Hill
United Kingdom,England,Buckingham
United Kingdom,England,Buckinghamshire
United Kingdom,England,Bucknell
United Kingdom,England,Bude
United Kingdom,England,Budleigh Salterton
United Kingdom,England,Bugbrooke
United Kingdom,England,Bugle
United Kingdom,England,Bulford
United Kingdom,England,Bulkington
United Kingdom,England,Bulphan
United Kingdom,England,Bunbury
United Kingdom,England,Bungay
United Kingdom,England,Buntingford
United Kingdom,England,Burbage
United Kingdom,England,Bures Saint Mary
United Kingdom,England,Burford
United Kingdom,England,Burgess Hill
United Kingdom,England,Burgh le Marsh
United Kingdom,England,Burham
United Kingdom,England,Burley
United Kingdom,England,Burley in Wharfedale
United Kingdom,England,Burnage
United Kingdom,England,Burneside
United Kingdom,England,Burngreave
United Kingdom,England,Burnham-on-Crouch
United Kingdom,England,Burnham-on-Sea
United Kingdom,England,Burniston
United Kingdom,England,Burnley
United Kingdom,England,Burnopfield
United Kingdom,England,Burntwood
United Kingdom,England,Burringham
United Kingdom,England,Burrington
United Kingdom,England,Burscough
United Kingdom,England,Bursledon
United Kingdom,England,Burstwick
United Kingdom,England,Burton
United Kingdom,England,Burton Joyce
United Kingdom,England,Burton Latimer
United Kingdom,England,Burton on the Wolds
United Kingdom,England,Burton Pidsea
United Kingdom,England,Burton upon Stather
United Kingdom,England,Burton upon Trent
United Kingdom,England,Burtonwood
United Kingdom,England,Burwash
United Kingdom,England,Burwell
United Kingdom,England,Bury
United Kingdom,England,Bury St Edmunds
United Kingdom,England,Bushey
United Kingdom,England,Butterwick
United Kingdom,England,Buxted
United Kingdom,England,Buxton
United Kingdom,England,Byfield
United Kingdom,England,Byram
United Kingdom,England,Caddington
United Kingdom,England,Cadnam
United Kingdom,England,Caister-on-Sea
United Kingdom,England,Caistor
United Kingdom,England,Calcot
United Kingdom,England,Calderdale
United Kingdom,England,Callington
United Kingdom,England,Calne
United Kingdom,England,Calverton
United Kingdom,England,Camber
United Kingdom,England,Camberley
United Kingdom,England,Camblesforth
United Kingdom,England,Camborne
United Kingdom,England,Cambourne
United Kingdom,England,Cambridge
United Kingdom,England,Cambridgeshire
United Kingdom,England,Camden Town
United Kingdom,England,Cameley
United Kingdom,England,Camelford
United Kingdom,England,Campsall
United Kingdom,England,Canary Wharf
United Kingdom,England,Canewdon
United Kingdom,England,Canford Heath
United Kingdom,England,Cannock
United Kingdom,England,Canterbury
United Kingdom,England,Canvey Island
United Kingdom,England,Capel
United Kingdom,England,Capel le Ferne
United Kingdom,England,Capel Saint Mary
United Kingdom,England,Carcroft
United Kingdom,England,Cardington
United Kingdom,England,Carlisle
United Kingdom,England,Carlton
United Kingdom,England,Carnforth
United Kingdom,England,Carshalton
United Kingdom,England,Carterton
United Kingdom,England,Castle Cary
United Kingdom,England,Castle Donington
United Kingdom,England,Castle Hedingham
United Kingdom,England,Castle Vale
United Kingdom,England,Castleford
United Kingdom,England,Castleside
United Kingdom,England,Castor
United Kingdom,England,Catcliffe
United Kingdom,England,Caterham
United Kingdom,England,Caton
United Kingdom,England,Catterall
United Kingdom,England,Catterick
United Kingdom,England,Catterick Garrison
United Kingdom,England,Cawood
United Kingdom,England,Cawston
United Kingdom,England,Cawthorne
United Kingdom,England,Caythorpe
United Kingdom,England,Central Bedfordshire
United Kingdom,England,Chacewater
United Kingdom,England,Chadwell Heath
United Kingdom,England,Chadwell St Mary
United Kingdom,England,Chafford Hundred
United Kingdom,England,Chagford
United Kingdom,England,Chalfont Saint Peter
United Kingdom,England,Chalfont St Giles
United Kingdom,England,Chalford
United Kingdom,England,Chalgrove
United Kingdom,England,Chalton
United Kingdom,England,Chapel Allerton
United Kingdom,England,Chapel en le Frith
United Kingdom,England,Chapel Saint Leonards
United Kingdom,England,Chapeltown
United Kingdom,England,Chapmanslade
United Kingdom,England,Chard
United Kingdom,England,Charfield
United Kingdom,England,Charing
United Kingdom,England,Charlbury
United Kingdom,England,Charlton Kings
United Kingdom,England,Charlton Marshall
United Kingdom,England,Charminster
United Kingdom,England,Charmouth
United Kingdom,England,Chartham
United Kingdom,England,Charvil
United Kingdom,England,Chasetown
United Kingdom,England,Chatburn
United Kingdom,England,Chatham
United Kingdom,England,Chatteris
United Kingdom,England,Cheadle
United Kingdom,England,Cheadle Heath
United Kingdom,England,Cheadle Hulme
United Kingdom,England,Cheam
United Kingdom,England,Cheddar
United Kingdom,England,Cheddington
United Kingdom,England,Cheddleton
United Kingdom,England,Cheetham Hill
United Kingdom,England,Chelford
United Kingdom,England,Chelmsford
United Kingdom,England,Chelmsley Wood
United Kingdom,England,Chelsea
United Kingdom,England,Cheltenham
United Kingdom,England,Cherry Burton
United Kingdom,England,Chertsey
United Kingdom,England,Chesham
United Kingdom,England,Cheshire East
United Kingdom,England,Cheshire West and Chester
United Kingdom,England,Cheshunt
United Kingdom,England,Chessington
United Kingdom,England,Chester
United Kingdom,England,Chester-le-Street
United Kingdom,England,Chesterfield
United Kingdom,England,Chew Magna
United Kingdom,England,Chichester
United Kingdom,England,Chickerell
United Kingdom,England,Chicksands
United Kingdom,England,Chiddingfold
United Kingdom,England,Chigwell
United Kingdom,England,Chilcompton
United Kingdom,England,Child Okeford
United Kingdom,England,Chilton Foliat
United Kingdom,England,Chilworth
United Kingdom,England,Chinley
United Kingdom,England,Chinnor
United Kingdom,England,Chippenham
United Kingdom,England,Chipping Campden
United Kingdom,England,Chipping Norton
United Kingdom,England,Chipping Ongar
United Kingdom,England,Chipping Sodbury
United Kingdom,England,Chiseldon
United Kingdom,England,Chislehurst
United Kingdom,England,Chobham
United Kingdom,England,Cholsey
United Kingdom,England,Choppington
United Kingdom,England,Chopwell
United Kingdom,England,Chorley
United Kingdom,England,Chorleywood
United Kingdom,England,Chorlton
United Kingdom,England,Chorlton cum Hardy
United Kingdom,England,Christchurch
United Kingdom,England,Chudleigh
United Kingdom,England,Chudleigh Knighton
United Kingdom,England,Chulmleigh
United Kingdom,England,Church
United Kingdom,England,Church Fenton
United Kingdom,England,Church Stretton
United Kingdom,England,Churchdown
United Kingdom,England,Churchill
United Kingdom,England,Churt
United Kingdom,England,Cinderford
United Kingdom,England,Cirencester
United Kingdom,England,City and Borough of Birmingham
United Kingdom,England,City and Borough of Leeds
United Kingdom,England,City and Borough of Salford
United Kingdom,England,City and Borough of Wakefield
United Kingdom,England,City of Bristol
United Kingdom,England,City of Kingston upon Hull
United Kingdom,England,City of Leicester
United Kingdom,England,City of London
United Kingdom,England,City of Westminster
United Kingdom,England,City of York
United Kingdom,England,Clacton-on-Sea
United Kingdom,England,Clapham
United Kingdom,England,Clarborough
United Kingdom,England,Clare
United Kingdom,England,Claydon
United Kingdom,England,Claypole
United Kingdom,England,Clayton le Moors
United Kingdom,England,Clayton West
United Kingdom,England,Clayton-le-Woods
United Kingdom,England,Cleator Moor
United Kingdom,England,Cleckheaton
United Kingdom,England,Cleethorpes
United Kingdom,England,Clenchwarton
United Kingdom,England,Cleobury Mortimer
United Kingdom,England,Clerkenwell
United Kingdom,England,Clevedon
United Kingdom,England,Cleveleys
United Kingdom,England,Cliffe
United Kingdom,England,Clifton
United Kingdom,England,Clitheroe
United Kingdom,England,Clive
United Kingdom,England,Clophill
United Kingdom,England,Clowne
United Kingdom,England,Clutton
United Kingdom,England,Coalville
United Kingdom,England,Coates
United Kingdom,England,Cobham
United Kingdom,England,Cockermouth
United Kingdom,England,Cockfield
United Kingdom,England,Cockington
United Kingdom,England,Codicote
United Kingdom,England,Codsall
United Kingdom,England,Cogenhoe
United Kingdom,England,Coggeshall
United Kingdom,England,Colchester
United Kingdom,England,Cold Ash
United Kingdom,England,Cold Norton
United Kingdom,England,Colden Common
United Kingdom,England,Coleford
United Kingdom,England,Colerne
United Kingdom,England,Collier Row
United Kingdom,England,Collingbourne Kingston
United Kingdom,England,Collingham
United Kingdom,England,Colnbrook
United Kingdom,England,Colne
United Kingdom,England,Colsterworth
United Kingdom,England,Coltishall
United Kingdom,England,Colwich
United Kingdom,England,Colyton
United Kingdom,England,Combe Martin
United Kingdom,England,Comberton
United Kingdom,England,Compton
United Kingdom,England,Compton Martin
United Kingdom,England,Congleton
United Kingdom,England,Congresbury
United Kingdom,England,Coningsby
United Kingdom,England,Conisbrough
United Kingdom,England,Consett
United Kingdom,England,Cookham
United Kingdom,England,Cookley
United Kingdom,England,Cople
United Kingdom,England,Copmanthorpe
United Kingdom,England,Copplestone
United Kingdom,England,Coppull
United Kingdom,England,Copthorne
United Kingdom,England,Corbridge
United Kingdom,England,Corby
United Kingdom,England,Corby Glen
United Kingdom,England,Corfe Castle
United Kingdom,England,Cornholme
United Kingdom,England,Cornwall
United Kingdom,England,Corse
United Kingdom,England,Corsham
United Kingdom,England,Corston
United Kingdom,England,Cosby
United Kingdom,England,Cosham
United Kingdom,England,Costessey
United Kingdom,England,Cotgrave
United Kingdom,England,Cottenham
United Kingdom,England,Cottesmore
United Kingdom,England,Cottingham
United Kingdom,England,Coulsdon
United Kingdom,England,Coundon
United Kingdom,England,Countesthorpe
United Kingdom,England,County Durham
United Kingdom,England,Coven
United Kingdom,England,Coventry
United Kingdom,England,Cowbit
United Kingdom,England,Cowes
United Kingdom,England,Cowfold
United Kingdom,England,Cowley
United Kingdom,England,Cowplain
United Kingdom,England,Coxhoe
United Kingdom,England,Cradley Heath
United Kingdom,England,Cramlington
United Kingdom,England,Cranbrook
United Kingdom,England,Cranfield
United Kingdom,England,Cranham
United Kingdom,England,Cranleigh
United Kingdom,England,Cranwell
United Kingdom,England,Craven Arms
United Kingdom,England,Crawley
United Kingdom,England,Crawley Down
United Kingdom,England,Credenhill
United Kingdom,England,Crediton
United Kingdom,England,Creech Saint Michael
United Kingdom,England,Creswell
United Kingdom,England,Crewe
United Kingdom,England,Crewkerne
United Kingdom,England,Crick
United Kingdom,England,Cricklade
United Kingdom,England,Cringleford
United Kingdom,England,Croft
United Kingdom,England,Crofton
United Kingdom,England,Cromer
United Kingdom,England,Cromford
United Kingdom,England,Crondall
United Kingdom,England,Crook
United Kingdom,England,Cropwell Bishop
United Kingdom,England,Crosby
United Kingdom,England,Cross Hills
United Kingdom,England,Croston
United Kingdom,England,Crouch End
United Kingdom,England,Crowborough
United Kingdom,England,Crowland
United Kingdom,England,Crowle
United Kingdom,England,Crowthorne
United Kingdom,England,Croydon
United Kingdom,England,Crumpsall
United Kingdom,England,Cuckfield
United Kingdom,England,Cuddington
United Kingdom,England,Cudworth
United Kingdom,England,Cuffley
United Kingdom,England,Culcheth
United Kingdom,England,Cullingworth
United Kingdom,England,Cullompton
United Kingdom,England,Culverstone Green
United Kingdom,England,Cumbria
United Kingdom,England,Curdworth
United Kingdom,England,Curry Rivel
United Kingdom,England,Cuxton
United Kingdom,England,Dagenham
United Kingdom,England,Dalston
United Kingdom,England,Dalton in Furness
United Kingdom,England,Danbury
United Kingdom,England,Danby
United Kingdom,England,Darenth
United Kingdom,England,Daresbury
United Kingdom,England,Darfield
United Kingdom,England,Darlaston
United Kingdom,England,Darlington
United Kingdom,England,Darras Hall
United Kingdom,England,Darrington
United Kingdom,England,Dartford
United Kingdom,England,Dartmouth
United Kingdom,England,Darton
United Kingdom,England,Darwen
United Kingdom,England,Datchet
United Kingdom,England,Datchworth
United Kingdom,England,Daventry
United Kingdom,England,Dawlish
United Kingdom,England,Deal
United Kingdom,England,Deanshanger
United Kingdom,England,Dearham
United Kingdom,England,Debenham
United Kingdom,England,Deddington
United Kingdom,England,Dedham
United Kingdom,England,Delabole
United Kingdom,England,Delph
United Kingdom,England,Denby Dale
United Kingdom,England,Denham
United Kingdom,England,Denholme
United Kingdom,England,Denmead
United Kingdom,England,Denton
United Kingdom,England,Denton Holme
United Kingdom,England,Derby
United Kingdom,England,Derbyshire
United Kingdom,England,Dersingham
United Kingdom,England,Desborough
United Kingdom,England,Desford
United Kingdom,England,Devizes
United Kingdom,England,Devon
United Kingdom,England,Dewsbury
United Kingdom,England,Dickens Heath
United Kingdom,England,Dickleburgh
United Kingdom,England,Didcot
United Kingdom,England,Didsbury
United Kingdom,England,Diggle
United Kingdom,England,Dinnington
United Kingdom,England,Dinton
United Kingdom,England,Disley
United Kingdom,England,Diss
United Kingdom,England,Distington
United Kingdom,England,District of Rutland
United Kingdom,England,Ditchingham
United Kingdom,England,Ditchling
United Kingdom,England,Ditton Hill
United Kingdom,England,Dobwalls
United Kingdom,England,Doddington
United Kingdom,England,Dodworth
United Kingdom,England,Doncaster
United Kingdom,England,Donington
United Kingdom,England,Donisthorpe
United Kingdom,England,Donnington
United Kingdom,England,Dorchester
United Kingdom,England,Dorking
United Kingdom,England,Dormansland
United Kingdom,England,Dorridge
United Kingdom,England,Dorset
United Kingdom,England,Dorstone
United Kingdom,England,Dove Holes
United Kingdom,England,Dover
United Kingdom,England,Dovercourt
United Kingdom,England,Doveridge
United Kingdom,England,Downham Market
United Kingdom,England,Downton
United Kingdom,England,Draycott
United Kingdom,England,Driffield
United Kingdom,England,Droitwich
United Kingdom,England,Dronfield
United Kingdom,England,Droylsden
United Kingdom,England,Drybrook
United Kingdom,England,Ducklington
United Kingdom,England,Dudley
United Kingdom,England,Duffield
United Kingdom,England,Dukinfield
United Kingdom,England,Dulverton
United Kingdom,England,Dunchurch
United Kingdom,England,Dundry
United Kingdom,England,Dunholme
United Kingdom,England,Dunkeswell
United Kingdom,England,Dunnington
United Kingdom,England,Dunstable
United Kingdom,England,Dunswell
United Kingdom,England,Durham
United Kingdom,England,Dursley
United Kingdom,England,Duxford
United Kingdom,England,Dymchurch
United Kingdom,England,Eaglescliffe
United Kingdom,England,Earby
United Kingdom,England,Earith
United Kingdom,England,Earl Shilton
United Kingdom,England,Earls Barton
United Kingdom,England,Earls Colne
United Kingdom,England,Earlsfield
United Kingdom,England,Easington
United Kingdom,England,Easingwold
United Kingdom,England,East Ayton
United Kingdom,England,East Bergholt
United Kingdom,England,East Boldon
United Kingdom,England,East Bridgford
United Kingdom,England,East Chevington
United Kingdom,England,East Cowes
United Kingdom,England,East Dean
United Kingdom,England,East Dereham
United Kingdom,England,East Grinstead
United Kingdom,England,East Hanney
United Kingdom,England,East Harling
United Kingdom,England,East Harptree
United Kingdom,England,East Horsley
United Kingdom,England,East Keswick
United Kingdom,England,East Leake
United Kingdom,England,East Markham
United Kingdom,England,East Molesey
United Kingdom,England,East Peckham
United Kingdom,England,East Rainton
United Kingdom,England,East Riding of Yorkshire
United Kingdom,England,East Sussex
United Kingdom,England,East Tilbury
United Kingdom,England,East Wittering
United Kingdom,England,Eastbourne
United Kingdom,England,Eastchurch
United Kingdom,England,Eastington
United Kingdom,England,Eastleigh
United Kingdom,England,Eastoft
United Kingdom,England,Easton
United Kingdom,England,Easton on the Hill
United Kingdom,England,Easton-in-Gordano
United Kingdom,England,Eastrington
United Kingdom,England,Eastry
United Kingdom,England,Eastwood
United Kingdom,England,Eaton Bray
United Kingdom,England,Eaton Socon
United Kingdom,England,Eattington
United Kingdom,England,Eccles
United Kingdom,England,Eccleshall
United Kingdom,England,Eccleston
United Kingdom,England,Eckington
United Kingdom,England,Edenbridge
United Kingdom,England,Edenfield
United Kingdom,England,Edgmond
United Kingdom,England,Edgware
United Kingdom,England,Edgworth
United Kingdom,England,Edington
United Kingdom,England,Edith Weston
United Kingdom,England,Edwinstowe
United Kingdom,England,Egham
United Kingdom,England,Egremont
United Kingdom,England,Eight Ash Green
United Kingdom,England,Elland
United Kingdom,England,Ellerker
United Kingdom,England,Ellerton
United Kingdom,England,Ellesmere
United Kingdom,England,Ellesmere Port
United Kingdom,England,Elm Park
United Kingdom,England,Elmstead Market
United Kingdom,England,Elmswell
United Kingdom,England,Elsenham
United Kingdom,England,Elstead
United Kingdom,England,Elstree
United Kingdom,England,Elswick
United Kingdom,England,Elvington
United Kingdom,England,Elwick
United Kingdom,England,Ely
United Kingdom,England,Emberton
United Kingdom,England,Embleton
United Kingdom,England,Embsay
United Kingdom,England,Emley
United Kingdom,England,Emneth
United Kingdom,England,Empingham
United Kingdom,England,Emsworth
United Kingdom,England,Enderby
United Kingdom,England,Enfield Town
United Kingdom,England,Epping
United Kingdom,England,Epsom
United Kingdom,England,Epworth
United Kingdom,England,Erith
United Kingdom,England,Esher
United Kingdom,England,Essendine
United Kingdom,England,Essex
United Kingdom,England,Essington
United Kingdom,England,Eton
United Kingdom,England,Eton Wick
United Kingdom,England,Etton
United Kingdom,England,Etwall
United Kingdom,England,Euxton
United Kingdom,England,Evenwood
United Kingdom,England,Evercreech
United Kingdom,England,Eversholt
United Kingdom,England,Eversley
United Kingdom,England,Everton
United Kingdom,England,Evesham
United Kingdom,England,Ewell
United Kingdom,England,Ewhurst
United Kingdom,England,Ewyas Harold
United Kingdom,England,Exeter
United Kingdom,England,Exhall
United Kingdom,England,Exminster
United Kingdom,England,Exmouth
United Kingdom,England,Exning
United Kingdom,England,Exton
United Kingdom,England,Eye
United Kingdom,England,Eynsford
United Kingdom,England,Eynsham
United Kingdom,England,Eythorne
United Kingdom,England,Failsworth
United Kingdom,England,Fairford
United Kingdom,England,Fairlands
United Kingdom,England,Fairlight
United Kingdom,England,Fakenham
United Kingdom,England,Fallowfield
United Kingdom,England,Falmouth
United Kingdom,England,Fareham
United Kingdom,England,Faringdon
United Kingdom,England,Farnborough
United Kingdom,England,Farndon
United Kingdom,England,Farnham
United Kingdom,England,Farnham Royal
United Kingdom,England,Farnsfield
United Kingdom,England,Farnworth
United Kingdom,England,Faversham
United Kingdom,England,Fazeley
United Kingdom,England,Featherstone
United Kingdom,England,Felixstowe
United Kingdom,England,Felling
United Kingdom,England,Feltham
United Kingdom,England,Felton
United Kingdom,England,Feltwell
United Kingdom,England,Fenstanton
United Kingdom,England,Ferndown
United Kingdom,England,Fernhill Heath
United Kingdom,England,Fernhurst
United Kingdom,England,Ferrybridge
United Kingdom,England,Ferryhill
United Kingdom,England,Filey
United Kingdom,England,Finchampstead
United Kingdom,England,Findern
United Kingdom,England,Findon
United Kingdom,England,Finedon
United Kingdom,England,Finningley
United Kingdom,England,Fishburn
United Kingdom,England,Fishtoft
United Kingdom,England,Fitzwilliam
United Kingdom,England,Five Oak Green
United Kingdom,England,Flamborough
United Kingdom,England,Fleckney
United Kingdom,England,Fleet
United Kingdom,England,Fleetwood
United Kingdom,England,Flexbury
United Kingdom,England,Flimby
United Kingdom,England,Flimwell
United Kingdom,England,Flitwick
United Kingdom,England,Flockton
United Kingdom,England,Flookburgh
United Kingdom,England,Flore
United Kingdom,England,Folkestone
United Kingdom,England,Fontwell
United Kingdom,England,Ford
United Kingdom,England,Fordham
United Kingdom,England,Fordingbridge
United Kingdom,England,Forest Row
United Kingdom,England,Formby
United Kingdom,England,Fortuneswell
United Kingdom,England,Foulridge
United Kingdom,England,Foulsham
United Kingdom,England,Four Lanes
United Kingdom,England,Four Marks
United Kingdom,England,Fowey
United Kingdom,England,Fowlmere
United Kingdom,England,Framlingham
United Kingdom,England,Frampton on Severn
United Kingdom,England,Freckleton
United Kingdom,England,Fremington
United Kingdom,England,Freshwater
United Kingdom,England,Frimley
United Kingdom,England,Frinton-on-Sea
United Kingdom,England,Friston
United Kingdom,England,Frizington
United Kingdom,England,Frodsham
United Kingdom,England,Frome
United Kingdom,England,Fulbourn
United Kingdom,England,Full Sutton
United Kingdom,England,Furnace Green
United Kingdom,England,Fylde
United Kingdom,England,Gainford
United Kingdom,England,Gainsborough
United Kingdom,England,Galgate
United Kingdom,England,Gamlingay
United Kingdom,England,Garforth
United Kingdom,England,Gargrave
United Kingdom,England,Garsington
United Kingdom,England,Garstang
United Kingdom,England,Gateshead
United Kingdom,England,Geddington
United Kingdom,England,Gedney Hill
United Kingdom,England,Germoe
United Kingdom,England,Gerrards Cross
United Kingdom,England,Gilberdyke
United Kingdom,England,Gillingham
United Kingdom,England,Girton
United Kingdom,England,Glapwell
United Kingdom,England,Glastonbury
United Kingdom,England,Glazebury
United Kingdom,England,Glemsford
United Kingdom,England,Glenfield
United Kingdom,England,Glinton
United Kingdom,England,Glossop
United Kingdom,England,Gloucester
United Kingdom,England,Gloucestershire
United Kingdom,England,Glusburn
United Kingdom,England,Gnosall
United Kingdom,England,Gobowen
United Kingdom,England,Godalming
United Kingdom,England,Godmanchester
United Kingdom,England,Godshill
United Kingdom,England,Godstone
United Kingdom,England,Golborne
United Kingdom,England,Goole
United Kingdom,England,Goosnargh
United Kingdom,England,Goostrey
United Kingdom,England,Goring
United Kingdom,England,Goring-by-Sea
United Kingdom,England,Gorleston-on-Sea
United Kingdom,England,Gosberton
United Kingdom,England,Gosfield
United Kingdom,England,Gosforth
United Kingdom,England,Gosport
United Kingdom,England,Gossops Green
United Kingdom,England,Gotham
United Kingdom,England,Goudhurst
United Kingdom,England,Goxhill
United Kingdom,England,Grain
United Kingdom,England,Grange Hill
United Kingdom,England,Grange-over-Sands
United Kingdom,England,Grantham
United Kingdom,England,Grappenhall
United Kingdom,England,Grassington
United Kingdom,England,Gravesend
United Kingdom,England,Grays
United Kingdom,England,Greasby
United Kingdom,England,Great Amwell
United Kingdom,England,Great Ayton
United Kingdom,England,Great Bardfield
United Kingdom,England,Great Barford
United Kingdom,England,Great Barton
United Kingdom,England,Great Bedwyn
United Kingdom,England,Great Bentley
United Kingdom,England,Great Bookham
United Kingdom,England,Great Chesterford
United Kingdom,England,Great Dunmow
United Kingdom,England,Great Eccleston
United Kingdom,England,Great Glen
United Kingdom,England,Great Gonerby
United Kingdom,England,Great Gransden
United Kingdom,England,Great Hanwood
United Kingdom,England,Great Harwood
United Kingdom,England,Great Haywood
United Kingdom,England,Great Horkesley
United Kingdom,England,Great Horwood
United Kingdom,England,Great Houghton
United Kingdom,England,Great Leighs
United Kingdom,England,Great Malvern
United Kingdom,England,Great Marton
United Kingdom,England,Great Missenden
United Kingdom,England,Great Paxton
United Kingdom,England,Great Sankey
United Kingdom,England,Great Torrington
United Kingdom,England,Great Wakering
United Kingdom,England,Great Waldingfield
United Kingdom,England,Great Wyrley
United Kingdom,England,Great Yarmouth
United Kingdom,England,Great Yeldham
United Kingdom,England,Greater London
United Kingdom,England,Greatham
United Kingdom,England,Greenfield
United Kingdom,England,Greenford
United Kingdom,England,Greenhill
United Kingdom,England,Greenhithe
United Kingdom,England,Greetham
United Kingdom,England,Grimethorpe
United Kingdom,England,Grimsby
United Kingdom,England,Grimston
United Kingdom,England,Griston
United Kingdom,England,Groombridge
United Kingdom,England,Grove
United Kingdom,England,Grundisburgh
United Kingdom,England,Guilden Sutton
United Kingdom,England,Guildford
United Kingdom,England,Guisborough
United Kingdom,England,Guiseley
United Kingdom,England,Gunness
United Kingdom,England,Gunnislake
United Kingdom,England,Hackleton
United Kingdom,England,Haddenham
United Kingdom,England,Hadleigh
United Kingdom,England,Hadley
United Kingdom,England,Hadley Wood
United Kingdom,England,Hadlow
United Kingdom,England,Hadston
United Kingdom,England,Hagley
United Kingdom,England,Hailsham
United Kingdom,England,Hainault
United Kingdom,England,Hale
United Kingdom,England,Halesowen
United Kingdom,England,Halesworth
United Kingdom,England,Halifax
United Kingdom,England,Halling
United Kingdom,England,Hallow
United Kingdom,England,Halstead
United Kingdom,England,Halton
United Kingdom,England,Haltwhistle
United Kingdom,England,Hamble-le-Rice
United Kingdom,England,Hambleton
United Kingdom,England,Hameldon Hill
United Kingdom,England,Hampshire
United Kingdom,England,Hampton
United Kingdom,England,Hampton in Arden
United Kingdom,England,Handcross
United Kingdom,England,Hannington
United Kingdom,England,Hanslope
United Kingdom,England,Hapton
United Kingdom,England,Harbury
United Kingdom,England,Hardingstone
United Kingdom,England,Hardwick Village
United Kingdom,England,Harefield
United Kingdom,England,Harleston
United Kingdom,England,Harlington
United Kingdom,England,Harlow
United Kingdom,England,Harold Wood
United Kingdom,England,Harpenden
United Kingdom,England,Harpole
United Kingdom,England,Harrietsham
United Kingdom,England,Harringay
United Kingdom,England,Harrogate
United Kingdom,England,Harrold
United Kingdom,England,Harrow on the Hill
United Kingdom,England,Harston
United Kingdom,England,Harthill
United Kingdom,England,Hartlebury
United Kingdom,England,Hartlepool
United Kingdom,England,Hartley
United Kingdom,England,Hartley Wintney
United Kingdom,England,Hartshill
United Kingdom,England,Hartwell
United Kingdom,England,Harvington
United Kingdom,England,Harwell
United Kingdom,England,Harwich
United Kingdom,England,Haslemere
United Kingdom,England,Haslingden
United Kingdom,England,Haslingfield
United Kingdom,England,Hassocks
United Kingdom,England,Hastings
United Kingdom,England,Haswell
United Kingdom,England,Hatfield
United Kingdom,England,Hatfield Heath
United Kingdom,England,Hatfield Peverel
United Kingdom,England,Hatherleigh
United Kingdom,England,Hathern
United Kingdom,England,Hathersage
United Kingdom,England,Hatton
United Kingdom,England,Haughley
United Kingdom,England,Haughton Green
United Kingdom,England,Havant
United Kingdom,England,Haverhill
United Kingdom,England,Haverigg
United Kingdom,England,Hawkhurst
United Kingdom,England,Hawkinge
United Kingdom,England,Haworth
United Kingdom,England,Hawthorn
United Kingdom,England,Haxby
United Kingdom,England,Haxey
United Kingdom,England,Haydock
United Kingdom,England,Haydon Bridge
United Kingdom,England,Hayes
United Kingdom,England,Hayfield
United Kingdom,England,Hayle
United Kingdom,England,Hayling Island
United Kingdom,England,Haynes
United Kingdom,England,Hayton
United Kingdom,England,Haywards Heath
United Kingdom,England,Hazel Grove
United Kingdom,England,Hazlerigg
United Kingdom,England,Heacham
United Kingdom,England,Headcorn
United Kingdom,England,Heage
United Kingdom,England,Healing
United Kingdom,England,Heanor
United Kingdom,England,Heath and Reach
United Kingdom,England,Heathfield
United Kingdom,England,Heaton Chapel
United Kingdom,England,Heavitree
United Kingdom,England,Hebburn
United Kingdom,England,Hebden Bridge
United Kingdom,England,Heckington
United Kingdom,England,Heckmondwike
United Kingdom,England,Heddon on the Wall
United Kingdom,England,Hedge End
United Kingdom,England,Hedon
United Kingdom,England,Heighington
United Kingdom,England,Hellaby
United Kingdom,England,Hellifield
United Kingdom,England,Helmsley
United Kingdom,England,Helpston
United Kingdom,England,Helsby
United Kingdom,England,Helston
United Kingdom,England,Hemel Hempstead
United Kingdom,England,Hemingbrough
United Kingdom,England,Hemingford Grey
United Kingdom,England,Hemsby
United Kingdom,England,Hemsworth
United Kingdom,England,Hemyock
United Kingdom,England,Henfield
United Kingdom,England,Henley in Arden
United Kingdom,England,Henley-on-Thames
United Kingdom,England,Henlow
United Kingdom,England,Henstridge
United Kingdom,England,Hereford
United Kingdom,England,Herefordshire
United Kingdom,England,Hermitage
United Kingdom,England,Herne Bay
United Kingdom,England,Herstmonceux
United Kingdom,England,Hertford
United Kingdom,England,Hertfordshire
United Kingdom,England,Heswall
United Kingdom,England,Hethersett
United Kingdom,England,Hetton-Le-Hole
United Kingdom,England,Hexham
United Kingdom,England,Heysham
United Kingdom,England,Heywood
United Kingdom,England,Hibaldstow
United Kingdom,England,High Barnet
United Kingdom,England,High Bentham
United Kingdom,England,High Etherley
United Kingdom,England,High Halden
United Kingdom,England,High Halstow
United Kingdom,England,High Legh
United Kingdom,England,High Ongar
United Kingdom,England,High Peak
United Kingdom,England,High Wycombe
United Kingdom,England,Higham Ferrers
United Kingdom,England,Highbridge
United Kingdom,England,Highclere
United Kingdom,England,Highley
United Kingdom,England,Hightown
United Kingdom,England,Highworth
United Kingdom,England,Hilton
United Kingdom,England,Hinchley Wood
United Kingdom,England,Hinckley
United Kingdom,England,Hindhead
United Kingdom,England,Hindley
United Kingdom,England,Hindon
United Kingdom,England,Hingham
United Kingdom,England,Hinton
United Kingdom,England,Histon
United Kingdom,England,Hitchin
United Kingdom,England,Hockley
United Kingdom,England,Hockley Heath
United Kingdom,England,Hockliffe
United Kingdom,England,Hockwold cum Wilton
United Kingdom,England,Hoddesdon
United Kingdom,England,Holbeach
United Kingdom,England,Holbeck
United Kingdom,England,Holbrook
United Kingdom,England,Hollingworth
United Kingdom,England,Holloway
United Kingdom,England,Hollym
United Kingdom,England,Holmes Chapel
United Kingdom,England,Holmfirth
United Kingdom,England,Holmwood
United Kingdom,England,Holsworthy
United Kingdom,England,Holt
United Kingdom,England,Holtby
United Kingdom,England,Holton le Clay
United Kingdom,England,Holywell Green
United Kingdom,England,Honeybourne
United Kingdom,England,Honiton
United Kingdom,England,Hoo
United Kingdom,England,Hook
United Kingdom,England,Hook Norton
United Kingdom,England,Hoole
United Kingdom,England,Hope Valley
United Kingdom,England,Hopton on Sea
United Kingdom,England,Horam
United Kingdom,England,Horbury
United Kingdom,England,Horley
United Kingdom,England,Horncastle
United Kingdom,England,Hornchurch
United Kingdom,England,Horndon on the Hill
United Kingdom,England,Horning
United Kingdom,England,Hornsea
United Kingdom,England,Horrabridge
United Kingdom,England,Horsford
United Kingdom,England,Horsforth
United Kingdom,England,Horsham
United Kingdom,England,Horsmonden
United Kingdom,England,Horsted Keynes
United Kingdom,England,Horton
United Kingdom,England,Horton Kirby
United Kingdom,England,Horwich
United Kingdom,England,Hotham
United Kingdom,England,Houghton
United Kingdom,England,Houghton Conquest
United Kingdom,England,Houghton on the Hill
United Kingdom,England,Houghton-Le-Spring
United Kingdom,England,Hounslow
United Kingdom,England,Hove
United Kingdom,England,Hoveton
United Kingdom,England,Howden
United Kingdom,England,Hoylake
United Kingdom,England,Hoyland Nether
United Kingdom,England,Hucknall
United Kingdom,England,Huddersfield
United Kingdom,England,Hugh Town
United Kingdom,England,Hulme
United Kingdom,England,Humberston
United Kingdom,England,Hungerford
United Kingdom,England,Hunmanby
United Kingdom,England,Hunstanton
United Kingdom,England,Huntingdon
United Kingdom,England,Huntley
United Kingdom,England,Huntspill
United Kingdom,England,Hunwick
United Kingdom,England,Hurst
United Kingdom,England,Hurstpierpoint
United Kingdom,England,Husbands Bosworth
United Kingdom,England,Husborne Crawley
United Kingdom,England,Huyton
United Kingdom,England,Hyde
United Kingdom,England,Hyde Heath
United Kingdom,England,Hythe
United Kingdom,England,Ibstock
United Kingdom,England,Ilchester
United Kingdom,England,Ilfracombe
United Kingdom,England,Ilkeston
United Kingdom,England,Ilkley
United Kingdom,England,Ilminster
United Kingdom,England,Immingham
United Kingdom,England,Ince Blundell
United Kingdom,England,Ince-in-Makerfield
United Kingdom,England,Ingatestone
United Kingdom,England,Ingleby Greenhow
United Kingdom,England,Ingleton
United Kingdom,England,Ingoldmells
United Kingdom,England,Ingrave
United Kingdom,England,Inkberrow
United Kingdom,England,Ipplepen
United Kingdom,England,Ipswich
United Kingdom,England,Irchester
United Kingdom,England,Irlam
United Kingdom,England,Ironbridge
United Kingdom,England,Irthlingborough
United Kingdom,England,Isle of Wight
United Kingdom,England,Isleham
United Kingdom,England,Isles of Scilly
United Kingdom,England,Isleworth
United Kingdom,England,Islington
United Kingdom,England,Iver
United Kingdom,England,Iver Heath
United Kingdom,England,Ivinghoe
United Kingdom,England,Ivybridge
United Kingdom,England,Iwade
United Kingdom,England,Ixworth
United Kingdom,England,Jarrow
United Kingdom,England,Keadby
United Kingdom,England,Kearsley
United Kingdom,England,Kedington
United Kingdom,England,Keelby
United Kingdom,England,Keele
United Kingdom,England,Kegworth
United Kingdom,England,Keighley
United Kingdom,England,Kelloe
United Kingdom,England,Kelsall
United Kingdom,England,Kelvedon
United Kingdom,England,Kelvedon Hatch
United Kingdom,England,Kempsey
United Kingdom,England,Kempston
United Kingdom,England,Kempston Hardwick
United Kingdom,England,Kemsing
United Kingdom,England,Kendal
United Kingdom,England,Kenilworth
United Kingdom,England,Kennington
United Kingdom,England,Kensworth
United Kingdom,England,Kent
United Kingdom,England,Kenton
United Kingdom,England,Keresley
United Kingdom,England,Kesgrave
United Kingdom,England,Kessingland
United Kingdom,England,Keswick
United Kingdom,England,Kettering
United Kingdom,England,Ketton
United Kingdom,England,Keyingham
United Kingdom,England,Keynsham
United Kingdom,England,Keyworth
United Kingdom,England,Kibworth Harcourt
United Kingdom,England,Kidderminster
United Kingdom,England,Kidlington
United Kingdom,England,Kidsgrove
United Kingdom,England,Kilburn
United Kingdom,England,Kilham
United Kingdom,England,Killamarsh
United Kingdom,England,Kilsby
United Kingdom,England,Kimberley
United Kingdom,England,Kimbolton
United Kingdom,England,Kimpton
United Kingdom,England,Kineton
United Kingdom,England,King's Clipstone
United Kingdom,England,King's Lynn
United Kingdom,England,Kings Hill
United Kingdom,England,Kings Langley
United Kingdom,England,Kings Sutton
United Kingdom,England,Kings Worthy
United Kingdom,England,Kingsbridge
United Kingdom,England,Kingsbury
United Kingdom,England,Kingsclere
United Kingdom,England,Kingskerswell
United Kingdom,England,Kingsland
United Kingdom,England,Kingsley
United Kingdom,England,Kingsteignton
United Kingdom,England,Kingston Bagpuize
United Kingdom,England,Kingston Seymour
United Kingdom,England,Kingston upon Hull
United Kingdom,England,Kingston upon Thames
United Kingdom,England,Kingswinford
United Kingdom,England,Kingswood
United Kingdom,England,Kington
United Kingdom,England,Kintbury
United Kingdom,England,Kinvere
United Kingdom,England,Kippax
United Kingdom,England,Kirby Muxloe
United Kingdom,England,Kirk Sandall
United Kingdom,England,Kirkburton
United Kingdom,England,Kirkby
United Kingdom,England,Kirkby in Ashfield
United Kingdom,England,Kirkby Lonsdale
United Kingdom,England,Kirkby Stephen
United Kingdom,England,Kirkbymoorside
United Kingdom,England,Kirkham
United Kingdom,England,Kirklees
United Kingdom,England,Kirton
United Kingdom,England,Kirton in Lindsey
United Kingdom,England,Kislingbury
United Kingdom,England,Kiveton Park
United Kingdom,England,Knaphill
United Kingdom,England,Knaresborough
United Kingdom,England,Knebworth
United Kingdom,England,Knottingley
United Kingdom,England,Knowle
United Kingdom,England,Knowsley
United Kingdom,England,Knutsford
United Kingdom,England,Laceby
United Kingdom,England,Lacock
United Kingdom,England,Lakenheath
United Kingdom,England,Lamberhurst
United Kingdom,England,Lambeth
United Kingdom,England,Lambourn
United Kingdom,England,Lamesley
United Kingdom,England,Lancashire
United Kingdom,England,Lancaster
United Kingdom,England,Lanchester
United Kingdom,England,Lancing
United Kingdom,England,Landrake
United Kingdom,England,Langford
United Kingdom,England,Langham
United Kingdom,England,Langho
United Kingdom,England,Langley Green
United Kingdom,England,Langley Park
United Kingdom,England,Langport
United Kingdom,England,Langtoft
United Kingdom,England,Lark Hill
United Kingdom,England,Larkfield
United Kingdom,England,Latchingdon and Snoreham
United Kingdom,England,Launceston
United Kingdom,England,Lavendon
United Kingdom,England,Lavenham
United Kingdom,England,Layer de la Haye
United Kingdom,England,Leasingham
United Kingdom,England,Leatherhead
United Kingdom,England,Lechlade
United Kingdom,England,Leconfield
United Kingdom,England,Ledbury
United Kingdom,England,Ledsham
United Kingdom,England,Lee-on-the-Solent
United Kingdom,England,Leeds
United Kingdom,England,Leek
United Kingdom,England,Leek Wootton
United Kingdom,England,Leicester
United Kingdom,England,Leicestershire
United Kingdom,England,Leigh
United Kingdom,England,Leighton Buzzard
United Kingdom,England,Leiston
United Kingdom,England,Lenham
United Kingdom,England,Leominster
United Kingdom,England,Lesbury
United Kingdom,England,Letchworth
United Kingdom,England,Letchworth Garden City
United Kingdom,England,Leven
United Kingdom,England,Lewes
United Kingdom,England,Leyburn
United Kingdom,England,Leyland
United Kingdom,England,Leysdown-on-Sea
United Kingdom,England,Lichfield
United Kingdom,England,Lidlington
United Kingdom,England,Lifton
United Kingdom,England,Lightwater
United Kingdom,England,Limpley Stoke
United Kingdom,England,Lincoln
United Kingdom,England,Lincolnshire
United Kingdom,England,Lingdale
United Kingdom,England,Lingfield
United Kingdom,England,Lingwood
United Kingdom,England,Linthwaite
United Kingdom,England,Linton
United Kingdom,England,Linton upon Ouse
United Kingdom,England,Liphook
United Kingdom,England,Liskeard
United Kingdom,England,Liss
United Kingdom,England,Litherland
United Kingdom,England,Little Amwell
United Kingdom,England,Little Chalfont
United Kingdom,England,Little Clacton
United Kingdom,England,Little Dunmow
United Kingdom,England,Little Eaton
United Kingdom,England,Little Hallingbury
United Kingdom,England,Little Hulton
United Kingdom,England,Little Lever
United Kingdom,England,Little Paxton
United Kingdom,England,Little Weighton
United Kingdom,England,Littleborough
United Kingdom,England,Littlebourne
United Kingdom,England,Littlehampton
United Kingdom,England,Littleport
United Kingdom,England,Liverpool
United Kingdom,England,Liversedge
United Kingdom,England,Locking
United Kingdom,England,Lockington
United Kingdom,England,Loddon
United Kingdom,England,Lofthouse
United Kingdom,England,Loftus
United Kingdom,England,London
United Kingdom,England,Long Ashton
United Kingdom,England,Long Bennington
United Kingdom,England,Long Buckby
United Kingdom,England,Long Clawson
United Kingdom,England,Long Crendon
United Kingdom,England,Long Eaton
United Kingdom,England,Long Itchington
United Kingdom,England,Long Lawford
United Kingdom,England,Long Melford
United Kingdom,England,Long Stratton
United Kingdom,England,Long Sutton
United Kingdom,England,Long Whatton
United Kingdom,England,Longdendale
United Kingdom,England,Longfield
United Kingdom,England,Longhope
United Kingdom,England,Longhorsley
United Kingdom,England,Longhoughton
United Kingdom,England,Longridge
United Kingdom,England,Longsight
United Kingdom,England,Longstanton
United Kingdom,England,Longton
United Kingdom,England,Longtown
United Kingdom,England,Longwick
United Kingdom,England,Looe
United Kingdom,England,Lostwithiel
United Kingdom,England,Loughborough
United Kingdom,England,Louth
United Kingdom,England,Low Ackworth
United Kingdom,England,Low Bradley
United Kingdom,England,Low Etherley
United Kingdom,England,Lowdham
United Kingdom,England,Lower Brailes
United Kingdom,England,Lower Broadheath
United Kingdom,England,Lower Earley
United Kingdom,England,Lower Halstow
United Kingdom,England,Lower Kingswood
United Kingdom,England,Lowestoft
United Kingdom,England,Lowick
United Kingdom,England,Luckington
United Kingdom,England,Luddenden Foot
United Kingdom,England,Ludgershall
United Kingdom,England,Ludlow
United Kingdom,England,Lugwardine
United Kingdom,England,Lund
United Kingdom,England,Luton
United Kingdom,England,Lutterworth
United Kingdom,England,Lydbrook
United Kingdom,England,Lydd
United Kingdom,England,Lydiard Millicent
United Kingdom,England,Lydney
United Kingdom,England,Lyme Regis
United Kingdom,England,Lyminge
United Kingdom,England,Lymington
United Kingdom,England,Lymm
United Kingdom,England,Lympne
United Kingdom,England,Lympstone
United Kingdom,England,Lyndhurst
United Kingdom,England,Lyneham
United Kingdom,England,Lynemouth
United Kingdom,England,Lynton
United Kingdom,England,Lytchett Matravers
United Kingdom,England,Lytham St Annes
United Kingdom,England,Mablethorpe
United Kingdom,England,Macclesfield
United Kingdom,England,Madeley
United Kingdom,England,Maghull
United Kingdom,England,Maiden Newton
United Kingdom,England,Maidenbower
United Kingdom,England,Maidenhead
United Kingdom,England,Maidstone
United Kingdom,England,Maldon
United Kingdom,England,Malmesbury
United Kingdom,England,Malpas
United Kingdom,England,Maltby
United Kingdom,England,Malton
United Kingdom,England,Manby
United Kingdom,England,Manchester
United Kingdom,England,Manea
United Kingdom,England,Mangotsfield
United Kingdom,England,Manningtree
United Kingdom,England,Mansfield
United Kingdom,England,Mansfield Woodhouse
United Kingdom,England,Manston
United Kingdom,England,Manton
United Kingdom,England,Maple Cross
United Kingdom,England,Marazion
United Kingdom,England,March
United Kingdom,England,Marcham
United Kingdom,England,Marchwood
United Kingdom,England,Marden
United Kingdom,England,Margate
United Kingdom,England,Market Bosworth
United Kingdom,England,Market Deeping
United Kingdom,England,Market Drayton
United Kingdom,England,Market Harborough
United Kingdom,England,Market Lavington
United Kingdom,England,Market Overton
United Kingdom,England,Market Rasen
United Kingdom,England,Market Warsop
United Kingdom,England,Market Weighton
United Kingdom,England,Markfield
United Kingdom,England,Marks Tey
United Kingdom,England,Markyate
United Kingdom,England,Marlborough
United Kingdom,England,Marldon
United Kingdom,England,Marlow
United Kingdom,England,Marnhull
United Kingdom,England,Marple
United Kingdom,England,Marr
United Kingdom,England,Marsden
United Kingdom,England,Marshfield
United Kingdom,England,Marske-by-the-Sea
United Kingdom,England,Marston Moretaine
United Kingdom,England,Martham
United Kingdom,England,Martock
United Kingdom,England,Maryport
United Kingdom,England,Masham
United Kingdom,England,Matlock
United Kingdom,England,Mattishall
United Kingdom,England,Maulden
United Kingdom,England,Mayfield
United Kingdom,England,Mayland
United Kingdom,England,Measham
United Kingdom,England,Medway
United Kingdom,England,Melbourn
United Kingdom,England,Melbourne
United Kingdom,England,Meldreth
United Kingdom,England,Melksham
United Kingdom,England,Meltham
United Kingdom,England,Meltham Mills
United Kingdom,England,Melton Mowbray
United Kingdom,England,Mendip
United Kingdom,England,Menston
United Kingdom,England,Meopham
United Kingdom,England,Meppershall
United Kingdom,England,Mere
United Kingdom,England,Meriden
United Kingdom,England,Merriott
United Kingdom,England,Messingham
United Kingdom,England,Metheringham
United Kingdom,England,Methley
United Kingdom,England,Metropolitan Borough of Wirral
United Kingdom,England,Mevagissey
United Kingdom,England,Mexborough
United Kingdom,England,Mickle Trafford
United Kingdom,England,Mickleton
United Kingdom,England,Middle Rasen
United Kingdom,England,Middle Winterslow
United Kingdom,England,Middlesbrough
United Kingdom,England,Middlestown
United Kingdom,England,Middleton
United Kingdom,England,Middlewich
United Kingdom,England,Midhurst
United Kingdom,England,Midsomer Norton
United Kingdom,England,Milborne Port
United Kingdom,England,Milborne St Andrew
United Kingdom,England,Mildenhall
United Kingdom,England,Milford
United Kingdom,England,Milford on Sea
United Kingdom,England,Millbrook
United Kingdom,England,Millom
United Kingdom,England,Milnrow
United Kingdom,England,Milnthorpe
United Kingdom,England,Milton Keynes
United Kingdom,England,Milverton
United Kingdom,England,Minchinhampton
United Kingdom,England,Minehead
United Kingdom,England,Minety
United Kingdom,England,Minster Lovell
United Kingdom,England,Minsterley
United Kingdom,England,Mirfield
United Kingdom,England,Misterton
United Kingdom,England,Mistley
United Kingdom,England,Mitcham
United Kingdom,England,Mitcheldean
United Kingdom,England,Mobberley
United Kingdom,England,Modbury
United Kingdom,England,Moira
United Kingdom,England,Mollington
United Kingdom,England,Monk Fryston
United Kingdom,England,Morchard Bishop
United Kingdom,England,Morcott
United Kingdom,England,Morden
United Kingdom,England,Morecambe
United Kingdom,England,Moreton
United Kingdom,England,Moreton in Marsh
United Kingdom,England,Moretonhampstead
United Kingdom,England,Morley
United Kingdom,England,Morpeth
United Kingdom,England,Moss
United Kingdom,England,Mossley
United Kingdom,England,Motcombe
United Kingdom,England,Mouldsworth
United Kingdom,England,Moulton Chapel
United Kingdom,England,Mount Hawke
United Kingdom,England,Mountsorrel
United Kingdom,England,Much Hadham
United Kingdom,England,Much Wenlock
United Kingdom,England,Mulbarton
United Kingdom,England,Mullion
United Kingdom,England,Mundesley
United Kingdom,England,Mundford
United Kingdom,England,Murton
United Kingdom,England,Mylor Bridge
United Kingdom,England,Mytholmroyd
United Kingdom,England,Nafferton
United Kingdom,England,Nailsea
United Kingdom,England,Nailsworth
United Kingdom,England,Nanpean
United Kingdom,England,Nantwich
United Kingdom,England,Narborough
United Kingdom,England,Navenby
United Kingdom,England,Necton
United Kingdom,England,Needham Market
United Kingdom,England,Needingworth
United Kingdom,England,Nelson
United Kingdom,England,Neston
United Kingdom,England,Nether Heyford
United Kingdom,England,Nether Poppleton
United Kingdom,England,Nether Stowey
United Kingdom,England,Netheravon
United Kingdom,England,Netherton
United Kingdom,England,Netley
United Kingdom,England,Nettleham
United Kingdom,England,New Alresford
United Kingdom,England,New Basford
United Kingdom,England,New Ferry
United Kingdom,England,New Malden
United Kingdom,England,New Marske
United Kingdom,England,New Mills
United Kingdom,England,New Milton
United Kingdom,England,New Romney
United Kingdom,England,Newark on Trent
United Kingdom,England,Newbiggin-by-the-Sea
United Kingdom,England,Newbold Verdon
United Kingdom,England,Newburn
United Kingdom,England,Newbury
United Kingdom,England,Newcastle under Lyme
United Kingdom,England,Newcastle upon Tyne
United Kingdom,England,Newchurch
United Kingdom,England,Newent
United Kingdom,England,Newhaven
United Kingdom,England,Newick
United Kingdom,England,Newington
United Kingdom,England,Newmarket
United Kingdom,England,Newport
United Kingdom,England,Newport Pagnell
United Kingdom,England,Newquay
United Kingdom,England,Newton Abbot
United Kingdom,England,Newton Aycliffe
United Kingdom,England,Newton Ferrers
United Kingdom,England,Newton Longville
United Kingdom,England,Newton Poppleford
United Kingdom,England,Newton-le-Willows
United Kingdom,England,Ninfield
United Kingdom,England,Niton
United Kingdom,England,Norfolk
United Kingdom,England,Normandy
United Kingdom,England,North Baddesley
United Kingdom,England,North Cave
United Kingdom,England,North Collingham
United Kingdom,England,North Duffield
United Kingdom,England,North East Lincolnshire
United Kingdom,England,North Elmham
United Kingdom,England,North Ferriby
United Kingdom,England,North Leigh
United Kingdom,England,North Lincolnshire
United Kingdom,England,North Luffenham
United Kingdom,England,North Newbald
United Kingdom,England,North Petherton
United Kingdom,England,North Shields
United Kingdom,England,North Somercotes
United Kingdom,England,North Somerset
United Kingdom,England,North Sunderland
United Kingdom,England,North Tawton
United Kingdom,England,North Thoresby
United Kingdom,England,North Walsham
United Kingdom,England,North Yorkshire
United Kingdom,England,Northallerton
United Kingdom,England,Northam
United Kingdom,England,Northampton
United Kingdom,England,Northamptonshire
United Kingdom,England,Northborough
United Kingdom,England,Northiam
United Kingdom,England,Northleach
United Kingdom,England,Northolt
United Kingdom,England,Northorpe
United Kingdom,England,Northumberland
United Kingdom,England,Northwich
United Kingdom,England,Norton
United Kingdom,England,Norton Canes
United Kingdom,England,Norwich
United Kingdom,England,Nottingham
United Kingdom,England,Nottinghamshire
United Kingdom,England,Notton
United Kingdom,England,Nuneaton
United Kingdom,England,Oadby
United Kingdom,England,Oakengates
United Kingdom,England,Oakham
United Kingdom,England,Oakington
United Kingdom,England,Oakley
United Kingdom,England,Odiham
United Kingdom,England,Okehampton
United Kingdom,England,Old Basing
United Kingdom,England,Old Harlow
United Kingdom,England,Old Leake
United Kingdom,England,Old Windsor
United Kingdom,England,Oldbury
United Kingdom,England,Oldham
United Kingdom,England,Olney
United Kingdom,England,Olveston
United Kingdom,England,Orleton
United Kingdom,England,Ormesby St Margaret
United Kingdom,England,Ormskirk
United Kingdom,England,Orpington
United Kingdom,England,Orsett
United Kingdom,England,Orwell
United Kingdom,England,Ossett
United Kingdom,England,Oswestry
United Kingdom,England,Otford
United Kingdom,England,Otley
United Kingdom,England,Otterburn
United Kingdom,England,Ottershaw
United Kingdom,England,Ottery St Mary
United Kingdom,England,Ottringham
United Kingdom,England,Oughtibridge
United Kingdom,England,Oundle
United Kingdom,England,Outwell
United Kingdom,England,Over
United Kingdom,England,Overcombe
United Kingdom,England,Overstrand
United Kingdom,England,Overton
United Kingdom,England,Owston Ferry
United Kingdom,England,Oxenhope
United Kingdom,England,Oxford
United Kingdom,England,Oxfordshire
United Kingdom,England,Oxted
United Kingdom,England,Paddock Wood
United Kingdom,England,Padiham
United Kingdom,England,Padstow
United Kingdom,England,Paignton
United Kingdom,England,Painswick
United Kingdom,England,Pangbourne
United Kingdom,England,Pannal
United Kingdom,England,Pant
United Kingdom,England,Papworth Everard
United Kingdom,England,Par
United Kingdom,England,Parbold
United Kingdom,England,Parkstone
United Kingdom,England,Partington
United Kingdom,England,Partridge Green
United Kingdom,England,Pateley Bridge
United Kingdom,England,Patrington
United Kingdom,England,Pattingham
United Kingdom,England,Paulton
United Kingdom,England,Peacehaven
United Kingdom,England,Peasedown Saint John
United Kingdom,England,Peaslake
United Kingdom,England,Peckham
United Kingdom,England,Pegswood
United Kingdom,England,Pelsall
United Kingdom,England,Pelton
United Kingdom,England,Pembury
United Kingdom,England,Penistone
United Kingdom,England,Penkridge
United Kingdom,England,Penrith
United Kingdom,England,Penryn
United Kingdom,England,Pensilva
United Kingdom,England,Penzance
United Kingdom,England,Perranporth
United Kingdom,England,Perranwell
United Kingdom,England,Pershore
United Kingdom,England,Peterborough
United Kingdom,England,Peterlee
United Kingdom,England,Petersfield
United Kingdom,England,Petworth
United Kingdom,England,Pevensey
United Kingdom,England,Pevensey Bay
United Kingdom,England,Pewsey
United Kingdom,England,Pickering
United Kingdom,England,Pilning
United Kingdom,England,Pilsley
United Kingdom,England,Pimperne
United Kingdom,England,Pinchbeck
United Kingdom,England,Pinner
United Kingdom,England,Pinxton
United Kingdom,England,Pirton
United Kingdom,England,Pitsea
United Kingdom,England,Pitstone
United Kingdom,England,Plumpton Green
United Kingdom,England,Plymouth
United Kingdom,England,Plympton
United Kingdom,England,Plymstock
United Kingdom,England,Pocklington
United Kingdom,England,Podington
United Kingdom,England,Polesworth
United Kingdom,England,Pollington
United Kingdom,England,Polperro
United Kingdom,England,Polzeath
United Kingdom,England,Pontefract
United Kingdom,England,Ponteland
United Kingdom,England,Pontesbury
United Kingdom,England,Pool
United Kingdom,England,Poole
United Kingdom,England,Poringland
United Kingdom,England,Porlock
United Kingdom,England,Porthleven
United Kingdom,England,Portishead
United Kingdom,England,Portland
United Kingdom,England,Portscatho
United Kingdom,England,Portslade
United Kingdom,England,Portsmouth
United Kingdom,England,Potterne
United Kingdom,England,Potters Bar
United Kingdom,England,Potterspury
United Kingdom,England,Potton
United Kingdom,England,Poulton-le-Fylde
United Kingdom,England,Poynton
United Kingdom,England,Prees
United Kingdom,England,Preesall
United Kingdom,England,Prenton
United Kingdom,England,Prescot
United Kingdom,England,Prestbury
United Kingdom,England,Preston
United Kingdom,England,Prestwich
United Kingdom,England,Princes Risborough
United Kingdom,England,Princetown
United Kingdom,England,Priston
United Kingdom,England,Probus
United Kingdom,England,Prudhoe
United Kingdom,England,Publow
United Kingdom,England,Puckeridge
United Kingdom,England,Pucklechurch
United Kingdom,England,Puddletown
United Kingdom,England,Pudsey
United Kingdom,England,Pulborough
United Kingdom,England,Pulloxhill
United Kingdom,England,Purfleet
United Kingdom,England,Puriton
United Kingdom,England,Purley
United Kingdom,England,Purton
United Kingdom,England,Queenborough
United Kingdom,England,Queensbury
United Kingdom,England,Queniborough
United Kingdom,England,Quorndon
United Kingdom,England,Rackheath
United Kingdom,England,Radcliffe
United Kingdom,England,Radcliffe on Trent
United Kingdom,England,Radlett
United Kingdom,England,Radley
United Kingdom,England,Radstock
United Kingdom,England,Rainford
United Kingdom,England,Rainham
United Kingdom,England,Rainworth
United Kingdom,England,Ramsbottom
United Kingdom,England,Ramsbury
United Kingdom,England,Ramsey
United Kingdom,England,Ramsgate
United Kingdom,England,Ranskill
United Kingdom,England,Rastrick
United Kingdom,England,Ratby
United Kingdom,England,Raunds
United Kingdom,England,Ravenshead
United Kingdom,England,Ravenstone
United Kingdom,England,Rawcliffe
United Kingdom,England,Rawmarsh
United Kingdom,England,Rawtenstall
United Kingdom,England,Rayleigh
United Kingdom,England,Rayne
United Kingdom,England,Reading
United Kingdom,England,Redbourn
United Kingdom,England,Redbourne
United Kingdom,England,Redcar
United Kingdom,England,Redcar and Cleveland
United Kingdom,England,Redditch
United Kingdom,England,Redhill
United Kingdom,England,Redlynch
United Kingdom,England,Redruth
United Kingdom,England,Reedham
United Kingdom,England,Reepham
United Kingdom,England,Reigate
United Kingdom,England,Rendlesham
United Kingdom,England,Repton
United Kingdom,England,Retford
United Kingdom,England,Riccall
United Kingdom,England,Richmond
United Kingdom,England,Rickinghall
United Kingdom,England,Rickmansworth
United Kingdom,England,Ridgmont
United Kingdom,England,Rillington
United Kingdom,England,Ringmer
United Kingdom,England,Ringstead
United Kingdom,England,Ringwood
United Kingdom,England,Ripley
United Kingdom,England,Ripon
United Kingdom,England,Ripponden
United Kingdom,England,Riseley
United Kingdom,England,Rishton
United Kingdom,England,Roade
United Kingdom,England,Robertsbridge
United Kingdom,England,Rochdale
United Kingdom,England,Roche
United Kingdom,England,Rochester
United Kingdom,England,Rochford
United Kingdom,England,Rock
United Kingdom,England,Rode
United Kingdom,England,Rode Heath
United Kingdom,England,Romford
United Kingdom,England,Romney Marsh
United Kingdom,England,Romsey
United Kingdom,England,Romsley
United Kingdom,England,Roos
United Kingdom,England,Ross on Wye
United Kingdom,England,Rossendale
United Kingdom,England,Rothbury
United Kingdom,England,Rotherfield Peppard
United Kingdom,England,Rotherham
United Kingdom,England,Rothley
United Kingdom,England,Rothwell
United Kingdom,England,Rottingdean
United Kingdom,England,Rowde
United Kingdom,England,Rowhedge
United Kingdom,England,Rowlands Gill
United Kingdom,England,Rowley Regis
United Kingdom,England,Roxton
United Kingdom,England,Royal Borough of Windsor and Maidenhead
United Kingdom,England,Royal Leamington Spa
United Kingdom,England,Royal Tunbridge Wells
United Kingdom,England,Royal Wootton Bassett
United Kingdom,England,Roydon
United Kingdom,England,Royston
United Kingdom,England,Royton
United Kingdom,England,Ruardean
United Kingdom,England,Ruddington
United Kingdom,England,Rudgwick
United Kingdom,England,Rufford
United Kingdom,England,Rugby
United Kingdom,England,Rugeley
United Kingdom,England,Ruislip
United Kingdom,England,Runcorn
United Kingdom,England,Rushden
United Kingdom,England,Ruskington
United Kingdom,England,Rusthall
United Kingdom,England,Rustington
United Kingdom,England,Ruyton-XI-Towns
United Kingdom,England,Ryde
United Kingdom,England,Rye
United Kingdom,England,Ryhall
United Kingdom,England,Ryhill
United Kingdom,England,Ryhope
United Kingdom,England,Ryton
United Kingdom,England,Ryton on Dunsmore
United Kingdom,England,Sabden
United Kingdom,England,Sacriston
United Kingdom,England,Saffron Walden
United Kingdom,England,Saint Agnes
United Kingdom,England,Saint Bees
United Kingdom,England,Saint Columb Major
United Kingdom,England,Saint Dennis
United Kingdom,England,Saint Leonards-on-Sea
United Kingdom,England,Saint Neots
United Kingdom,England,Saint Osyth
United Kingdom,England,Saint Peters
United Kingdom,England,Saint Stephen
United Kingdom,England,Salcombe
United Kingdom,England,Sale
United Kingdom,England,Salford
United Kingdom,England,Salfords
United Kingdom,England,Salisbury
United Kingdom,England,Saltash
United Kingdom,England,Saltburn-by-the-Sea
United Kingdom,England,Saltford
United Kingdom,England,Sampford Peverell
United Kingdom,England,Sandbach
United Kingdom,England,Sandford
United Kingdom,England,Sandown
United Kingdom,England,Sandwell
United Kingdom,England,Sandwich
United Kingdom,England,Sandy
United Kingdom,England,Sapcote
United Kingdom,England,Saughall
United Kingdom,England,Sawbridgeworth
United Kingdom,England,Sawston
United Kingdom,England,Sawtry
United Kingdom,England,Saxilby
United Kingdom,England,Saxmundham
United Kingdom,England,Scalby
United Kingdom,England,Scarborough
United Kingdom,England,Scarcroft
United Kingdom,England,Scawby
United Kingdom,England,Scholes
United Kingdom,England,Scole
United Kingdom,England,Scorton
United Kingdom,England,Scotby
United Kingdom,England,Scotter
United Kingdom,England,Scunthorpe
United Kingdom,England,Seaford
United Kingdom,England,Seaham
United Kingdom,England,Seahouses
United Kingdom,England,Seascale
United Kingdom,England,Seaton
United Kingdom,England,Seaton Delaval
United Kingdom,England,Seaview
United Kingdom,England,Sedbergh
United Kingdom,England,Sedgefield
United Kingdom,England,Seend
United Kingdom,England,Seer Green
United Kingdom,England,Sefton
United Kingdom,England,Seghill
United Kingdom,England,Selby
United Kingdom,England,Selsey
United Kingdom,England,Send
United Kingdom,England,Settle
United Kingdom,England,Sevenoaks
United Kingdom,England,Severn Beach
United Kingdom,England,Shadoxhurst
United Kingdom,England,Shadwell
United Kingdom,England,Shaftesbury
United Kingdom,England,Shalbourne
United Kingdom,England,Shalfleet
United Kingdom,England,Shanklin
United Kingdom,England,Shap
United Kingdom,England,Sharlston
United Kingdom,England,Sharnbrook
United Kingdom,England,Sharpness
United Kingdom,England,Shaw
United Kingdom,England,Shawbury
United Kingdom,England,Sheerness
United Kingdom,England,Sheffield
United Kingdom,England,Shefford
United Kingdom,England,Shelley
United Kingdom,England,Shenley
United Kingdom,England,Shenstone
United Kingdom,England,Shepherdswell
United Kingdom,England,Shepley
United Kingdom,England,Shepperton
United Kingdom,England,Shepshed
United Kingdom,England,Shepton Mallet
United Kingdom,England,Sherborne
United Kingdom,England,Sherborne St John
United Kingdom,England,Sherburn
United Kingdom,England,Sherburn Hill
United Kingdom,England,Sherburn in Elmet
United Kingdom,England,Sheriff Hutton
United Kingdom,England,Sheringham
United Kingdom,England,Sherington
United Kingdom,England,Sherston
United Kingdom,England,Shevington
United Kingdom,England,Shifnal
United Kingdom,England,Shilbottle
United Kingdom,England,Shildon
United Kingdom,England,Shillingstone
United Kingdom,England,Shillington
United Kingdom,England,Shipdham
United Kingdom,England,Shipham
United Kingdom,England,Shipley
United Kingdom,England,Shipston on Stour
United Kingdom,England,Shipton under Wychwood
United Kingdom,England,Shirebrook
United Kingdom,England,Shiremoor
United Kingdom,England,Shirland
United Kingdom,England,Shirley
United Kingdom,England,Shoreham-by-Sea
United Kingdom,England,Shortlands
United Kingdom,England,Shotley Gate
United Kingdom,England,Shrewsbury
United Kingdom,England,Shrewton
United Kingdom,England,Shrivenham
United Kingdom,England,Shropshire
United Kingdom,England,Shurdington
United Kingdom,England,Sible Hedingham
United Kingdom,England,Sibsey
United Kingdom,England,Sidcup
United Kingdom,England,Sidmouth
United Kingdom,England,Sileby
United Kingdom,England,Silkstone
United Kingdom,England,Silloth
United Kingdom,England,Silsden
United Kingdom,England,Silsoe
United Kingdom,England,Silver End
United Kingdom,England,Silverdale
United Kingdom,England,Silverstone
United Kingdom,England,Silverton
United Kingdom,England,Sinfin
United Kingdom,England,Sissinghurst
United Kingdom,England,Sittingbourne
United Kingdom,England,Skegness
United Kingdom,England,Skellingthorpe
United Kingdom,England,Skelmersdale
United Kingdom,England,Skelton
United Kingdom,England,Skidby
United Kingdom,England,Skinningrove
United Kingdom,England,Skipsea
United Kingdom,England,Skipton
United Kingdom,England,Slaley
United Kingdom,England,Sleaford
United Kingdom,England,Sleights
United Kingdom,England,Slinfold
United Kingdom,England,Slough
United Kingdom,England,Smethwick
United Kingdom,England,Snaith
United Kingdom,England,Snettisham
United Kingdom,England,Snodland
United Kingdom,England,Soham
United Kingdom,England,Solihull
United Kingdom,England,Somerset
United Kingdom,England,Somersham
United Kingdom,England,Somerton
United Kingdom,England,Sonning Common
United Kingdom,England,South Benfleet
United Kingdom,England,South Brent
United Kingdom,England,South Cave
United Kingdom,England,South Cerney
United Kingdom,England,South Chailey
United Kingdom,England,South Collingham
United Kingdom,England,South Croydon
United Kingdom,England,South Elmsall
United Kingdom,England,South Gloucestershire
United Kingdom,England,South Harting
United Kingdom,England,South Hayling
United Kingdom,England,South Hetton
United Kingdom,England,South Littleton
United Kingdom,England,South Luffenham
United Kingdom,England,South Milford
United Kingdom,England,South Molton
United Kingdom,England,South Nutfield
United Kingdom,England,South Ockendon
United Kingdom,England,South Petherton
United Kingdom,England,South Shields
United Kingdom,England,South Tyneside
United Kingdom,England,South Wingfield
United Kingdom,England,South Witham
United Kingdom,England,Southall
United Kingdom,England,Southam
United Kingdom,England,Southampton
United Kingdom,England,Southchurch Village
United Kingdom,England,Southend-on-Sea
United Kingdom,England,Southery
United Kingdom,England,Southminster
United Kingdom,England,Southowram
United Kingdom,England,Southport
United Kingdom,England,Southsea
United Kingdom,England,Southwater
United Kingdom,England,Southwell
United Kingdom,England,Southwick
United Kingdom,England,Southwold
United Kingdom,England,Sowerby Bridge
United Kingdom,England,Spalding
United Kingdom,England,Speldhurst
United Kingdom,England,Spennymoor
United Kingdom,England,Spilsby
United Kingdom,England,Spixworth
United Kingdom,England,Spofforth
United Kingdom,England,Spratton
United Kingdom,England,Sproatley
United Kingdom,England,St Albans
United Kingdom,England,St Austell
United Kingdom,England,St Helens
United Kingdom,England,St Ives
United Kingdom,England,St Just
United Kingdom,England,St Leonards
United Kingdom,England,St Mary's
United Kingdom,England,St Mary's Bay
United Kingdom,England,St. Day
United Kingdom,England,St. Helens
United Kingdom,England,Stafford
United Kingdom,England,Staffordshire
United Kingdom,England,Stagsden
United Kingdom,England,Stainburn
United Kingdom,England,Staindrop
United Kingdom,England,Staines
United Kingdom,England,Stainforth
United Kingdom,England,Stakeford
United Kingdom,England,Stalbridge
United Kingdom,England,Stalham
United Kingdom,England,Stallingborough
United Kingdom,England,Stalybridge
United Kingdom,England,Stamford
United Kingdom,England,Stamford Bridge
United Kingdom,England,Stanbridge
United Kingdom,England,Standlake
United Kingdom,England,Standon
United Kingdom,England,Stanford in the Vale
United Kingdom,England,Stanford-le-Hope
United Kingdom,England,Stanhope
United Kingdom,England,Stanley
United Kingdom,England,Stanmore
United Kingdom,England,Stannington
United Kingdom,England,Stansted Mountfitchet
United Kingdom,England,Stanwick
United Kingdom,England,Staplehurst
United Kingdom,England,Starcross
United Kingdom,England,Startforth
United Kingdom,England,Staveley
United Kingdom,England,Steeple Bumpstead
United Kingdom,England,Steeple Claydon
United Kingdom,England,Steeton
United Kingdom,England,Stevenage
United Kingdom,England,Steventon
United Kingdom,England,Stevington
United Kingdom,England,Stewartby
United Kingdom,England,Stewkley
United Kingdom,England,Steyning
United Kingdom,England,Stickney
United Kingdom,England,Stillington
United Kingdom,England,Stilton
United Kingdom,England,Stithians
United Kingdom,England,Stock
United Kingdom,England,Stockport
United Kingdom,England,Stocksbridge
United Kingdom,England,Stocksfield
United Kingdom,England,Stockton
United Kingdom,England,Stockton Heath
United Kingdom,England,Stockton-on-Tees
United Kingdom,England,Stoke Ferry
United Kingdom,England,Stoke Gabriel
United Kingdom,England,Stoke Gifford
United Kingdom,England,Stoke Golding
United Kingdom,England,Stoke Goldington
United Kingdom,England,Stoke Poges
United Kingdom,England,Stoke Prior
United Kingdom,England,Stoke-on-Trent
United Kingdom,England,Stoke-sub-Hamdon
United Kingdom,England,Stokenchurch
United Kingdom,England,Stokesley
United Kingdom,England,Stone
United Kingdom,England,Stonehouse
United Kingdom,England,Stonesfield
United Kingdom,England,Stoney Stanton
United Kingdom,England,Storrington
United Kingdom,England,Stotfold
United Kingdom,England,Stourbridge
United Kingdom,England,Stourport-on-Severn
United Kingdom,England,Stow on the Wold
United Kingdom,England,Stowmarket
United Kingdom,England,Stradbroke
United Kingdom,England,Stratfield Mortimer
United Kingdom,England,Stratford-upon-Avon
United Kingdom,England,Stratton
United Kingdom,England,Streatley
United Kingdom,England,Street
United Kingdom,England,Streetly
United Kingdom,England,Strensall
United Kingdom,England,Stretford
United Kingdom,England,Stretham
United Kingdom,England,Strood
United Kingdom,England,Stroud
United Kingdom,England,Studley
United Kingdom,England,Sturminster Marshall
United Kingdom,England,Sturminster Newton
United Kingdom,England,Sturry
United Kingdom,England,Sudbrooke
United Kingdom,England,Sudbury
United Kingdom,England,Suffolk
United Kingdom,England,Sunbury-on-Thames
United Kingdom,England,Sunderland
United Kingdom,England,Sundridge
United Kingdom,England,Surbiton
United Kingdom,England,Surrey
United Kingdom,England,Sutterton
United Kingdom,England,Sutton
United Kingdom,England,Sutton Benger
United Kingdom,England,Sutton Bonington
United Kingdom,England,Sutton Bridge
United Kingdom,England,Sutton Coldfield
United Kingdom,England,Sutton Courtenay
United Kingdom,England,Sutton in Ashfield
United Kingdom,England,Sutton on Trent
United Kingdom,England,Sutton upon Derwent
United Kingdom,England,Swadlincote
United Kingdom,England,Swaffham
United Kingdom,England,Swanage
United Kingdom,England,Swanley
United Kingdom,England,Swanmore
United Kingdom,England,Swanscombe
United Kingdom,England,Swarthmoor
United Kingdom,England,Swavesey
United Kingdom,England,Sway
United Kingdom,England,Swillington
United Kingdom,England,Swindon
United Kingdom,England,Swineshead
United Kingdom,England,Swinton
United Kingdom,England,Syston
United Kingdom,England,Sywell
United Kingdom,England,Tadcaster
United Kingdom,England,Tadley
United Kingdom,England,Tadworth
United Kingdom,England,Takeley
United Kingdom,England,Tamworth
United Kingdom,England,Tanfield
United Kingdom,England,Tangmere
United Kingdom,England,Tankerton
United Kingdom,England,Tansley
United Kingdom,England,Tarleton
United Kingdom,England,Tarporley
United Kingdom,England,Tarvin
United Kingdom,England,Tattenhall
United Kingdom,England,Taunton
United Kingdom,England,Tavistock
United Kingdom,England,Teddington
United Kingdom,England,Teignmouth
United Kingdom,England,Telford
United Kingdom,England,Telford and Wrekin
United Kingdom,England,Templecombe
United Kingdom,England,Tempsford
United Kingdom,England,Tenbury Wells
United Kingdom,England,Tenterden
United Kingdom,England,Terrington Saint John
United Kingdom,England,Terrington St Clement
United Kingdom,England,Tetbury
United Kingdom,England,Tetney
United Kingdom,England,Tewkesbury
United Kingdom,England,Teynham
United Kingdom,England,Thame
United Kingdom,England,Thames Ditton
United Kingdom,England,Thatcham
United Kingdom,England,Thaxted
United Kingdom,England,The Boldons
United Kingdom,England,Theale
United Kingdom,England,Thetford
United Kingdom,England,Theydon Bois
United Kingdom,England,Thirsk
United Kingdom,England,Thornaby-on-Tees
United Kingdom,England,Thornbury
United Kingdom,England,Thorne
United Kingdom,England,Thorner
United Kingdom,England,Thorney
United Kingdom,England,Thorngumbald
United Kingdom,England,Thornley
United Kingdom,England,Thornton Dale
United Kingdom,England,Thornton Heath
United Kingdom,England,Thornton-Cleveleys
United Kingdom,England,Thorp Arch
United Kingdom,England,Thorpe Hamlet
United Kingdom,England,Thorpe le Soken
United Kingdom,England,Thrapston
United Kingdom,England,Three Legged Cross
United Kingdom,England,Thurlby
United Kingdom,England,Thurlton
United Kingdom,England,Thurston
United Kingdom,England,Tibshelf
United Kingdom,England,Ticehurst
United Kingdom,England,Tickhill
United Kingdom,England,Tickton
United Kingdom,England,Tideswell
United Kingdom,England,Tidworth
United Kingdom,England,Tilbury
United Kingdom,England,Timperley
United Kingdom,England,Timsbury
United Kingdom,England,Tingewick
United Kingdom,England,Tintagel
United Kingdom,England,Tipton
United Kingdom,England,Tiptree
United Kingdom,England,Tisbury
United Kingdom,England,Tiverton
United Kingdom,England,Toddington
United Kingdom,England,Todmorden
United Kingdom,England,Todwick
United Kingdom,England,Tollesbury
United Kingdom,England,Tolleshunt Knights
United Kingdom,England,Tonbridge
United Kingdom,England,Topsham
United Kingdom,England,Torpoint
United Kingdom,England,Torquay
United Kingdom,England,Totnes
United Kingdom,England,Totternhoe
United Kingdom,England,Tottington
United Kingdom,England,Totton
United Kingdom,England,Tow Law
United Kingdom,England,Towcester
United Kingdom,England,Town Row
United Kingdom,England,Trafford
United Kingdom,England,Trafford Park
United Kingdom,England,Treeton
United Kingdom,England,Trimdon
United Kingdom,England,Trimdon Grange
United Kingdom,England,Tring
United Kingdom,England,Trowbridge
United Kingdom,England,Truro
United Kingdom,England,Tunstall
United Kingdom,England,Tuxford
United Kingdom,England,Twyford
United Kingdom,England,Tyldesley
United Kingdom,England,Tynemouth
United Kingdom,England,Tytherington
United Kingdom,England,Uckfield
United Kingdom,England,Uffculme
United Kingdom,England,Ulceby
United Kingdom,England,Ulrome
United Kingdom,England,Ulverston
United Kingdom,England,Uny Lelant
United Kingdom,England,Upchurch
United Kingdom,England,Upminster
United Kingdom,England,Upper Basildon
United Kingdom,England,Upper Langwith
United Kingdom,England,Upper Poppleton
United Kingdom,England,Uppingham
United Kingdom,England,Upton
United Kingdom,England,Upton Scudamore
United Kingdom,England,Upton upon Severn
United Kingdom,England,Upwell
United Kingdom,England,Urmston
United Kingdom,England,Ushaw Moor
United Kingdom,England,Uttoxeter
United Kingdom,England,Ventnor
United Kingdom,England,Verwood
United Kingdom,England,Virginia Water
United Kingdom,England,Waddesdon
United Kingdom,England,Waddington
United Kingdom,England,Wadebridge
United Kingdom,England,Wadhurst
United Kingdom,England,Wadworth
United Kingdom,England,Wainfleet All Saints
United Kingdom,England,Wakefield
United Kingdom,England,Walberton
United Kingdom,England,Wales
United Kingdom,England,Walkden
United Kingdom,England,Walkern
United Kingdom,England,Walkington
United Kingdom,England,Wallasey
United Kingdom,England,Wallingford
United Kingdom,England,Wallsend
United Kingdom,England,Walsall
United Kingdom,England,Walsden
United Kingdom,England,Waltham
United Kingdom,England,Waltham Abbey
United Kingdom,England,Waltham Cross
United Kingdom,England,Walton
United Kingdom,England,Walton-on-Thames
United Kingdom,England,Walton-on-the-Naze
United Kingdom,England,Wanborough
United Kingdom,England,Wansford
United Kingdom,England,Wantage
United Kingdom,England,Warboys
United Kingdom,England,Wardle
United Kingdom,England,Ware
United Kingdom,England,Wareham
United Kingdom,England,Wargrave
United Kingdom,England,Warkworth
United Kingdom,England,Warlingham
United Kingdom,England,Warminster
United Kingdom,England,Warnham
United Kingdom,England,Warrington
United Kingdom,England,Warsop
United Kingdom,England,Warton
United Kingdom,England,Warwick
United Kingdom,England,Warwickshire
United Kingdom,England,Washingborough
United Kingdom,England,Washington
United Kingdom,England,Washwood Heath
United Kingdom,England,Watchet
United Kingdom,England,Water Eaton
United Kingdom,England,Water Orton
United Kingdom,England,Waterbeach
United Kingdom,England,Wateringbury
United Kingdom,England,Waterloo
United Kingdom,England,Waterlooville
United Kingdom,England,Watford
United Kingdom,England,Wath upon Dearne
United Kingdom,England,Watlington
United Kingdom,England,Wattisham
United Kingdom,England,Watton
United Kingdom,England,Watton at Stone
United Kingdom,England,Weaverham
United Kingdom,England,Wedmore
United Kingdom,England,Wednesbury
United Kingdom,England,Wednesfield
United Kingdom,England,Weedon Beck
United Kingdom,England,Weeting
United Kingdom,England,Welford
United Kingdom,England,Wellesbourne
United Kingdom,England,Wellesbourne Mountford
United Kingdom,England,Welling
United Kingdom,England,Wellingborough
United Kingdom,England,Wellington
United Kingdom,England,Wellow
United Kingdom,England,Wells
United Kingdom,England,Wells-next-the-Sea
United Kingdom,England,Welwyn
United Kingdom,England,Welwyn Garden City
United Kingdom,England,Wem
United Kingdom,England,Wembley
United Kingdom,England,Wembury
United Kingdom,England,Wendover
United Kingdom,England,Wentworth
United Kingdom,England,Weobley
United Kingdom,England,West Bergholt
United Kingdom,England,West Berkshire
United Kingdom,England,West Bridgford
United Kingdom,England,West Bromwich
United Kingdom,England,West Byfleet
United Kingdom,England,West Clandon
United Kingdom,England,West Coker
United Kingdom,England,West Cornforth
United Kingdom,England,West Drayton
United Kingdom,England,West End
United Kingdom,England,West End of London
United Kingdom,England,West Haddon
United Kingdom,England,West Hallam
United Kingdom,England,West Horsley
United Kingdom,England,West Ilsley
United Kingdom,England,West Kingsdown
United Kingdom,England,West Kirby
United Kingdom,England,West Malling
United Kingdom,England,West Mersea
United Kingdom,England,West Molesey
United Kingdom,England,West Rainton
United Kingdom,England,West Sussex
United Kingdom,England,West Thurrock
United Kingdom,England,West Walton
United Kingdom,England,West Wellow
United Kingdom,England,West Wickham
United Kingdom,England,Westbury
United Kingdom,England,Westcliff-on-Sea
United Kingdom,England,Westcott
United Kingdom,England,Westergate
United Kingdom,England,Westerham
United Kingdom,England,Westfield
United Kingdom,England,Westgate on Sea
United Kingdom,England,Westhoughton
United Kingdom,England,Weston
United Kingdom,England,Weston Turville
United Kingdom,England,Weston-super-Mare
United Kingdom,England,Westoning
United Kingdom,England,Westonzoyland
United Kingdom,England,Westwood
United Kingdom,England,Wetheral
United Kingdom,England,Wetherby
United Kingdom,England,Wetwang
United Kingdom,England,Weybridge
United Kingdom,England,Weymouth
United Kingdom,England,Whaley Bridge
United Kingdom,England,Whalley
United Kingdom,England,Whaplode
United Kingdom,England,Wheathampstead
United Kingdom,England,Wheatley
United Kingdom,England,Wheaton Aston
United Kingdom,England,Wheldrake
United Kingdom,England,Whickham
United Kingdom,England,Whimple
United Kingdom,England,Whitburn
United Kingdom,England,Whitby
United Kingdom,England,Whitchurch
United Kingdom,England,White Waltham
United Kingdom,England,Whitefield
United Kingdom,England,Whitehaven
United Kingdom,England,Whiteparish
United Kingdom,England,Whitley
United Kingdom,England,Whitley Bay
United Kingdom,England,Whitstable
United Kingdom,England,Whittingham
United Kingdom,England,Whittington
United Kingdom,England,Whittlesey
United Kingdom,England,Whittlesford
United Kingdom,England,Whitwell
United Kingdom,England,Whitworth
United Kingdom,England,Whyteleafe
United Kingdom,England,Wick
United Kingdom,England,Wickford
United Kingdom,England,Wickham
United Kingdom,England,Wickham Bishops
United Kingdom,England,Wickham Market
United Kingdom,England,Wickwar
United Kingdom,England,Wideopen
United Kingdom,England,Widnes
United Kingdom,England,Wigan
United Kingdom,England,Wigmore
United Kingdom,England,Wigston Magna
United Kingdom,England,Wigton
United Kingdom,England,Wilberfoss
United Kingdom,England,Wilburton
United Kingdom,England,Willand
United Kingdom,England,Willaston
United Kingdom,England,Willenhall
United Kingdom,England,Willingham
United Kingdom,England,Willington
United Kingdom,England,Williton
United Kingdom,England,Wilmcote
United Kingdom,England,Wilmslow
United Kingdom,England,Wilsden
United Kingdom,England,Wilstead
United Kingdom,England,Wilton
United Kingdom,England,Wiltshire
United Kingdom,England,Wimblington
United Kingdom,England,Wimborne Minster
United Kingdom,England,Wincanton
United Kingdom,England,Winchcombe
United Kingdom,England,Winchelsea Beach
United Kingdom,England,Winchester
United Kingdom,England,Windermere
United Kingdom,England,Windlesham
United Kingdom,England,Windsor
United Kingdom,England,Winford
United Kingdom,England,Wing
United Kingdom,England,Wingate
United Kingdom,England,Wingerworth
United Kingdom,England,Wingham
United Kingdom,England,Wingrave
United Kingdom,England,Winkleigh
United Kingdom,England,Winscombe
United Kingdom,England,Winsford
United Kingdom,England,Winslow
United Kingdom,England,Winterbourne
United Kingdom,England,Winterton
United Kingdom,England,Winwick
United Kingdom,England,Wirksworth
United Kingdom,England,Wisbech
United Kingdom,England,Witchford
United Kingdom,England,Witham
United Kingdom,England,Witheridge
United Kingdom,England,Withernsea
United Kingdom,England,Witley
United Kingdom,England,Witney
United Kingdom,England,Wittering
United Kingdom,England,Witton Gilbert
United Kingdom,England,Wiveliscombe
United Kingdom,England,Wivelsfield Green
United Kingdom,England,Wivenhoe
United Kingdom,England,Woburn
United Kingdom,England,Woburn Sands
United Kingdom,England,Woking
United Kingdom,England,Wokingham
United Kingdom,England,Wold Newton
United Kingdom,England,Woldingham
United Kingdom,England,Wollaston
United Kingdom,England,Wolsingham
United Kingdom,England,Wolston
United Kingdom,England,Wolvercote
United Kingdom,England,Wolverhampton
United Kingdom,England,Wombourn
United Kingdom,England,Wombwell
United Kingdom,England,Wood Street Village
United Kingdom,England,Woodborough
United Kingdom,England,Woodbridge
United Kingdom,England,Woodbury
United Kingdom,England,Woodchurch
United Kingdom,England,Woodcote
United Kingdom,England,Woodford
United Kingdom,England,Woodford Green
United Kingdom,England,Woodhall Spa
United Kingdom,England,Woodsetts
United Kingdom,England,Woodstock
United Kingdom,England,Wool
United Kingdom,England,Woolavington
United Kingdom,England,Wooler
United Kingdom,England,Woolley
United Kingdom,England,Woolpit
United Kingdom,England,Wootton
United Kingdom,England,Worcester
United Kingdom,England,Worcester Park
United Kingdom,England,Worcestershire
United Kingdom,England,Workington
United Kingdom,England,Worksop
United Kingdom,England,Worlaby
United Kingdom,England,Wormley
United Kingdom,England,Worthing
United Kingdom,England,Worton
United Kingdom,England,Wotton-under-Edge
United Kingdom,England,Wouldham
United Kingdom,England,Wragby
United Kingdom,England,Wrawby
United Kingdom,England,Wrea Green
United Kingdom,England,Wrington
United Kingdom,England,Writtle
United Kingdom,England,Wrotham
United Kingdom,England,Wroughton
United Kingdom,England,Wroxall
United Kingdom,England,Wychbold
United Kingdom,England,Wye
United Kingdom,England,Wylam
United Kingdom,England,Wymeswold
United Kingdom,England,Yalding
United Kingdom,England,Yapton
United Kingdom,England,Yarm
United Kingdom,England,Yarmouth
United Kingdom,England,Yarnton
United Kingdom,England,Yate
United Kingdom,England,Yateley
United Kingdom,England,Yatton
United Kingdom,England,Yaxley
United Kingdom,England,Yeadon
United Kingdom,England,Yealmpton
United Kingdom,England,Yelverton
United Kingdom,England,Yeovil
United Kingdom,England,Yetminster
United Kingdom,England,York
United Kingdom,England,Youlgreave
United Kingdom,England,Yoxall
United Kingdom,Northern Ireland,Ahoghill
United Kingdom,Northern Ireland,Annahilt
United Kingdom,Northern Ireland,Annalong
United Kingdom,Northern Ireland,Antrim
United Kingdom,Northern Ireland,Antrim and Newtownabbey
United Kingdom,Northern Ireland,Ardglass
United Kingdom,Northern Ireland,Ards and North Down
United Kingdom,Northern Ireland,Armagh
United Kingdom,Northern Ireland,Armagh City Banbridge and Craigavon
United Kingdom,Northern Ireland,Ballinamallard
United Kingdom,Northern Ireland,Ballintoy Harbour
United Kingdom,Northern Ireland,Ballycastle
United Kingdom,Northern Ireland,Ballyclare
United Kingdom,Northern Ireland,Ballygowan
United Kingdom,Northern Ireland,Ballykelly
United Kingdom,Northern Ireland,Ballymena
United Kingdom,Northern Ireland,Ballymoney
United Kingdom,Northern Ireland,Ballynahinch
United Kingdom,Northern Ireland,Ballypatrick
United Kingdom,Northern Ireland,Ballywalter
United Kingdom,Northern Ireland,Banbridge
United Kingdom,Northern Ireland,Bangor
United Kingdom,Northern Ireland,Belfast
United Kingdom,Northern Ireland,Bellaghy
United Kingdom,Northern Ireland,Broughshane
United Kingdom,Northern Ireland,Bushmills
United Kingdom,Northern Ireland,Carnlough
United Kingdom,Northern Ireland,Carnmoney
United Kingdom,Northern Ireland,Carrickfergus
United Kingdom,Northern Ireland,Carryduff
United Kingdom,Northern Ireland,Castledawson
United Kingdom,Northern Ireland,Castlederg
United Kingdom,Northern Ireland,Castlereagh
United Kingdom,Northern Ireland,Castlerock
United Kingdom,Northern Ireland,Castlewellan
United Kingdom,Northern Ireland,Causeway Coast and Glens
United Kingdom,Northern Ireland,City of Belfast
United Kingdom,Northern Ireland,Coalisland
United Kingdom,Northern Ireland,Coleraine
United Kingdom,Northern Ireland,Comber
United Kingdom,Northern Ireland,Connor
United Kingdom,Northern Ireland,Cookstown
United Kingdom,Northern Ireland,Craigavon
United Kingdom,Northern Ireland,Crossgar
United Kingdom,Northern Ireland,Crossmaglen
United Kingdom,Northern Ireland,Crumlin
United Kingdom,Northern Ireland,Cullybackey
United Kingdom,Northern Ireland,Culmore
United Kingdom,Northern Ireland,Cushendall
United Kingdom,Northern Ireland,Derry
United Kingdom,Northern Ireland,Derry City and Strabane
United Kingdom,Northern Ireland,Doagh
United Kingdom,Northern Ireland,Donaghadee
United Kingdom,Northern Ireland,Downpatrick
United Kingdom,Northern Ireland,Draperstown
United Kingdom,Northern Ireland,Dromore
United Kingdom,Northern Ireland,Dundonald
United Kingdom,Northern Ireland,Dundrum
United Kingdom,Northern Ireland,Dungannon
United Kingdom,Northern Ireland,Dungiven
United Kingdom,Northern Ireland,Dunloy
United Kingdom,Northern Ireland,Eglinton
United Kingdom,Northern Ireland,Enniskillen
United Kingdom,Northern Ireland,Fermanagh and Omagh
United Kingdom,Northern Ireland,Fintona
United Kingdom,Northern Ireland,Fivemiletown
United Kingdom,Northern Ireland,Garvagh
United Kingdom,Northern Ireland,Gilford
United Kingdom,Northern Ireland,Glenariff
United Kingdom,Northern Ireland,Glenavy
United Kingdom,Northern Ireland,Greenisland
United Kingdom,Northern Ireland,Greyabbey
United Kingdom,Northern Ireland,Hillsborough
United Kingdom,Northern Ireland,Holywood
United Kingdom,Northern Ireland,Irvinestown
United Kingdom,Northern Ireland,Jordanstown
United Kingdom,Northern Ireland,Keady
United Kingdom,Northern Ireland,Kilkeel
United Kingdom,Northern Ireland,Killyleagh
United Kingdom,Northern Ireland,Kilrea
United Kingdom,Northern Ireland,Kircubbin
United Kingdom,Northern Ireland,Larne
United Kingdom,Northern Ireland,Limavady
United Kingdom,Northern Ireland,Lisburn
United Kingdom,Northern Ireland,Lisburn and Castlereagh
United Kingdom,Northern Ireland,Lisnaskea
United Kingdom,Northern Ireland,Londonderry County Borough
United Kingdom,Northern Ireland,Maghera
United Kingdom,Northern Ireland,Magherafelt
United Kingdom,Northern Ireland,Magheralin
United Kingdom,Northern Ireland,Mid and East Antrim
United Kingdom,Northern Ireland,Mid Ulster
United Kingdom,Northern Ireland,Millisle
United Kingdom,Northern Ireland,Moira
United Kingdom,Northern Ireland,Moneymore
United Kingdom,Northern Ireland,Moy
United Kingdom,Northern Ireland,Newcastle
United Kingdom,Northern Ireland,Newry
United Kingdom,Northern Ireland,Newry Mourne and Down
United Kingdom,Northern Ireland,Newtownabbey
United Kingdom,Northern Ireland,Newtownards
United Kingdom,Northern Ireland,Newtownstewart
United Kingdom,Northern Ireland,Omagh
United Kingdom,Northern Ireland,Portadown
United Kingdom,Northern Ireland,Portaferry
United Kingdom,Northern Ireland,Portavogie
United Kingdom,Northern Ireland,Portglenone
United Kingdom,Northern Ireland,Portrush
United Kingdom,Northern Ireland,Portstewart
United Kingdom,Northern Ireland,Randalstown
United Kingdom,Northern Ireland,Rathfriland
United Kingdom,Northern Ireland,Rostrevor
United Kingdom,Northern Ireland,Saintfield
United Kingdom,Northern Ireland,Sion Mills
United Kingdom,Northern Ireland,Strabane
United Kingdom,Northern Ireland,Tandragee
United Kingdom,Northern Ireland,Templepatrick
United Kingdom,Northern Ireland,Waringstown
United Kingdom,Northern Ireland,Warrenpoint
United Kingdom,Northern Ireland,Whitehead
United Kingdom,Scotland,Aberchirder
United Kingdom,Scotland,Aberdeen
United Kingdom,Scotland,Aberdeen City
United Kingdom,Scotland,Aberdeenshire
United Kingdom,Scotland,Aberdour
United Kingdom,Scotland,Aberfeldy
United Kingdom,Scotland,Aberlady
United Kingdom,Scotland,Abernethy
United Kingdom,Scotland,Aboyne
United Kingdom,Scotland,Addiebrownhill
United Kingdom,Scotland,Airdrie
United Kingdom,Scotland,Airth
United Kingdom,Scotland,Alexandria
United Kingdom,Scotland,Alford
United Kingdom,Scotland,Allanton
United Kingdom,Scotland,Alloa
United Kingdom,Scotland,Almondbank
United Kingdom,Scotland,Alness
United Kingdom,Scotland,Alva
United Kingdom,Scotland,Alyth
United Kingdom,Scotland,Angus
United Kingdom,Scotland,Annan
United Kingdom,Scotland,Anstruther
United Kingdom,Scotland,Arbroath
United Kingdom,Scotland,Ardersier
United Kingdom,Scotland,Ardrishaig
United Kingdom,Scotland,Ardrossan
United Kingdom,Scotland,Argyll and Bute
United Kingdom,Scotland,Armadale
United Kingdom,Scotland,Ashgill
United Kingdom,Scotland,Auchinleck
United Kingdom,Scotland,Auchterarder
United Kingdom,Scotland,Auchtermuchty
United Kingdom,Scotland,Aviemore
United Kingdom,Scotland,Ayr
United Kingdom,Scotland,Balerno
United Kingdom,Scotland,Balfron
United Kingdom,Scotland,Balintore
United Kingdom,Scotland,Ballater
United Kingdom,Scotland,Ballingry
United Kingdom,Scotland,Balloch
United Kingdom,Scotland,Balmedie
United Kingdom,Scotland,Balmullo
United Kingdom,Scotland,Banchory
United Kingdom,Scotland,Banff
United Kingdom,Scotland,Bankfoot
United Kingdom,Scotland,Banknock
United Kingdom,Scotland,Bannockburn
United Kingdom,Scotland,Bargeddie
United Kingdom,Scotland,Barra
United Kingdom,Scotland,Barrhead
United Kingdom,Scotland,Bathgate
United Kingdom,Scotland,Bearsden
United Kingdom,Scotland,Beauly
United Kingdom,Scotland,Beith
United Kingdom,Scotland,Bellsbank
United Kingdom,Scotland,Bellshill
United Kingdom,Scotland,Benbecula
United Kingdom,Scotland,Biggar
United Kingdom,Scotland,Bilston
United Kingdom,Scotland,Bishopbriggs
United Kingdom,Scotland,Bishopton
United Kingdom,Scotland,Blackburn
United Kingdom,Scotland,Blackridge
United Kingdom,Scotland,Blackwood
United Kingdom,Scotland,Blairgowrie
United Kingdom,Scotland,Blantyre
United Kingdom,Scotland,Bo’ness
United Kingdom,Scotland,Boddam
United Kingdom,Scotland,Bonhill
United Kingdom,Scotland,Bonnybridge
United Kingdom,Scotland,Bonnyrigg
United Kingdom,Scotland,Bothwell
United Kingdom,Scotland,Brechin
United Kingdom,Scotland,Bridge of Allan
United Kingdom,Scotland,Bridge of Earn
United Kingdom,Scotland,Bridge of Weir
United Kingdom,Scotland,Brightons
United Kingdom,Scotland,Brora
United Kingdom,Scotland,Broxburn
United Kingdom,Scotland,Buckhaven
United Kingdom,Scotland,Buckie
United Kingdom,Scotland,Burghead
United Kingdom,Scotland,Burntisland
United Kingdom,Scotland,Busby
United Kingdom,Scotland,Cairneyhill
United Kingdom,Scotland,Cairnryan
United Kingdom,Scotland,Calderbank
United Kingdom,Scotland,Caldercruix
United Kingdom,Scotland,Callander
United Kingdom,Scotland,Cambuslang
United Kingdom,Scotland,Campbeltown
United Kingdom,Scotland,Caol
United Kingdom,Scotland,Cardenden
United Kingdom,Scotland,Cardross
United Kingdom,Scotland,Carfin
United Kingdom,Scotland,Carluke
United Kingdom,Scotland,Carmunnock
United Kingdom,Scotland,Carnoustie
United Kingdom,Scotland,Carnwath
United Kingdom,Scotland,Carron
United Kingdom,Scotland,Carronshore
United Kingdom,Scotland,Castle Douglas
United Kingdom,Scotland,Catrine
United Kingdom,Scotland,Chapelhall
United Kingdom,Scotland,Charlestown of Aberlour
United Kingdom,Scotland,Chirnside
United Kingdom,Scotland,Chryston
United Kingdom,Scotland,City of Edinburgh
United Kingdom,Scotland,Clackmannan
United Kingdom,Scotland,Clackmannanshire
United Kingdom,Scotland,Clarkston
United Kingdom,Scotland,Cleland
United Kingdom,Scotland,Clydebank
United Kingdom,Scotland,Coalburn
United Kingdom,Scotland,Coaltown of Balgonie
United Kingdom,Scotland,Coatbridge
United Kingdom,Scotland,Cockenzie
United Kingdom,Scotland,Coldstream
United Kingdom,Scotland,Colinton
United Kingdom,Scotland,Comrie
United Kingdom,Scotland,Conon Bridge
United Kingdom,Scotland,Coupar Angus
United Kingdom,Scotland,Cove
United Kingdom,Scotland,Cowdenbeath
United Kingdom,Scotland,Cowie
United Kingdom,Scotland,Coylton
United Kingdom,Scotland,Crail
United Kingdom,Scotland,Crieff
United Kingdom,Scotland,Crossford
United Kingdom,Scotland,Crossgates
United Kingdom,Scotland,Crosshouse
United Kingdom,Scotland,Croy
United Kingdom,Scotland,Cruden Bay
United Kingdom,Scotland,Cullen
United Kingdom,Scotland,Culloden
United Kingdom,Scotland,Cults
United Kingdom,Scotland,Cumbernauld
United Kingdom,Scotland,Cumnock
United Kingdom,Scotland,Cupar
United Kingdom,Scotland,Currie
United Kingdom,Scotland,Dalbeattie
United Kingdom,Scotland,Dalgety Bay
United Kingdom,Scotland,Dalkeith
United Kingdom,Scotland,Dalmellington
United Kingdom,Scotland,Dalry
United Kingdom,Scotland,Dalrymple
United Kingdom,Scotland,Dalserf
United Kingdom,Scotland,Danderhall
United Kingdom,Scotland,Darvel
United Kingdom,Scotland,Denny
United Kingdom,Scotland,Dennyloanhead
United Kingdom,Scotland,Dingwall
United Kingdom,Scotland,Dollar
United Kingdom,Scotland,Dornoch
United Kingdom,Scotland,Douglas
United Kingdom,Scotland,Doune
United Kingdom,Scotland,Dreghorn
United Kingdom,Scotland,Drongan
United Kingdom,Scotland,Drumnadrochit
United Kingdom,Scotland,Dufftown
United Kingdom,Scotland,Dumbarton
United Kingdom,Scotland,Dumfries
United Kingdom,Scotland,Dumfries and Galloway
United Kingdom,Scotland,Dunbar
United Kingdom,Scotland,Dunblane
United Kingdom,Scotland,Dundee
United Kingdom,Scotland,Dundee City
United Kingdom,Scotland,Dundonald
United Kingdom,Scotland,Dunfermline
United Kingdom,Scotland,Dunipace
United Kingdom,Scotland,Dunlop
United Kingdom,Scotland,Dunoon
United Kingdom,Scotland,Duns
United Kingdom,Scotland,Duntocher
United Kingdom,Scotland,Dyce
United Kingdom,Scotland,Eaglesham
United Kingdom,Scotland,Earlston
United Kingdom,Scotland,East Ayrshire
United Kingdom,Scotland,East Calder
United Kingdom,Scotland,East Dunbartonshire
United Kingdom,Scotland,East Kilbride
United Kingdom,Scotland,East Linton
United Kingdom,Scotland,East Lothian
United Kingdom,Scotland,East Renfrewshire
United Kingdom,Scotland,East Wemyss
United Kingdom,Scotland,East Whitburn
United Kingdom,Scotland,Eastriggs
United Kingdom,Scotland,Edinburgh
United Kingdom,Scotland,Eilean Siar
United Kingdom,Scotland,Elderslie
United Kingdom,Scotland,Elgin
United Kingdom,Scotland,Ellon
United Kingdom,Scotland,Errol
United Kingdom,Scotland,Erskine
United Kingdom,Scotland,Evanton
United Kingdom,Scotland,Eyemouth
United Kingdom,Scotland,Faifley
United Kingdom,Scotland,Fairlie
United Kingdom,Scotland,Falkirk
United Kingdom,Scotland,Falkland
United Kingdom,Scotland,Fallin
United Kingdom,Scotland,Fauldhouse
United Kingdom,Scotland,Fenwick
United Kingdom,Scotland,Fife
United Kingdom,Scotland,Findochty
United Kingdom,Scotland,Fochabers
United Kingdom,Scotland,Forfar
United Kingdom,Scotland,Forres
United Kingdom,Scotland,Fort William
United Kingdom,Scotland,Forth
United Kingdom,Scotland,Fortrose
United Kingdom,Scotland,Fraserburgh
United Kingdom,Scotland,Freuchie
United Kingdom,Scotland,Friockheim
United Kingdom,Scotland,Galashiels
United Kingdom,Scotland,Galston
United Kingdom,Scotland,Garelochhead
United Kingdom,Scotland,Gartcosh
United Kingdom,Scotland,Giffnock
United Kingdom,Scotland,Girvan
United Kingdom,Scotland,Glasgow
United Kingdom,Scotland,Glasgow City
United Kingdom,Scotland,Glenboig
United Kingdom,Scotland,Glenmavis
United Kingdom,Scotland,Glenrothes
United Kingdom,Scotland,Golspie
United Kingdom,Scotland,Gorebridge
United Kingdom,Scotland,Gourock
United Kingdom,Scotland,Grangemouth
United Kingdom,Scotland,Grantown on Spey
United Kingdom,Scotland,Greenhill
United Kingdom,Scotland,Greenock
United Kingdom,Scotland,Gretna
United Kingdom,Scotland,Gullane
United Kingdom,Scotland,Haddington
United Kingdom,Scotland,Halkirk
United Kingdom,Scotland,Hallglen
United Kingdom,Scotland,Hamilton
United Kingdom,Scotland,Harthill
United Kingdom,Scotland,Hawick
United Kingdom,Scotland,Head of Muir
United Kingdom,Scotland,Helensburgh
United Kingdom,Scotland,High Blantyre
United Kingdom,Scotland,High Valleyfield
United Kingdom,Scotland,Highland
United Kingdom,Scotland,Hillside
United Kingdom,Scotland,Holytown
United Kingdom,Scotland,Hopeman
United Kingdom,Scotland,Houston
United Kingdom,Scotland,Howwood
United Kingdom,Scotland,Huntly
United Kingdom,Scotland,Inchinnan
United Kingdom,Scotland,Inchture
United Kingdom,Scotland,Innerleithen
United Kingdom,Scotland,Insch
United Kingdom,Scotland,Inverbervie
United Kingdom,Scotland,Inverclyde
United Kingdom,Scotland,Invergordon
United Kingdom,Scotland,Invergowrie
United Kingdom,Scotland,Inverkeithing
United Kingdom,Scotland,Inverkip
United Kingdom,Scotland,Inverness
United Kingdom,Scotland,Inverurie
United Kingdom,Scotland,Irvine
United Kingdom,Scotland,Isle of Arran
United Kingdom,Scotland,Isle of Bute
United Kingdom,Scotland,Isle of Cumbrae
United Kingdom,Scotland,Isle of Islay
United Kingdom,Scotland,Isle of Lewis
United Kingdom,Scotland,Isle Of Mull
United Kingdom,Scotland,Isle of North Uist
United Kingdom,Scotland,Isle of South Uist
United Kingdom,Scotland,Jedburgh
United Kingdom,Scotland,Johnstone
United Kingdom,Scotland,Keith
United Kingdom,Scotland,Kelso
United Kingdom,Scotland,Kelty
United Kingdom,Scotland,Kemnay
United Kingdom,Scotland,Kennoway
United Kingdom,Scotland,Kilbarchan
United Kingdom,Scotland,Kilbirnie
United Kingdom,Scotland,Kilcreggan
United Kingdom,Scotland,Killearn
United Kingdom,Scotland,Kilmacolm
United Kingdom,Scotland,Kilmarnock
United Kingdom,Scotland,Kilmaurs
United Kingdom,Scotland,Kilsyth
United Kingdom,Scotland,Kilwinning
United Kingdom,Scotland,Kincardine
United Kingdom,Scotland,Kinghorn
United Kingdom,Scotland,Kinglassie
United Kingdom,Scotland,Kingskettle
United Kingdom,Scotland,Kingswells
United Kingdom,Scotland,Kingussie
United Kingdom,Scotland,Kinloss
United Kingdom,Scotland,Kinross
United Kingdom,Scotland,Kintore
United Kingdom,Scotland,Kippen
United Kingdom,Scotland,Kirkcaldy
United Kingdom,Scotland,Kirkconnel
United Kingdom,Scotland,Kirkcudbright
United Kingdom,Scotland,Kirkintilloch
United Kingdom,Scotland,Kirkliston
United Kingdom,Scotland,Kirknewton
United Kingdom,Scotland,Kirkwall
United Kingdom,Scotland,Kirriemuir
United Kingdom,Scotland,Ladybank
United Kingdom,Scotland,Lamlash
United Kingdom,Scotland,Lanark
United Kingdom,Scotland,Langholm
United Kingdom,Scotland,Larbert
United Kingdom,Scotland,Largs
United Kingdom,Scotland,Larkhall
United Kingdom,Scotland,Lauder
United Kingdom,Scotland,Laurencekirk
United Kingdom,Scotland,Laurieston
United Kingdom,Scotland,Law
United Kingdom,Scotland,Lennoxtown
United Kingdom,Scotland,Lenzie
United Kingdom,Scotland,Lerwick
United Kingdom,Scotland,Leslie
United Kingdom,Scotland,Lesmahagow
United Kingdom,Scotland,Letham
United Kingdom,Scotland,Leuchars
United Kingdom,Scotland,Leven
United Kingdom,Scotland,Lhanbryde
United Kingdom,Scotland,Limekilns
United Kingdom,Scotland,Linlithgow
United Kingdom,Scotland,Linwood
United Kingdom,Scotland,Livingston
United Kingdom,Scotland,Loanhead
United Kingdom,Scotland,Locharbriggs
United Kingdom,Scotland,Lochgelly
United Kingdom,Scotland,Lochgilphead
United Kingdom,Scotland,Lochmaben
United Kingdom,Scotland,Lochwinnoch
United Kingdom,Scotland,Lockerbie
United Kingdom,Scotland,Logan
United Kingdom,Scotland,Longforgan
United Kingdom,Scotland,Longniddry
United Kingdom,Scotland,Lossiemouth
United Kingdom,Scotland,Luncarty
United Kingdom,Scotland,Lundin Links
United Kingdom,Scotland,Macduff
United Kingdom,Scotland,Macmerry
United Kingdom,Scotland,Maddiston
United Kingdom,Scotland,Markinch
United Kingdom,Scotland,Maryburgh
United Kingdom,Scotland,Mauchline
United Kingdom,Scotland,Maxwellheugh
United Kingdom,Scotland,Maybole
United Kingdom,Scotland,Mayfield
United Kingdom,Scotland,Melrose
United Kingdom,Scotland,Menstrie
United Kingdom,Scotland,Methil
United Kingdom,Scotland,Methven
United Kingdom,Scotland,Mid Calder
United Kingdom,Scotland,Midlothian
United Kingdom,Scotland,Millport
United Kingdom,Scotland,Milltimber
United Kingdom,Scotland,Milnathort
United Kingdom,Scotland,Milngavie
United Kingdom,Scotland,Milton of Campsie
United Kingdom,Scotland,Milton of Leys
United Kingdom,Scotland,Mintlaw
United Kingdom,Scotland,Moffat
United Kingdom,Scotland,Monifieth
United Kingdom,Scotland,Montrose
United Kingdom,Scotland,Moodiesburn
United Kingdom,Scotland,Moray
United Kingdom,Scotland,Mossblown
United Kingdom,Scotland,Motherwell
United Kingdom,Scotland,Muir of Ord
United Kingdom,Scotland,Muirhead
United Kingdom,Scotland,Muirkirk
United Kingdom,Scotland,Musselburgh
United Kingdom,Scotland,Nairn
United Kingdom,Scotland,Neilston
United Kingdom,Scotland,Netherlee
United Kingdom,Scotland,New Cumnock
United Kingdom,Scotland,New Pitsligo
United Kingdom,Scotland,New Stevenston
United Kingdom,Scotland,Newarthill
United Kingdom,Scotland,Newbridge
United Kingdom,Scotland,Newburgh
United Kingdom,Scotland,Newmacher
United Kingdom,Scotland,Newmains
United Kingdom,Scotland,Newmilns
United Kingdom,Scotland,Newport-on-Tay
United Kingdom,Scotland,Newton Mearns
United Kingdom,Scotland,Newton Stewart
United Kingdom,Scotland,Newtonhill
United Kingdom,Scotland,Newtonmore
United Kingdom,Scotland,Newtown St Boswells
United Kingdom,Scotland,North Ayrshire
United Kingdom,Scotland,North Berwick
United Kingdom,Scotland,North Lanarkshire
United Kingdom,Scotland,North Queensferry
United Kingdom,Scotland,Oakley
United Kingdom,Scotland,Oban
United Kingdom,Scotland,Ochiltree
United Kingdom,Scotland,Old Kilpatrick
United Kingdom,Scotland,Oldmeldrum
United Kingdom,Scotland,Orkney
United Kingdom,Scotland,Orkney Islands
United Kingdom,Scotland,Ormiston
United Kingdom,Scotland,Overtown
United Kingdom,Scotland,Paisley
United Kingdom,Scotland,Patna
United Kingdom,Scotland,Peebles
United Kingdom,Scotland,Pencaitland
United Kingdom,Scotland,Penicuik
United Kingdom,Scotland,Perth
United Kingdom,Scotland,Perth and Kinross
United Kingdom,Scotland,Peterculter
United Kingdom,Scotland,Peterhead
United Kingdom,Scotland,Pitlochry
United Kingdom,Scotland,Pitmedden
United Kingdom,Scotland,Pittenweem
United Kingdom,Scotland,Plains
United Kingdom,Scotland,Plean
United Kingdom,Scotland,Polbeth
United Kingdom,Scotland,Polmont
United Kingdom,Scotland,Port Bannatyne
United Kingdom,Scotland,Port Erroll
United Kingdom,Scotland,Port Glasgow
United Kingdom,Scotland,Portknockie
United Kingdom,Scotland,Portlethen
United Kingdom,Scotland,Portree
United Kingdom,Scotland,Portsoy
United Kingdom,Scotland,Prestonpans
United Kingdom,Scotland,Prestwick
United Kingdom,Scotland,Queensferry
United Kingdom,Scotland,Ratho
United Kingdom,Scotland,Ratho Station
United Kingdom,Scotland,Redding
United Kingdom,Scotland,Reddingmuirhead
United Kingdom,Scotland,Renfrew
United Kingdom,Scotland,Renfrewshire
United Kingdom,Scotland,Renton
United Kingdom,Scotland,Rhu
United Kingdom,Scotland,Rosehearty
United Kingdom,Scotland,Rosewell
United Kingdom,Scotland,Roslin
United Kingdom,Scotland,Rosneath
United Kingdom,Scotland,Rosyth
United Kingdom,Scotland,Rothes
United Kingdom,Scotland,Rothesay
United Kingdom,Scotland,Rothienorman
United Kingdom,Scotland,Rutherglen
United Kingdom,Scotland,Saint Andrews
United Kingdom,Scotland,Saint Boswells
United Kingdom,Scotland,Saint Cyrus
United Kingdom,Scotland,Saint Monans
United Kingdom,Scotland,Saline
United Kingdom,Scotland,Salsburgh
United Kingdom,Scotland,Saltcoats
United Kingdom,Scotland,Sandbank
United Kingdom,Scotland,Sandwick
United Kingdom,Scotland,Sanquhar
United Kingdom,Scotland,Scalloway
United Kingdom,Scotland,Scone
United Kingdom,Scotland,Seafield
United Kingdom,Scotland,Selkirk
United Kingdom,Scotland,Shetland Islands
United Kingdom,Scotland,Shieldhill
United Kingdom,Scotland,Shotts
United Kingdom,Scotland,Skelmorlie
United Kingdom,Scotland,Slamannan
United Kingdom,Scotland,Smithton
United Kingdom,Scotland,South Ayrshire
United Kingdom,Scotland,South Lanarkshire
United Kingdom,Scotland,Springside
United Kingdom,Scotland,Stanley
United Kingdom,Scotland,Stenhousemuir
United Kingdom,Scotland,Stepps
United Kingdom,Scotland,Stevenston
United Kingdom,Scotland,Stewarton
United Kingdom,Scotland,Stirling
United Kingdom,Scotland,Stonehaven
United Kingdom,Scotland,Stonehouse
United Kingdom,Scotland,Stoneyburn
United Kingdom,Scotland,Stornoway
United Kingdom,Scotland,Stranraer
United Kingdom,Scotland,Strathaven
United Kingdom,Scotland,Strathblane
United Kingdom,Scotland,Strathpeffer
United Kingdom,Scotland,Stromness
United Kingdom,Scotland,Symington
United Kingdom,Scotland,Tain
United Kingdom,Scotland,Tarbert
United Kingdom,Scotland,Tarbolton
United Kingdom,Scotland,Tayport
United Kingdom,Scotland,The Scottish Borders
United Kingdom,Scotland,Thornhill
United Kingdom,Scotland,Thornliebank
United Kingdom,Scotland,Thornton
United Kingdom,Scotland,Thurso
United Kingdom,Scotland,Tillicoultry
United Kingdom,Scotland,Tobermory
United Kingdom,Scotland,Torphins
United Kingdom,Scotland,Torrance
United Kingdom,Scotland,Townhill
United Kingdom,Scotland,Tranent
United Kingdom,Scotland,Troon
United Kingdom,Scotland,Tullibody
United Kingdom,Scotland,Turriff
United Kingdom,Scotland,Twechar
United Kingdom,Scotland,Tweedbank
United Kingdom,Scotland,Uddingston
United Kingdom,Scotland,Ullapool
United Kingdom,Scotland,Vale of Leven
United Kingdom,Scotland,Viewpark
United Kingdom,Scotland,Waterfoot
United Kingdom,Scotland,Wemyss Bay
United Kingdom,Scotland,West Calder
United Kingdom,Scotland,West Dunbartonshire
United Kingdom,Scotland,West Kilbride
United Kingdom,Scotland,West Linton
United Kingdom,Scotland,West Lothian
United Kingdom,Scotland,Westhill
United Kingdom,Scotland,Westquarter
United Kingdom,Scotland,Whitburn
United Kingdom,Scotland,Whitecraig
United Kingdom,Scotland,Whitehills
United Kingdom,Scotland,Wick
United Kingdom,Scotland,Winchburgh
United Kingdom,Scotland,Windygates
United Kingdom,Scotland,Wishaw
United Kingdom,Wales,Aberaeron
United Kingdom,Wales,Abercanaid
United Kingdom,Wales,Abercarn
United Kingdom,Wales,Abercynon
United Kingdom,Wales,Aberdare
United Kingdom,Wales,Aberfan
United Kingdom,Wales,Abergavenny
United Kingdom,Wales,Abergele
United Kingdom,Wales,Aberkenfig
United Kingdom,Wales,Aberporth
United Kingdom,Wales,Abertillery
United Kingdom,Wales,Abertridwr
United Kingdom,Wales,Aberystwyth
United Kingdom,Wales,Amlwch
United Kingdom,Wales,Ammanford
United Kingdom,Wales,Anglesey
United Kingdom,Wales,Bagillt
United Kingdom,Wales,Bala
United Kingdom,Wales,Bangor
United Kingdom,Wales,Bargoed
United Kingdom,Wales,Barmouth
United Kingdom,Wales,Barry
United Kingdom,Wales,Beaumaris
United Kingdom,Wales,Beddau
United Kingdom,Wales,Bedlinog
United Kingdom,Wales,Bedwas
United Kingdom,Wales,Benllech
United Kingdom,Wales,Bethesda
United Kingdom,Wales,Betws
United Kingdom,Wales,Betws-y-Coed
United Kingdom,Wales,Bishopston
United Kingdom,Wales,Blackwood
United Kingdom,Wales,Blaenau Gwent
United Kingdom,Wales,Blaenau-Ffestiniog
United Kingdom,Wales,Blaenavon
United Kingdom,Wales,Blaengwynfi
United Kingdom,Wales,Bodedern
United Kingdom,Wales,Bodelwyddan
United Kingdom,Wales,Borth
United Kingdom,Wales,Bow Street
United Kingdom,Wales,Brecon
United Kingdom,Wales,Bridgend
United Kingdom,Wales,Bridgend county borough
United Kingdom,Wales,Briton Ferry
United Kingdom,Wales,Broughton
United Kingdom,Wales,Brymbo
United Kingdom,Wales,Bryn
United Kingdom,Wales,Brynamman
United Kingdom,Wales,Brynmawr
United Kingdom,Wales,Brynna
United Kingdom,Wales,Buckley
United Kingdom,Wales,Builth Wells
United Kingdom,Wales,Burry Port
United Kingdom,Wales,Caergwrle
United Kingdom,Wales,Caerleon
United Kingdom,Wales,Caernarfon
United Kingdom,Wales,Caerphilly
United Kingdom,Wales,Caerphilly County Borough
United Kingdom,Wales,Caerwent
United Kingdom,Wales,Caldicot
United Kingdom,Wales,Cardiff
United Kingdom,Wales,Cardigan
United Kingdom,Wales,Carmarthen
United Kingdom,Wales,Carmarthenshire
United Kingdom,Wales,Cefn Cribwr
United Kingdom,Wales,Cemaes Bay
United Kingdom,Wales,Chepstow
United Kingdom,Wales,Chirk
United Kingdom,Wales,City and County of Swansea
United Kingdom,Wales,Clydach
United Kingdom,Wales,Coedpoeth
United Kingdom,Wales,Coity
United Kingdom,Wales,Colwyn Bay
United Kingdom,Wales,Conwy
United Kingdom,Wales,County of Ceredigion
United Kingdom,Wales,County of Flintshire
United Kingdom,Wales,Cowbridge
United Kingdom,Wales,Criccieth
United Kingdom,Wales,Crickhowell
United Kingdom,Wales,Croeserw
United Kingdom,Wales,Crofty
United Kingdom,Wales,Cross Hands
United Kingdom,Wales,Crumlin
United Kingdom,Wales,Crymych
United Kingdom,Wales,Crynant
United Kingdom,Wales,Cwm
United Kingdom,Wales,Cwmafan
United Kingdom,Wales,Cwmbach
United Kingdom,Wales,Cwmbran
United Kingdom,Wales,Deeside
United Kingdom,Wales,Deganwy
United Kingdom,Wales,Deiniolen
United Kingdom,Wales,Denbigh
United Kingdom,Wales,Denbighshire
United Kingdom,Wales,Deri
United Kingdom,Wales,Dinas Powys
United Kingdom,Wales,Dolgellau
United Kingdom,Wales,Dyffryn Ardudwy
United Kingdom,Wales,Dyserth
United Kingdom,Wales,Ebbw Vale
United Kingdom,Wales,Ferndale
United Kingdom,Wales,Fishguard
United Kingdom,Wales,Flint
United Kingdom,Wales,Fochriw
United Kingdom,Wales,Four Crosses
United Kingdom,Wales,Gaerwen
United Kingdom,Wales,Gelligaer
United Kingdom,Wales,Gilfach Goch
United Kingdom,Wales,Gilwern
United Kingdom,Wales,Glanamman
United Kingdom,Wales,Glandwr
United Kingdom,Wales,Glyn-neath
United Kingdom,Wales,Glyncorrwg
United Kingdom,Wales,Goodwick
United Kingdom,Wales,Gorseinon
United Kingdom,Wales,Govilon
United Kingdom,Wales,Greenfield
United Kingdom,Wales,Gresford
United Kingdom,Wales,Gronant
United Kingdom,Wales,Grovesend
United Kingdom,Wales,Guilsfield
United Kingdom,Wales,Gwynedd
United Kingdom,Wales,Harlech
United Kingdom,Wales,Haverfordwest
United Kingdom,Wales,Hawarden
United Kingdom,Wales,Hay
United Kingdom,Wales,Hengoed
United Kingdom,Wales,Henllan
United Kingdom,Wales,Hirwaun
United Kingdom,Wales,Holyhead
United Kingdom,Wales,Holywell
United Kingdom,Wales,Hook
United Kingdom,Wales,Hope
United Kingdom,Wales,Hundleton
United Kingdom,Wales,Johnston
United Kingdom,Wales,Kidwelly
United Kingdom,Wales,Kilgetty
United Kingdom,Wales,Knighton
United Kingdom,Wales,Lampeter
United Kingdom,Wales,Leeswood
United Kingdom,Wales,Letterston
United Kingdom,Wales,Llanarth
United Kingdom,Wales,Llanbedr
United Kingdom,Wales,Llanberis
United Kingdom,Wales,Llanbradach
United Kingdom,Wales,Llandeilo
United Kingdom,Wales,Llandovery
United Kingdom,Wales,Llandrindod Wells
United Kingdom,Wales,Llandudno
United Kingdom,Wales,Llandybie
United Kingdom,Wales,Llandysul
United Kingdom,Wales,Llanelli
United Kingdom,Wales,Llanerchymedd
United Kingdom,Wales,Llanfair Caereinion
United Kingdom,Wales,Llanfairfechan
United Kingdom,Wales,Llanfairpwllgwyngyll
United Kingdom,Wales,Llanfyllin
United Kingdom,Wales,Llangefni
United Kingdom,Wales,Llangoed
United Kingdom,Wales,Llangollen
United Kingdom,Wales,Llangwm
United Kingdom,Wales,Llangybi
United Kingdom,Wales,Llangynidr
United Kingdom,Wales,Llanharan
United Kingdom,Wales,Llanharry
United Kingdom,Wales,Llanidloes
United Kingdom,Wales,Llanilar
United Kingdom,Wales,Llanrhaeadr-ym-Mochnant
United Kingdom,Wales,Llanrug
United Kingdom,Wales,Llanrwst
United Kingdom,Wales,Llansantffraid Glan Conwy
United Kingdom,Wales,Llansteffan
United Kingdom,Wales,Llantrisant
United Kingdom,Wales,Llantwit Fardre
United Kingdom,Wales,Llantwit Major
United Kingdom,Wales,Llwynypia
United Kingdom,Wales,Machen
United Kingdom,Wales,Machynlleth
United Kingdom,Wales,Maesteg
United Kingdom,Wales,Magor
United Kingdom,Wales,Marchwiel
United Kingdom,Wales,Marshfield
United Kingdom,Wales,Menai Bridge
United Kingdom,Wales,Merthyr Tydfil
United Kingdom,Wales,Merthyr Tydfil County Borough
United Kingdom,Wales,Milford Haven
United Kingdom,Wales,Moelfre
United Kingdom,Wales,Mold
United Kingdom,Wales,Monmouth
United Kingdom,Wales,Monmouthshire
United Kingdom,Wales,Mostyn
United Kingdom,Wales,Mountain Ash
United Kingdom,Wales,Narberth
United Kingdom,Wales,Neath
United Kingdom,Wales,Neath Port Talbot
United Kingdom,Wales,Nefyn
United Kingdom,Wales,Nelson
United Kingdom,Wales,New Quay
United Kingdom,Wales,New Tredegar
United Kingdom,Wales,Newbridge
United Kingdom,Wales,Newcastle Emlyn
United Kingdom,Wales,Newport
United Kingdom,Wales,Newtown
United Kingdom,Wales,Neyland
United Kingdom,Wales,Northop
United Kingdom,Wales,Ogmore Vale
United Kingdom,Wales,Overton
United Kingdom,Wales,Pembroke
United Kingdom,Wales,Pembroke Dock
United Kingdom,Wales,Pembrokeshire
United Kingdom,Wales,Pen-clawdd
United Kingdom,Wales,Penally
United Kingdom,Wales,Penarth
United Kingdom,Wales,Pencader
United Kingdom,Wales,Pencoed
United Kingdom,Wales,Penmaenmawr
United Kingdom,Wales,Penparcau
United Kingdom,Wales,Penrhyndeudraeth
United Kingdom,Wales,Pentre
United Kingdom,Wales,Pentyrch
United Kingdom,Wales,Penyffordd
United Kingdom,Wales,Penygroes
United Kingdom,Wales,Pont Rhyd-y-cyff
United Kingdom,Wales,Pontarddulais
United Kingdom,Wales,Pontlliw
United Kingdom,Wales,Pontyates
United Kingdom,Wales,Pontyberem
United Kingdom,Wales,Pontyclun
United Kingdom,Wales,Pontycymer
United Kingdom,Wales,Pontypool
United Kingdom,Wales,Pontypridd
United Kingdom,Wales,Port Talbot
United Kingdom,Wales,Porthcawl
United Kingdom,Wales,Porthmadog
United Kingdom,Wales,Prestatyn
United Kingdom,Wales,Presteigne
United Kingdom,Wales,Price Town
United Kingdom,Wales,Pwllheli
United Kingdom,Wales,Pyle
United Kingdom,Wales,Radyr
United Kingdom,Wales,Raglan
United Kingdom,Wales,Resolven
United Kingdom,Wales,Rhayader
United Kingdom,Wales,Rhondda
United Kingdom,Wales,Rhondda Cynon Taf
United Kingdom,Wales,Rhoose
United Kingdom,Wales,Rhosllanerchrugog
United Kingdom,Wales,Rhosneigr
United Kingdom,Wales,Rhuddlan
United Kingdom,Wales,Rhyl
United Kingdom,Wales,Rhymney
United Kingdom,Wales,Risca
United Kingdom,Wales,Rogiet
United Kingdom,Wales,Rossett
United Kingdom,Wales,Ruabon
United Kingdom,Wales,Ruthin
United Kingdom,Wales,Saint Asaph
United Kingdom,Wales,Saint Clears
United Kingdom,Wales,Saint Davids
United Kingdom,Wales,Saundersfoot
United Kingdom,Wales,Seven Sisters
United Kingdom,Wales,Sir Powys
United Kingdom,Wales,Southgate
United Kingdom,Wales,Spittal
United Kingdom,Wales,Steynton
United Kingdom,Wales,Swansea
United Kingdom,Wales,Taibach
United Kingdom,Wales,Tal-y-bont
United Kingdom,Wales,Talgarth
United Kingdom,Wales,Talysarn
United Kingdom,Wales,Templeton
United Kingdom,Wales,Tenby
United Kingdom,Wales,Three Crosses
United Kingdom,Wales,Tintern
United Kingdom,Wales,Tonypandy
United Kingdom,Wales,Tonyrefail
United Kingdom,Wales,Torfaen County Borough
United Kingdom,Wales,Trawsfynydd
United Kingdom,Wales,Tredegar
United Kingdom,Wales,Trefnant
United Kingdom,Wales,Tregaron
United Kingdom,Wales,Tregarth
United Kingdom,Wales,Treharris
United Kingdom,Wales,Treorchy
United Kingdom,Wales,Treuddyn
United Kingdom,Wales,Trimsaran
United Kingdom,Wales,Tumble
United Kingdom,Wales,Tycroes
United Kingdom,Wales,Tywyn
United Kingdom,Wales,Undy
United Kingdom,Wales,Usk
United Kingdom,Wales,Vale of Glamorgan
United Kingdom,Wales,Valley
United Kingdom,Wales,Victoria
United Kingdom,Wales,Welshpool
United Kingdom,Wales,Wenvoe
United Kingdom,Wales,Whitland
United Kingdom,Wales,Wick
United Kingdom,Wales,Wrexham
United Kingdom,Wales,Y Felinheli
United Kingdom,Wales,Ynysybwl
United Kingdom,Wales,Ystalyfera
